<?xml version="1.0" encoding="utf-8"?>
<COLLADA xmlns="http://www.collada.org/2005/11/COLLADASchema" version="1.4.1">
  <asset>
    <contributor>
      <author>Mixamo</author>
      <authoring_tool>COLLADA Mixamo exporter</authoring_tool>
      <comments/>
    </contributor>
    <created>2025-03-11T14:44:10Z</created>
    <modified>2025-03-11T14:44:10Z</modified>
    <revision/>
    <title/>
    <unit meter="0.010000"/>
    <up_axis>Y_UP</up_axis>
  </asset>
  <library_animations>
    <animation id="mixamorig_Hips-anim" name="mixamorig_Hips">
      <source id="mixamorig_Hips-Matrix-animation-input">
        <float_array id="mixamorig_Hips-Matrix-animation-input-array" count="64">

0.000000 0.033333 0.066667 0.100000 0.133333 0.166667 0.200000 0.233333 0.266667 0.300000 0.333333 0.366667 0.400000 0.433333 0.466667 0.500000
0.533333 0.566667 0.600000 0.633333 0.666667 0.700000 0.733333 0.766667 0.800000 0.833333 0.866667 0.900000 0.933333 0.966667 1.000000 1.033333
1.066667 1.100000 1.133333 1.166667 1.200000 1.233333 1.266667 1.300000 1.333333 1.366667 1.400000 1.433333 1.466667 1.500000 1.533333 1.566667
1.600000 1.633333 1.666667 1.700000 1.733333 1.766667 1.800000 1.833333 1.866667 1.900000 1.933333 1.966667 2.000000 2.033333 2.066667 2.100000</float_array>
        <technique_common>
          <accessor source="#mixamorig_Hips-Matrix-animation-input-array" count="64">
            <param name="TIME" type="float"/>
          </accessor>
        </technique_common>
      </source>
      <source id="mixamorig_Hips-Matrix-animation-output-transform">
        <float_array id="mixamorig_Hips-Matrix-animation-output-transform-array" count="1024">

0.762041 0.089314 -0.641339 -0.037013 0.076678 0.971026 0.226336 40.317547 0.642972 -0.221654 0.733114 -0.023317 0.000000 0.000000 0.000000 1.000000
0.762103 0.089802 -0.641198 -0.035583 0.076537 0.970895 0.226946 40.316730 0.642916 -0.222032 0.733049 -0.024458 0.000000 0.000000 0.000000 1.000000
0.762167 0.090311 -0.641051 -0.033309 0.076401 0.970754 0.227596 40.315369 0.642857 -0.222443 0.732976 -0.026448 0.000000 0.000000 0.000000 1.000000
0.762223 0.090849 -0.640908 -0.030076 0.076270 0.970601 0.228291 40.313545 0.642806 -0.222891 0.732885 -0.029293 0.000000 0.000000 0.000000 1.000000
0.762269 0.091415 -0.640773 -0.025967 0.076145 0.970437 0.229030 40.311131 0.642766 -0.223374 0.732773 -0.032950 0.000000 0.000000 0.000000 1.000000
0.762313 0.092003 -0.640636 -0.021004 0.076025 0.970263 0.229805 40.308205 0.642728 -0.223888 0.732649 -0.037312 0.000000 0.000000 0.000000 1.000000
0.762362 0.092610 -0.640489 -0.015324 0.075905 0.970080 0.230615 40.305016 0.642683 -0.224429 0.732523 -0.042534 0.000000 0.000000 0.000000 1.000000
0.762421 0.093228 -0.640330 -0.008890 0.075796 0.969888 0.231458 40.301369 0.642626 -0.225003 0.732397 -0.048445 0.000000 0.000000 0.000000 1.000000
0.762484 0.093866 -0.640162 -0.001798 0.075685 0.969688 0.232330 40.297508 0.642565 -0.225599 0.732268 -0.055017 0.000000 0.000000 0.000000 1.000000
0.762552 0.094513 -0.639986 0.005918 0.075581 0.969480 0.233228 40.293243 0.642497 -0.226219 0.732135 -0.062129 0.000000 0.000000 0.000000 1.000000
0.762623 0.095173 -0.639803 0.014247 0.075479 0.969266 0.234150 40.288704 0.642424 -0.226859 0.732002 -0.069760 0.000000 0.000000 0.000000 1.000000
0.762700 0.095839 -0.639612 0.023044 0.075383 0.969046 0.235091 40.283924 0.642345 -0.227520 0.731866 -0.077905 0.000000 0.000000 0.000000 1.000000
0.762780 0.096514 -0.639416 0.032334 0.075289 0.968820 0.236049 40.278881 0.642261 -0.228195 0.731730 -0.086455 0.000000 0.000000 0.000000 1.000000
0.762862 0.097193 -0.639214 0.042033 0.075200 0.968590 0.237020 40.273659 0.642173 -0.228883 0.731592 -0.095447 0.000000 0.000000 0.000000 1.000000
0.762948 0.097872 -0.639008 0.052096 0.075116 0.968356 0.238001 40.268211 0.642081 -0.229582 0.731454 -0.104813 0.000000 0.000000 0.000000 1.000000
0.763037 0.098558 -0.638797 0.062540 0.075031 0.968118 0.238992 40.262653 0.641986 -0.230289 0.731315 -0.114545 0.000000 0.000000 0.000000 1.000000
0.763127 0.099245 -0.638582 0.073332 0.074953 0.967877 0.239993 40.256889 0.641887 -0.231009 0.731174 -0.124590 0.000000 0.000000 0.000000 1.000000
0.763219 0.099923 -0.638366 0.084208 0.074880 0.967635 0.240988 40.251011 0.641786 -0.231728 0.731036 -0.134738 0.000000 0.000000 0.000000 1.000000
0.763310 0.100585 -0.638154 0.095021 0.074810 0.967397 0.241962 40.245190 0.641687 -0.232432 0.730899 -0.144816 0.000000 0.000000 0.000000 1.000000
0.763403 0.101251 -0.637938 0.106143 0.074741 0.967157 0.242944 40.239250 0.641584 -0.233145 0.730762 -0.155162 0.000000 0.000000 0.000000 1.000000
0.763507 0.101975 -0.637697 0.118559 0.074673 0.966891 0.244021 40.232605 0.641468 -0.233931 0.730613 -0.166717 0.000000 0.000000 0.000000 1.000000
0.763626 0.102795 -0.637424 0.132876 0.074595 0.966588 0.245242 40.224991 0.641336 -0.234821 0.730444 -0.180055 0.000000 0.000000 0.000000 1.000000
0.763754 0.103660 -0.637130 0.148221 0.074519 0.966264 0.246538 40.216709 0.641192 -0.235773 0.730263 -0.194401 0.000000 0.000000 0.000000 1.000000
0.763881 0.104507 -0.636839 0.163537 0.074446 0.965944 0.247811 40.208485 0.641048 -0.236708 0.730086 -0.208680 0.000000 0.000000 0.000000 1.000000
0.764003 0.105308 -0.636561 0.178305 0.074382 0.965638 0.249021 40.200520 0.640911 -0.237601 0.729917 -0.222445 0.000000 0.000000 0.000000 1.000000
0.764118 0.106068 -0.636296 0.192537 0.074323 0.965344 0.250173 40.192890 0.640780 -0.238453 0.729754 -0.235749 0.000000 0.000000 0.000000 1.000000
0.764230 0.106790 -0.636041 0.206228 0.074271 0.965063 0.251272 40.185471 0.640653 -0.239269 0.729599 -0.248575 0.000000 0.000000 0.000000 1.000000
0.764340 0.107469 -0.635794 0.219285 0.074222 0.964796 0.252308 40.178478 0.640527 -0.240039 0.729456 -0.260818 0.000000 0.000000 0.000000 1.000000
0.764449 0.108094 -0.635557 0.231568 0.074179 0.964547 0.253270 40.171906 0.640402 -0.240757 0.729329 -0.272257 0.000000 0.000000 0.000000 1.000000
0.764551 0.108664 -0.635338 0.242911 0.074141 0.964319 0.254149 40.165833 0.640286 -0.241415 0.729214 -0.282850 0.000000 0.000000 0.000000 1.000000
0.764641 0.109175 -0.635141 0.253159 0.074107 0.964113 0.254939 40.160366 0.640181 -0.242006 0.729110 -0.292396 0.000000 0.000000 0.000000 1.000000
0.764721 0.109622 -0.634968 0.262203 0.074080 0.963931 0.255633 40.155491 0.640089 -0.242527 0.729018 -0.300841 0.000000 0.000000 0.000000 1.000000
0.764789 0.110001 -0.634821 0.269949 0.074059 0.963776 0.256224 40.151321 0.640010 -0.242972 0.728939 -0.308046 0.000000 0.000000 0.000000 1.000000
0.764844 0.110309 -0.634701 0.276287 0.074041 0.963650 0.256703 40.147896 0.639946 -0.243332 0.728875 -0.313948 0.000000 0.000000 0.000000 1.000000
0.764886 0.110537 -0.634611 0.281064 0.074027 0.963557 0.257057 40.145279 0.639898 -0.243598 0.728828 -0.318391 0.000000 0.000000 0.000000 1.000000
0.764913 0.110679 -0.634554 0.284112 0.074018 0.963499 0.257278 40.143600 0.639867 -0.243764 0.728800 -0.321239 0.000000 0.000000 0.000000 1.000000
0.764923 0.110735 -0.634532 0.285382 0.074015 0.963476 0.257364 40.142899 0.639856 -0.243828 0.728788 -0.322369 0.000000 0.000000 0.000000 1.000000
0.764916 0.110693 -0.634548 0.284763 0.074022 0.963491 0.257305 40.143234 0.639863 -0.243788 0.728796 -0.321787 0.000000 0.000000 0.000000 1.000000
0.764892 0.110535 -0.634604 0.282233 0.074045 0.963550 0.257077 40.144535 0.639889 -0.243626 0.728827 -0.319452 0.000000 0.000000 0.000000 1.000000
0.764846 0.110259 -0.634707 0.277976 0.074078 0.963656 0.256669 40.146912 0.639940 -0.243330 0.728881 -0.315456 0.000000 0.000000 0.000000 1.000000
0.764786 0.109862 -0.634849 0.271976 0.074130 0.963806 0.256091 40.150101 0.640006 -0.242916 0.728961 -0.309855 0.000000 0.000000 0.000000 1.000000
0.764713 0.109363 -0.635022 0.264451 0.074192 0.963994 0.255363 40.154259 0.640085 -0.242393 0.729066 -0.302806 0.000000 0.000000 0.000000 1.000000
0.764635 0.108770 -0.635218 0.255492 0.074267 0.964216 0.254503 40.159203 0.640170 -0.241778 0.729196 -0.294423 0.000000 0.000000 0.000000 1.000000
0.764551 0.108103 -0.635433 0.245447 0.074350 0.964464 0.253536 40.164787 0.640261 -0.241086 0.729345 -0.285032 0.000000 0.000000 0.000000 1.000000
0.764458 0.107367 -0.635670 0.234376 0.074441 0.964737 0.252471 40.170914 0.640361 -0.240323 0.729509 -0.274761 0.000000 0.000000 0.000000 1.000000
0.764353 0.106532 -0.635937 0.221836 0.074545 0.965044 0.251262 40.177822 0.640475 -0.239459 0.729693 -0.263139 0.000000 0.000000 0.000000 1.000000
0.764228 0.105548 -0.636251 0.207126 0.074669 0.965404 0.249839 40.185932 0.640609 -0.238442 0.729908 -0.249504 0.000000 0.000000 0.000000 1.000000
0.764085 0.104415 -0.636609 0.190136 0.074811 0.965815 0.248202 40.195286 0.640763 -0.237272 0.730154 -0.233746 0.000000 0.000000 0.000000 1.000000
0.763930 0.103195 -0.636994 0.171779 0.074962 0.966256 0.246436 40.205368 0.640930 -0.236010 0.730417 -0.216736 0.000000 0.000000 0.000000 1.000000
0.763771 0.101936 -0.637388 0.152865 0.075119 0.966706 0.244617 40.215714 0.641101 -0.234711 0.730684 -0.199177 0.000000 0.000000 0.000000 1.000000
0.763609 0.100663 -0.637784 0.133743 0.075275 0.967158 0.242775 40.226189 0.641276 -0.233395 0.730953 -0.181424 0.000000 0.000000 0.000000 1.000000
0.763446 0.099381 -0.638180 0.114518 0.075433 0.967609 0.240922 40.236675 0.641452 -0.232071 0.731220 -0.163629 0.000000 0.000000 0.000000 1.000000
0.763283 0.098102 -0.638572 0.095339 0.075593 0.968054 0.239076 40.247070 0.641626 -0.230754 0.731483 -0.145898 0.000000 0.000000 0.000000 1.000000
0.763123 0.096847 -0.638955 0.076534 0.075749 0.968487 0.237264 40.257263 0.641798 -0.229461 0.731739 -0.128455 0.000000 0.000000 0.000000 1.000000
0.762967 0.095635 -0.639324 0.058287 0.075897 0.968903 0.235512 40.267097 0.641967 -0.228211 0.731983 -0.111570 0.000000 0.000000 0.000000 1.000000
0.762819 0.094480 -0.639672 0.040954 0.076038 0.969296 0.233843 40.276466 0.642126 -0.227020 0.732213 -0.095481 0.000000 0.000000 0.000000 1.000000
0.762683 0.093396 -0.639994 0.024763 0.076172 0.969661 0.232281 40.285194 0.642271 -0.225907 0.732430 -0.080508 0.000000 0.000000 0.000000 1.000000
0.762555 0.092406 -0.640290 0.009869 0.076294 0.969993 0.230852 40.293125 0.642409 -0.224887 0.732623 -0.066775 0.000000 0.000000 0.000000 1.000000
0.762424 0.091531 -0.640572 -0.003302 0.076399 0.970288 0.229576 40.300217 0.642552 -0.223973 0.732778 -0.054459 0.000000 0.000000 0.000000 1.000000
0.762291 0.090774 -0.640837 -0.014849 0.076495 0.970541 0.228469 40.306133 0.642698 -0.223181 0.732891 -0.043792 0.000000 0.000000 0.000000 1.000000
0.762169 0.090158 -0.641069 -0.024300 0.076572 0.970749 0.227560 40.310921 0.642834 -0.222527 0.732971 -0.035013 0.000000 0.000000 0.000000 1.000000
0.762077 0.089708 -0.641241 -0.031175 0.076630 0.970899 0.226897 40.314423 0.642936 -0.222051 0.733026 -0.028584 0.000000 0.000000 0.000000 1.000000
0.762030 0.089452 -0.641334 -0.035280 0.076660 0.970986 0.226518 40.316479 0.642989 -0.221778 0.733062 -0.024761 0.000000 0.000000 0.000000 1.000000
0.762041 0.089316 -0.641339 -0.036946 0.076675 0.971027 0.226336 40.317543 0.642973 -0.221652 0.733114 -0.023290 0.000000 0.000000 0.000000 1.000000</float_array>
        <technique_common>
          <accessor source="#mixamorig_Hips-Matrix-animation-output-transform-array" count="64" stride="16">
            <param type="float4x4"/>
          </accessor>
        </technique_common>
      </source>
      <source id="mixamorig_Hips-Interpolations">
        <Name_array id="mixamorig_Hips-Interpolations-array" count="64">
 LINEAR LINEAR LINEAR LINEAR LINEAR LINEAR LINEAR LINEAR LINEAR LINEAR LINEAR
LINEAR LINEAR LINEAR LINEAR LINEAR LINEAR LINEAR LINEAR LINEAR LINEAR LINEAR LINEAR
LINEAR LINEAR LINEAR LINEAR LINEAR LINEAR LINEAR LINEAR LINEAR LINEAR LINEAR LINEAR
LINEAR LINEAR LINEAR LINEAR LINEAR LINEAR LINEAR LINEAR LINEAR LINEAR LINEAR LINEAR
LINEAR LINEAR LINEAR LINEAR LINEAR LINEAR LINEAR LINEAR LINEAR LINEAR LINEAR LINEAR
LINEAR LINEAR LINEAR LINEAR LINEAR</Name_array>
        <technique_common>
          <accessor source="#mixamorig_Hips-Interpolations-array" count="64">
            <param type="name"/>
          </accessor>
        </technique_common>
      </source>
      <sampler id="mixamorig_Hips-Matrix-animation-transform">
        <input semantic="INPUT" source="#mixamorig_Hips-Matrix-animation-input"/>
        <input semantic="OUTPUT" source="#mixamorig_Hips-Matrix-animation-output-transform"/>
        <input semantic="INTERPOLATION" source="#mixamorig_Hips-Interpolations"/>
      </sampler>
      <channel source="#mixamorig_Hips-Matrix-animation-transform" target="mixamorig_Hips/matrix"/>
    </animation>
    <animation id="mixamorig_Spine-anim" name="mixamorig_Spine">
      <source id="mixamorig_Spine-Matrix-animation-input">
        <float_array id="mixamorig_Spine-Matrix-animation-input-array" count="64">

0.000000 0.033333 0.066667 0.100000 0.133333 0.166667 0.200000 0.233333 0.266667 0.300000 0.333333 0.366667 0.400000 0.433333 0.466667 0.500000
0.533333 0.566667 0.600000 0.633333 0.666667 0.700000 0.733333 0.766667 0.800000 0.833333 0.866667 0.900000 0.933333 0.966667 1.000000 1.033333
1.066667 1.100000 1.133333 1.166667 1.200000 1.233333 1.266667 1.300000 1.333333 1.366667 1.400000 1.433333 1.466667 1.500000 1.533333 1.566667
1.600000 1.633333 1.666667 1.700000 1.733333 1.766667 1.800000 1.833333 1.866667 1.900000 1.933333 1.966667 2.000000 2.033333 2.066667 2.100000</float_array>
        <technique_common>
          <accessor source="#mixamorig_Spine-Matrix-animation-input-array" count="64">
            <param name="TIME" type="float"/>
          </accessor>
        </technique_common>
      </source>
      <source id="mixamorig_Spine-Matrix-animation-output-transform">
        <float_array id="mixamorig_Spine-Matrix-animation-output-transform-array" count="1024">

0.996671 0.074354 0.033438 0.000000 -0.062057 0.957900 -0.280316 7.722000 -0.052873 0.277307 0.959325 1.166200 0.000000 0.000000 0.000000 1.000000
0.996676 0.074322 0.033365 -0.000000 -0.062034 0.957836 -0.280539 7.722000 -0.052809 0.277537 0.959262 1.166200 0.000000 0.000000 0.000000 1.000000
0.996679 0.074304 0.033302 -0.000000 -0.062019 0.957754 -0.280822 7.722000 -0.052762 0.277824 0.959182 1.166200 0.000000 0.000000 0.000000 1.000000
0.996681 0.074314 0.033241 0.000000 -0.062024 0.957640 -0.281209 7.722000 -0.052730 0.278213 0.959071 1.166200 0.000000 0.000000 0.000000 1.000000
0.996679 0.074361 0.033199 -0.000000 -0.062052 0.957482 -0.281741 7.722000 -0.052738 0.278745 0.958916 1.166200 0.000000 0.000000 0.000000 1.000000
0.996675 0.074431 0.033156 0.000000 -0.062098 0.957299 -0.282352 7.722000 -0.052756 0.279354 0.958738 1.166200 0.000000 0.000000 0.000000 1.000000
0.996670 0.074519 0.033111 0.000000 -0.062157 0.957093 -0.283036 7.722000 -0.052782 0.280036 0.958538 1.166200 0.000000 0.000000 0.000000 1.000000
0.996662 0.074640 0.033073 0.000000 -0.062240 0.956854 -0.283823 7.722000 -0.052831 0.280817 0.958306 1.166200 0.000000 0.000000 0.000000 1.000000
0.996654 0.074769 0.033031 -0.000000 -0.062329 0.956597 -0.284670 7.722000 -0.052882 0.281658 0.958056 1.166200 0.000000 0.000000 0.000000 1.000000
0.996637 0.074942 0.033135 0.000000 -0.062415 0.956318 -0.285588 7.722000 -0.053090 0.282560 0.957779 1.166200 0.000000 0.000000 0.000000 1.000000
0.996620 0.075130 0.033242 0.000000 -0.062511 0.956018 -0.286570 7.722000 -0.053309 0.283523 0.957482 1.166200 0.000000 0.000000 0.000000 1.000000
0.996600 0.075342 0.033359 0.000000 -0.062623 0.955700 -0.287604 7.722000 -0.053549 0.284537 0.957168 1.166200 0.000000 0.000000 0.000000 1.000000
0.996577 0.075579 0.033485 0.000000 -0.062754 0.955369 -0.288671 7.722000 -0.053808 0.285582 0.956842 1.166200 0.000000 0.000000 0.000000 1.000000
0.996545 0.075950 0.033598 0.000000 -0.063015 0.955014 -0.289790 7.722000 -0.054096 0.286672 0.956500 1.166200 0.000000 0.000000 0.000000 1.000000
0.996512 0.076345 0.033705 0.000000 -0.063296 0.954642 -0.290951 7.722000 -0.054389 0.287803 0.956144 1.166200 0.000000 0.000000 0.000000 1.000000
0.996476 0.076750 0.033827 0.000000 -0.063581 0.954259 -0.292142 7.722000 -0.054701 0.288961 0.955777 1.166200 0.000000 0.000000 0.000000 1.000000
0.996440 0.077172 0.033951 0.000000 -0.063880 0.953870 -0.293345 7.722000 -0.055023 0.290131 0.955404 1.166200 0.000000 0.000000 0.000000 1.000000
0.996401 0.077610 0.034079 -0.000000 -0.064191 0.953469 -0.294579 7.722000 -0.055355 0.291332 0.955019 1.166200 0.000000 0.000000 0.000000 1.000000
0.996361 0.078055 0.034224 0.000000 -0.064501 0.953061 -0.295830 7.722000 -0.055708 0.292546 0.954627 1.166200 0.000000 0.000000 0.000000 1.000000
0.996321 0.078507 0.034370 -0.000000 -0.064817 0.952652 -0.297075 7.722000 -0.056065 0.293754 0.954235 1.166200 0.000000 0.000000 0.000000 1.000000
0.996273 0.079030 0.034556 0.000000 -0.065178 0.952178 -0.298512 7.722000 -0.056495 0.295148 0.953780 1.166200 0.000000 0.000000 0.000000 1.000000
0.996218 0.079630 0.034777 0.000000 -0.065588 0.951634 -0.300151 7.722000 -0.056996 0.296735 0.953258 1.166200 0.000000 0.000000 0.000000 1.000000
0.996156 0.080286 0.035024 0.000000 -0.066036 0.951045 -0.301916 7.722000 -0.057549 0.298443 0.952691 1.166200 0.000000 0.000000 0.000000 1.000000
0.996093 0.080948 0.035295 0.000000 -0.066478 0.950449 -0.303689 7.722000 -0.058129 0.300156 0.952117 1.166200 0.000000 0.000000 0.000000 1.000000
0.996030 0.081599 0.035573 -0.000000 -0.066908 0.949861 -0.305429 7.722000 -0.058712 0.301836 0.951550 1.166200 0.000000 0.000000 0.000000 1.000000
0.995968 0.082231 0.035855 -0.000000 -0.067322 0.949295 -0.307094 7.722000 -0.059289 0.303442 0.951003 1.166200 0.000000 0.000000 0.000000 1.000000
0.995906 0.082849 0.036161 0.000000 -0.067715 0.948738 -0.308723 7.722000 -0.059884 0.305011 0.950464 1.166200 0.000000 0.000000 0.000000 1.000000
0.995846 0.083443 0.036450 0.000000 -0.068094 0.948201 -0.310288 7.722000 -0.060454 0.306516 0.949944 1.166200 0.000000 0.000000 0.000000 1.000000
0.995787 0.084012 0.036741 0.000000 -0.068450 0.947686 -0.311779 7.722000 -0.061012 0.307950 0.949444 1.166200 0.000000 0.000000 0.000000 1.000000
0.995733 0.084540 0.037008 0.000000 -0.068782 0.947214 -0.313136 7.722000 -0.061527 0.309254 0.948987 1.166200 0.000000 0.000000 0.000000 1.000000
0.995680 0.085038 0.037292 0.000000 -0.069085 0.946769 -0.314412 7.722000 -0.062043 0.310477 0.948554 1.166200 0.000000 0.000000 0.000000 1.000000
0.995632 0.085485 0.037552 -0.000000 -0.069354 0.946371 -0.315550 7.722000 -0.062513 0.311567 0.948166 1.166200 0.000000 0.000000 0.000000 1.000000
0.995588 0.085880 0.037813 0.000000 -0.069579 0.946010 -0.316582 7.722000 -0.062959 0.312554 0.947811 1.166200 0.000000 0.000000 0.000000 1.000000
0.995551 0.086194 0.038059 -0.000000 -0.069744 0.945717 -0.317419 7.722000 -0.063353 0.313352 0.947521 1.166200 0.000000 0.000000 0.000000 1.000000
0.995519 0.086459 0.038293 0.000000 -0.069875 0.945470 -0.318124 7.722000 -0.063709 0.314023 0.947275 1.166200 0.000000 0.000000 0.000000 1.000000
0.995494 0.086666 0.038491 0.000000 -0.069974 0.945287 -0.318648 7.722000 -0.064001 0.314519 0.947091 1.166200 0.000000 0.000000 0.000000 1.000000
0.995475 0.086806 0.038650 0.000000 -0.070035 0.945172 -0.318976 7.722000 -0.064219 0.314825 0.946975 1.166200 0.000000 0.000000 0.000000 1.000000
0.995464 0.086876 0.038773 -0.000000 -0.070055 0.945132 -0.319090 7.722000 -0.064367 0.314927 0.946931 1.166200 0.000000 0.000000 0.000000 1.000000
0.995459 0.086887 0.038883 0.000000 -0.070039 0.945171 -0.318976 7.722000 -0.064466 0.314804 0.946965 1.166200 0.000000 0.000000 0.000000 1.000000
0.995460 0.086830 0.038978 0.000000 -0.069978 0.945293 -0.318627 7.722000 -0.064512 0.314453 0.947078 1.166200 0.000000 0.000000 0.000000 1.000000
0.995468 0.086710 0.039040 0.000000 -0.069882 0.945484 -0.318083 7.722000 -0.064493 0.313913 0.947259 1.166200 0.000000 0.000000 0.000000 1.000000
0.995486 0.086487 0.039091 0.000000 -0.069708 0.945762 -0.317294 7.722000 -0.064412 0.313137 0.947521 1.166200 0.000000 0.000000 0.000000 1.000000
0.995513 0.086189 0.039066 0.000000 -0.069499 0.946110 -0.316300 7.722000 -0.064223 0.312165 0.947855 1.166200 0.000000 0.000000 0.000000 1.000000
0.995545 0.085841 0.039012 0.000000 -0.069260 0.946496 -0.315196 7.722000 -0.063982 0.311090 0.948224 1.166200 0.000000 0.000000 0.000000 1.000000
0.995581 0.085452 0.038928 0.000000 -0.068997 0.946913 -0.313998 7.722000 -0.063693 0.309925 0.948625 1.166200 0.000000 0.000000 0.000000 1.000000
0.995625 0.084995 0.038815 0.000000 -0.068690 0.947392 -0.312619 7.722000 -0.063344 0.308585 0.949085 1.166200 0.000000 0.000000 0.000000 1.000000
0.995679 0.084436 0.038643 -0.000000 -0.068322 0.947971 -0.310939 7.722000 -0.062887 0.306955 0.949644 1.166200 0.000000 0.000000 0.000000 1.000000
0.995743 0.083776 0.038436 0.000000 -0.067886 0.948641 -0.308984 7.722000 -0.062348 0.305059 0.950290 1.166200 0.000000 0.000000 0.000000 1.000000
0.995814 0.083043 0.038199 0.000000 -0.067401 0.949374 -0.306831 7.722000 -0.061746 0.302972 0.950997 1.166200 0.000000 0.000000 0.000000 1.000000
0.995887 0.082281 0.037928 0.000000 -0.066899 0.950126 -0.304605 7.722000 -0.061099 0.300815 0.951723 1.166200 0.000000 0.000000 0.000000 1.000000
0.995963 0.081496 0.037624 0.000000 -0.066386 0.950888 -0.302334 7.722000 -0.060415 0.298616 0.952459 1.166200 0.000000 0.000000 0.000000 1.000000
0.996040 0.080690 0.037317 0.000000 -0.065854 0.951658 -0.300018 7.722000 -0.059721 0.296373 0.953203 1.166200 0.000000 0.000000 0.000000 1.000000
0.996118 0.079889 0.036965 -0.000000 -0.065335 0.952413 -0.297725 7.722000 -0.058991 0.294154 0.953936 1.166200 0.000000 0.000000 0.000000 1.000000
0.996196 0.079083 0.036610 0.000000 -0.064809 0.953162 -0.295434 7.722000 -0.058259 0.291937 0.954661 1.166200 0.000000 0.000000 0.000000 1.000000
0.996272 0.078285 0.036243 -0.000000 -0.064290 0.953896 -0.293172 7.722000 -0.057523 0.289749 0.955373 1.166200 0.000000 0.000000 0.000000 1.000000
0.996345 0.077514 0.035880 -0.000000 -0.063786 0.954590 -0.291015 7.722000 -0.056809 0.287663 0.956045 1.166200 0.000000 0.000000 0.000000 1.000000
0.996416 0.076775 0.035519 -0.000000 -0.063302 0.955243 -0.288969 7.722000 -0.056115 0.285684 0.956679 1.166200 0.000000 0.000000 0.000000 1.000000
0.996482 0.076076 0.035160 0.000000 -0.062846 0.955849 -0.287058 7.722000 -0.055446 0.283839 0.957268 1.166200 0.000000 0.000000 0.000000 1.000000
0.996543 0.075438 0.034808 0.000000 -0.062433 0.956400 -0.285307 7.722000 -0.054813 0.282148 0.957804 1.166200 0.000000 0.000000 0.000000 1.000000
0.996594 0.074912 0.034462 -0.000000 -0.062113 0.956873 -0.283788 7.722000 -0.054235 0.280681 0.958268 1.166200 0.000000 0.000000 0.000000 1.000000
0.996639 0.074477 0.034121 0.000000 -0.061865 0.957279 -0.282472 7.722000 -0.053701 0.279412 0.958668 1.166200 0.000000 0.000000 0.000000 1.000000
0.996675 0.074137 0.033815 -0.000000 -0.061680 0.957592 -0.281448 7.722000 -0.053247 0.278426 0.958981 1.166200 0.000000 0.000000 0.000000 1.000000
0.996691 0.073960 0.033707 -0.000000 -0.061581 0.957815 -0.280710 7.722000 -0.053046 0.277705 0.959201 1.166200 0.000000 0.000000 0.000000 1.000000
0.996684 0.074138 0.033531 0.000000 -0.061822 0.957908 -0.280339 7.722000 -0.052903 0.277337 0.959315 1.166200 0.000000 0.000000 0.000000 1.000000</float_array>
        <technique_common>
          <accessor source="#mixamorig_Spine-Matrix-animation-output-transform-array" count="64" stride="16">
            <param type="float4x4"/>
          </accessor>
        </technique_common>
      </source>
      <source id="mixamorig_Spine-Interpolations">
        <Name_array id="mixamorig_Spine-Interpolations-array" count="64">
 LINEAR LINEAR LINEAR LINEAR LINEAR LINEAR LINEAR LINEAR LINEAR LINEAR LINEAR
LINEAR LINEAR LINEAR LINEAR LINEAR LINEAR LINEAR LINEAR LINEAR LINEAR LINEAR LINEAR
LINEAR LINEAR LINEAR LINEAR LINEAR LINEAR LINEAR LINEAR LINEAR LINEAR LINEAR LINEAR
LINEAR LINEAR LINEAR LINEAR LINEAR LINEAR LINEAR LINEAR LINEAR LINEAR LINEAR LINEAR
LINEAR LINEAR LINEAR LINEAR LINEAR LINEAR LINEAR LINEAR LINEAR LINEAR LINEAR LINEAR
LINEAR LINEAR LINEAR LINEAR LINEAR</Name_array>
        <technique_common>
          <accessor source="#mixamorig_Spine-Interpolations-array" count="64">
            <param type="name"/>
          </accessor>
        </technique_common>
      </source>
      <sampler id="mixamorig_Spine-Matrix-animation-transform">
        <input semantic="INPUT" source="#mixamorig_Spine-Matrix-animation-input"/>
        <input semantic="OUTPUT" source="#mixamorig_Spine-Matrix-animation-output-transform"/>
        <input semantic="INTERPOLATION" source="#mixamorig_Spine-Interpolations"/>
      </sampler>
      <channel source="#mixamorig_Spine-Matrix-animation-transform" target="mixamorig_Spine/matrix"/>
    </animation>
    <animation id="mixamorig_Spine1-anim" name="mixamorig_Spine1">
      <source id="mixamorig_Spine1-Matrix-animation-input">
        <float_array id="mixamorig_Spine1-Matrix-animation-input-array" count="64">

0.000000 0.033333 0.066667 0.100000 0.133333 0.166667 0.200000 0.233333 0.266667 0.300000 0.333333 0.366667 0.400000 0.433333 0.466667 0.500000
0.533333 0.566667 0.600000 0.633333 0.666667 0.700000 0.733333 0.766667 0.800000 0.833333 0.866667 0.900000 0.933333 0.966667 1.000000 1.033333
1.066667 1.100000 1.133333 1.166667 1.200000 1.233333 1.266667 1.300000 1.333333 1.366667 1.400000 1.433333 1.466667 1.500000 1.533333 1.566667
1.600000 1.633333 1.666667 1.700000 1.733333 1.766667 1.800000 1.833333 1.866667 1.900000 1.933333 1.966667 2.000000 2.033333 2.066667 2.100000</float_array>
        <technique_common>
          <accessor source="#mixamorig_Spine1-Matrix-animation-input-array" count="64">
            <param name="TIME" type="float"/>
          </accessor>
        </technique_common>
      </source>
      <source id="mixamorig_Spine1-Matrix-animation-output-transform">
        <float_array id="mixamorig_Spine1-Matrix-animation-output-transform-array" count="1024">

0.994118 0.043509 0.099180 -0.000000 -0.023766 0.981074 -0.192168 9.598400 -0.105664 0.188681 0.976337 0.000000 0.000000 0.000000 0.000000 1.000000
0.994129 0.043688 0.098986 -0.000000 -0.024017 0.981135 -0.191824 9.598400 -0.105499 0.188320 0.976425 0.000000 0.000000 0.000000 0.000000 1.000000
0.994138 0.043850 0.098832 0.000000 -0.024232 0.981177 -0.191584 9.598400 -0.105373 0.188066 0.976487 0.000000 0.000000 0.000000 0.000000 1.000000
0.994144 0.043968 0.098718 -0.000000 -0.024388 0.981205 -0.191419 9.598400 -0.105279 0.187890 0.976531 0.000000 0.000000 0.000000 0.000000 1.000000
0.994145 0.044024 0.098676 -0.000000 -0.024468 0.981233 -0.191265 9.598400 -0.105245 0.187731 0.976566 0.000000 0.000000 0.000000 0.000000 1.000000
0.994145 0.044047 0.098673 0.000000 -0.024498 0.981244 -0.191208 9.598400 -0.105244 0.187671 0.976577 0.000000 0.000000 0.000000 0.000000 1.000000
0.994144 0.044053 0.098674 -0.000000 -0.024499 0.981238 -0.191237 9.598400 -0.105247 0.187700 0.976571 0.000000 0.000000 0.000000 0.000000 1.000000
0.994139 0.044021 0.098739 -0.000000 -0.024451 0.981230 -0.191283 9.598400 -0.105306 0.187748 0.976556 0.000000 0.000000 0.000000 0.000000 1.000000
0.994137 0.043948 0.098797 0.000000 -0.024353 0.981205 -0.191424 9.598400 -0.105353 0.187896 0.976522 0.000000 0.000000 0.000000 0.000000 1.000000
0.994129 0.043822 0.098931 0.000000 -0.024181 0.981170 -0.191626 9.598400 -0.105466 0.188108 0.976469 0.000000 0.000000 0.000000 0.000000 1.000000
0.994122 0.043648 0.099075 0.000000 -0.023955 0.981127 -0.191873 9.598400 -0.105580 0.188372 0.976406 0.000000 0.000000 0.000000 0.000000 1.000000
0.994116 0.043438 0.099228 0.000000 -0.023686 0.981075 -0.192175 9.598400 -0.105697 0.188694 0.976331 0.000000 0.000000 0.000000 0.000000 1.000000
0.994097 0.043235 0.099505 0.000000 -0.023393 0.981010 -0.192544 9.598400 -0.105940 0.189079 0.976230 0.000000 0.000000 0.000000 0.000000 1.000000
0.994075 0.043004 0.099823 0.000000 -0.023061 0.980938 -0.192947 9.598400 -0.106218 0.189502 0.976118 0.000000 0.000000 0.000000 0.000000 1.000000
0.994054 0.042742 0.100153 0.000000 -0.022692 0.980863 -0.193374 9.598400 -0.106502 0.189951 0.976000 0.000000 0.000000 0.000000 0.000000 1.000000
0.994031 0.042454 0.100498 0.000000 -0.022290 0.980778 -0.193851 9.598400 -0.106796 0.190453 0.975870 -0.000000 0.000000 0.000000 0.000000 1.000000
0.994007 0.042148 0.100861 0.000000 -0.021858 0.980680 -0.194396 9.598400 -0.107105 0.191026 0.975724 -0.000000 0.000000 0.000000 0.000000 1.000000
0.993982 0.041821 0.101244 0.000000 -0.021400 0.980580 -0.194948 9.598400 -0.107430 0.191608 0.975574 -0.000000 0.000000 0.000000 0.000000 1.000000
0.993953 0.041480 0.101669 -0.000000 -0.020922 0.980483 -0.195486 9.598400 -0.107793 0.192177 0.975422 -0.000000 0.000000 0.000000 0.000000 1.000000
0.993924 0.041129 0.102099 -0.000000 -0.020422 0.980368 -0.196115 9.598400 -0.108161 0.192838 0.975251 0.000000 0.000000 0.000000 0.000000 1.000000
0.993885 0.040713 0.102645 -0.000000 -0.019832 0.980248 -0.196777 9.598400 -0.108629 0.193537 0.975061 0.000000 0.000000 0.000000 0.000000 1.000000
0.993838 0.040226 0.103286 -0.000000 -0.019134 0.980095 -0.197603 9.598400 -0.109179 0.194409 0.974826 0.000000 0.000000 0.000000 0.000000 1.000000
0.993786 0.039687 0.103996 -0.000000 -0.018357 0.979920 -0.198542 9.598400 -0.109787 0.195399 0.974559 0.000000 0.000000 0.000000 0.000000 1.000000
0.993727 0.039132 0.104761 0.000000 -0.017548 0.979739 -0.199509 9.598400 -0.110445 0.196419 0.974280 0.000000 0.000000 0.000000 0.000000 1.000000
0.993665 0.038573 0.105555 0.000000 -0.016733 0.979561 -0.200451 9.598400 -0.111129 0.197415 0.974001 0.000000 0.000000 0.000000 0.000000 1.000000
0.993602 0.038025 0.106343 -0.000000 -0.015921 0.979372 -0.201438 9.598400 -0.111809 0.198457 0.973711 0.000000 0.000000 0.000000 0.000000 1.000000
0.993532 0.037477 0.107193 0.000000 -0.015097 0.979184 -0.202412 9.598400 -0.112548 0.199485 0.973416 0.000000 0.000000 0.000000 0.000000 1.000000
0.993464 0.036933 0.108004 0.000000 -0.014285 0.978996 -0.203377 9.598400 -0.113246 0.200505 0.973125 0.000000 0.000000 0.000000 0.000000 1.000000
0.993396 0.036396 0.108813 0.000000 -0.013483 0.978815 -0.204303 9.598400 -0.113943 0.201487 0.972841 0.000000 0.000000 0.000000 0.000000 1.000000
0.993331 0.035886 0.109573 0.000000 -0.012714 0.978627 -0.205252 9.598400 -0.114597 0.202490 0.972556 -0.000000 0.000000 0.000000 0.000000 1.000000
0.993264 0.035388 0.110338 0.000000 -0.011963 0.978453 -0.206123 9.598400 -0.115255 0.203415 0.972285 0.000000 0.000000 0.000000 0.000000 1.000000
0.993201 0.034920 0.111053 0.000000 -0.011253 0.978282 -0.206971 9.598400 -0.115869 0.204314 0.972024 -0.000000 0.000000 0.000000 0.000000 1.000000
0.993136 0.034473 0.111767 0.000000 -0.010575 0.978130 -0.207727 9.598400 -0.116483 0.205119 0.971781 -0.000000 0.000000 0.000000 0.000000 1.000000
0.993079 0.034072 0.112398 0.000000 -0.009957 0.977975 -0.208485 9.598400 -0.117026 0.205923 0.971545 0.000000 0.000000 0.000000 0.000000 1.000000
0.993023 0.033702 0.113005 0.000000 -0.009388 0.977843 -0.209130 9.598400 -0.117550 0.206610 0.971336 0.000000 0.000000 0.000000 0.000000 1.000000
0.992972 0.033379 0.113544 0.000000 -0.008887 0.977723 -0.209709 9.598400 -0.118014 0.207226 0.971149 0.000000 0.000000 0.000000 0.000000 1.000000
0.992928 0.033105 0.114006 0.000000 -0.008458 0.977619 -0.210214 9.598400 -0.118414 0.207764 0.970985 0.000000 0.000000 0.000000 0.000000 1.000000
0.992893 0.032879 0.114382 0.000000 -0.008105 0.977532 -0.210632 9.598400 -0.118738 0.208208 0.970851 0.000000 0.000000 0.000000 0.000000 1.000000
0.992865 0.032706 0.114672 0.000000 -0.007834 0.977463 -0.210960 9.598400 -0.118987 0.208557 0.970745 0.000000 0.000000 0.000000 0.000000 1.000000
0.992849 0.032597 0.114841 0.000000 -0.007662 0.977415 -0.211190 9.598400 -0.119132 0.208800 0.970675 0.000000 0.000000 0.000000 0.000000 1.000000
0.992839 0.032552 0.114942 0.000000 -0.007589 0.977402 -0.211255 9.598400 -0.119222 0.208870 0.970649 0.000000 0.000000 0.000000 0.000000 1.000000
0.992831 0.032599 0.114997 0.000000 -0.007630 0.977413 -0.211202 9.598400 -0.119284 0.208811 0.970654 0.000000 0.000000 0.000000 0.000000 1.000000
0.992836 0.032730 0.114919 0.000000 -0.007795 0.977445 -0.211045 9.598400 -0.119235 0.208637 0.970698 0.000000 0.000000 0.000000 0.000000 1.000000
0.992844 0.032912 0.114790 0.000000 -0.008033 0.977500 -0.210782 9.598400 -0.119145 0.208352 0.970770 0.000000 0.000000 0.000000 0.000000 1.000000
0.992861 0.033129 0.114581 0.000000 -0.008330 0.977566 -0.210466 9.598400 -0.118983 0.208009 0.970863 0.000000 0.000000 0.000000 0.000000 1.000000
0.992889 0.033401 0.114260 0.000000 -0.008718 0.977654 -0.210040 9.598400 -0.118722 0.207550 0.970993 0.000000 0.000000 0.000000 0.000000 1.000000
0.992933 0.033766 0.113773 0.000000 -0.009251 0.977775 -0.209454 9.598400 -0.118317 0.206921 0.971177 0.000000 0.000000 0.000000 0.000000 1.000000
0.992985 0.034222 0.113177 0.000000 -0.009921 0.977938 -0.208660 9.598400 -0.117821 0.206074 0.971417 0.000000 0.000000 0.000000 0.000000 1.000000
0.993046 0.034756 0.112483 0.000000 -0.010698 0.978117 -0.207783 9.598400 -0.117243 0.205134 0.971686 0.000000 0.000000 0.000000 0.000000 1.000000
0.993114 0.035334 0.111700 0.000000 -0.011547 0.978313 -0.206811 9.598400 -0.116585 0.204097 0.971984 0.000000 0.000000 0.000000 0.000000 1.000000
0.993189 0.035945 0.110835 0.000000 -0.012452 0.978522 -0.205765 9.598400 -0.115851 0.202983 0.972305 0.000000 0.000000 0.000000 0.000000 1.000000
0.993264 0.036589 0.109943 -0.000000 -0.013400 0.978740 -0.204666 9.598400 -0.115094 0.201814 0.972638 0.000000 0.000000 0.000000 0.000000 1.000000
0.993345 0.037244 0.108985 -0.000000 -0.014382 0.978976 -0.203466 9.598400 -0.114272 0.200544 0.972997 0.000000 0.000000 0.000000 0.000000 1.000000
0.993429 0.037918 0.107988 0.000000 -0.015389 0.979210 -0.202264 9.598400 -0.113413 0.199273 0.973359 0.000000 0.000000 0.000000 0.000000 1.000000
0.993514 0.038603 0.106957 0.000000 -0.016408 0.979436 -0.201086 9.598400 -0.112520 0.198027 0.973717 -0.000000 0.000000 0.000000 0.000000 1.000000
0.993596 0.039277 0.105941 0.000000 -0.017415 0.979667 -0.199874 9.598400 -0.111637 0.196749 0.974078 0.000000 0.000000 0.000000 0.000000 1.000000
0.993677 0.039939 0.104932 0.000000 -0.018404 0.979891 -0.198681 9.598400 -0.110757 0.195494 0.974431 0.000000 0.000000 0.000000 0.000000 1.000000
0.993756 0.040579 0.103932 0.000000 -0.019363 0.980105 -0.197531 9.598400 -0.109880 0.194285 0.974772 0.000000 0.000000 0.000000 0.000000 1.000000
0.993832 0.041194 0.102962 0.000000 -0.020281 0.980305 -0.196447 9.598400 -0.109027 0.193147 0.975094 0.000000 0.000000 0.000000 0.000000 1.000000
0.993902 0.041762 0.102057 -0.000000 -0.021137 0.980501 -0.195374 9.598400 -0.108226 0.192025 0.975404 -0.000000 0.000000 0.000000 0.000000 1.000000
0.993969 0.042291 0.101178 0.000000 -0.021934 0.980672 -0.194427 9.598400 -0.107445 0.191035 0.975685 -0.000000 0.000000 0.000000 0.000000 1.000000
0.994028 0.042758 0.100397 -0.000000 -0.022639 0.980825 -0.193569 9.598400 -0.106749 0.190140 0.975936 0.000000 0.000000 0.000000 0.000000 1.000000
0.994080 0.043153 0.099716 -0.000000 -0.023245 0.980963 -0.192796 9.598400 -0.106137 0.189337 0.976159 0.000000 0.000000 0.000000 0.000000 1.000000
0.994122 0.043494 0.099144 0.000000 -0.023759 0.981076 -0.192161 9.598400 -0.105626 0.188676 0.976342 0.000000 0.000000 0.000000 0.000000 1.000000</float_array>
        <technique_common>
          <accessor source="#mixamorig_Spine1-Matrix-animation-output-transform-array" count="64" stride="16">
            <param type="float4x4"/>
          </accessor>
        </technique_common>
      </source>
      <source id="mixamorig_Spine1-Interpolations">
        <Name_array id="mixamorig_Spine1-Interpolations-array" count="64">
 LINEAR LINEAR LINEAR LINEAR LINEAR LINEAR LINEAR LINEAR LINEAR LINEAR LINEAR
LINEAR LINEAR LINEAR LINEAR LINEAR LINEAR LINEAR LINEAR LINEAR LINEAR LINEAR LINEAR
LINEAR LINEAR LINEAR LINEAR LINEAR LINEAR LINEAR LINEAR LINEAR LINEAR LINEAR LINEAR
LINEAR LINEAR LINEAR LINEAR LINEAR LINEAR LINEAR LINEAR LINEAR LINEAR LINEAR LINEAR
LINEAR LINEAR LINEAR LINEAR LINEAR LINEAR LINEAR LINEAR LINEAR LINEAR LINEAR LINEAR
LINEAR LINEAR LINEAR LINEAR LINEAR</Name_array>
        <technique_common>
          <accessor source="#mixamorig_Spine1-Interpolations-array" count="64">
            <param type="name"/>
          </accessor>
        </technique_common>
      </source>
      <sampler id="mixamorig_Spine1-Matrix-animation-transform">
        <input semantic="INPUT" source="#mixamorig_Spine1-Matrix-animation-input"/>
        <input semantic="OUTPUT" source="#mixamorig_Spine1-Matrix-animation-output-transform"/>
        <input semantic="INTERPOLATION" source="#mixamorig_Spine1-Interpolations"/>
      </sampler>
      <channel source="#mixamorig_Spine1-Matrix-animation-transform" target="mixamorig_Spine1/matrix"/>
    </animation>
    <animation id="mixamorig_Spine2-anim" name="mixamorig_Spine2">
      <source id="mixamorig_Spine2-Matrix-animation-input">
        <float_array id="mixamorig_Spine2-Matrix-animation-input-array" count="64">

0.000000 0.033333 0.066667 0.100000 0.133333 0.166667 0.200000 0.233333 0.266667 0.300000 0.333333 0.366667 0.400000 0.433333 0.466667 0.500000
0.533333 0.566667 0.600000 0.633333 0.666667 0.700000 0.733333 0.766667 0.800000 0.833333 0.866667 0.900000 0.933333 0.966667 1.000000 1.033333
1.066667 1.100000 1.133333 1.166667 1.200000 1.233333 1.266667 1.300000 1.333333 1.366667 1.400000 1.433333 1.466667 1.500000 1.533333 1.566667
1.600000 1.633333 1.666667 1.700000 1.733333 1.766667 1.800000 1.833333 1.866667 1.900000 1.933333 1.966667 2.000000 2.033333 2.066667 2.100000</float_array>
        <technique_common>
          <accessor source="#mixamorig_Spine2-Matrix-animation-input-array" count="64">
            <param name="TIME" type="float"/>
          </accessor>
        </technique_common>
      </source>
      <source id="mixamorig_Spine2-Matrix-animation-output-transform">
        <float_array id="mixamorig_Spine2-Matrix-animation-output-transform-array" count="1024">

0.993419 0.061072 0.096900 0.000000 -0.021521 0.930448 -0.365791 11.048200 -0.112500 0.361298 0.925639 0.000000 0.000000 0.000000 0.000000 1.000000
0.993480 0.060602 0.096568 -0.000000 -0.021322 0.930840 -0.364805 11.048200 -0.111998 0.360367 0.926063 -0.000000 0.000000 0.000000 0.000000 1.000000
0.993532 0.060192 0.096284 -0.000000 -0.021142 0.931173 -0.363965 11.048200 -0.111565 0.359575 0.926423 -0.000000 0.000000 0.000000 0.000000 1.000000
0.993577 0.059839 0.096046 0.000000 -0.020984 0.931455 -0.363251 11.048200 -0.111199 0.358902 0.926728 -0.000000 0.000000 0.000000 0.000000 1.000000
0.993609 0.059555 0.095884 0.000000 -0.020853 0.931710 -0.362603 11.048200 -0.110931 0.358287 0.926998 -0.000000 0.000000 0.000000 0.000000 1.000000
0.993631 0.059352 0.095781 -0.000000 -0.020759 0.931903 -0.362114 11.048200 -0.110751 0.357819 0.927200 0.000000 0.000000 0.000000 0.000000 1.000000
0.993644 0.059234 0.095720 -0.000000 -0.020710 0.932032 -0.361784 11.048200 -0.110644 0.357503 0.927335 -0.000000 0.000000 0.000000 0.000000 1.000000
0.993644 0.059199 0.095744 -0.000000 -0.020696 0.932121 -0.361555 11.048200 -0.110648 0.357276 0.927422 0.000000 0.000000 0.000000 0.000000 1.000000
0.993642 0.059204 0.095767 0.000000 -0.020698 0.932141 -0.361504 11.048200 -0.110671 0.357223 0.927439 0.000000 0.000000 0.000000 0.000000 1.000000
0.993630 0.059257 0.095856 0.000000 -0.020705 0.932106 -0.361593 11.048200 -0.110775 0.357304 0.927395 0.000000 0.000000 0.000000 0.000000 1.000000
0.993614 0.059350 0.095960 0.000000 -0.020728 0.932018 -0.361819 11.048200 -0.110911 0.357519 0.927297 0.000000 0.000000 0.000000 0.000000 1.000000
0.993591 0.059509 0.096099 0.000000 -0.020782 0.931873 -0.362189 11.048200 -0.111106 0.357871 0.927137 0.000000 0.000000 0.000000 0.000000 1.000000
0.993559 0.059753 0.096282 0.000000 -0.020881 0.931667 -0.362712 11.048200 -0.111376 0.358366 0.926914 0.000000 0.000000 0.000000 0.000000 1.000000
0.993517 0.060068 0.096514 0.000000 -0.021017 0.931417 -0.363346 11.048200 -0.111720 0.358962 0.926642 -0.000000 0.000000 0.000000 0.000000 1.000000
0.993471 0.060428 0.096764 0.000000 -0.021175 0.931127 -0.364079 11.048200 -0.112100 0.359653 0.926328 -0.000000 0.000000 0.000000 0.000000 1.000000
0.993421 0.060830 0.097026 0.000000 -0.021352 0.930788 -0.364935 11.048200 -0.112510 0.360462 0.925964 0.000000 0.000000 0.000000 0.000000 1.000000
0.993366 0.061280 0.097312 -0.000000 -0.021548 0.930393 -0.365930 11.048200 -0.112962 0.361405 0.925541 -0.000000 0.000000 0.000000 0.000000 1.000000
0.993305 0.061770 0.097623 0.000000 -0.021763 0.929971 -0.366989 11.048200 -0.113455 0.362408 0.925088 0.000000 0.000000 0.000000 0.000000 1.000000
0.993237 0.062296 0.097975 0.000000 -0.021993 0.929535 -0.368078 11.048200 -0.114001 0.363434 0.924619 -0.000000 0.000000 0.000000 0.000000 1.000000
0.993165 0.062864 0.098338 0.000000 -0.022237 0.929038 -0.369315 11.048200 -0.114577 0.364604 0.924087 0.000000 0.000000 0.000000 0.000000 1.000000
0.993076 0.063546 0.098807 0.000000 -0.022527 0.928474 -0.370713 11.048200 -0.115297 0.365920 0.923476 -0.000000 0.000000 0.000000 0.000000 1.000000
0.992966 0.064375 0.099368 0.000000 -0.022877 0.927771 -0.372448 11.048200 -0.116167 0.367555 0.922718 -0.000000 0.000000 0.000000 0.000000 1.000000
0.992842 0.065320 0.099994 0.000000 -0.023274 0.926960 -0.374439 11.048200 -0.117149 0.369431 0.921844 -0.000000 0.000000 0.000000 0.000000 1.000000
0.992706 0.066324 0.100680 -0.000000 -0.023687 0.926102 -0.376528 11.048200 -0.118213 0.371397 0.920918 0.000000 0.000000 0.000000 0.000000 1.000000
0.992563 0.067358 0.101398 -0.000000 -0.024109 0.925233 -0.378632 11.048200 -0.119321 0.373371 0.919976 0.000000 0.000000 0.000000 0.000000 1.000000
0.992417 0.068414 0.102122 0.000000 -0.024534 0.924326 -0.380814 11.048200 -0.120447 0.375420 0.918995 0.000000 0.000000 0.000000 0.000000 1.000000
0.992259 0.069507 0.102907 -0.000000 -0.024962 0.923405 -0.383013 11.048200 -0.121647 0.377480 0.917993 -0.000000 0.000000 0.000000 0.000000 1.000000
0.992104 0.070595 0.103663 0.000000 -0.025389 0.922472 -0.385228 11.048200 -0.122822 0.379555 0.916980 0.000000 0.000000 0.000000 0.000000 1.000000
0.991946 0.071682 0.104425 0.000000 -0.025810 0.921544 -0.387416 11.048200 -0.124002 0.381600 0.915972 0.000000 0.000000 0.000000 0.000000 1.000000
0.991792 0.072749 0.105150 -0.000000 -0.026220 0.920601 -0.389623 11.048200 -0.125146 0.383667 0.914952 -0.000000 0.000000 0.000000 0.000000 1.000000
0.991636 0.073803 0.105883 -0.000000 -0.026619 0.919690 -0.391742 11.048200 -0.126291 0.385647 0.913962 0.000000 0.000000 0.000000 0.000000 1.000000
0.991484 0.074825 0.106583 0.000000 -0.027005 0.918793 -0.393816 11.048200 -0.127395 0.387584 0.912989 0.000000 0.000000 0.000000 0.000000 1.000000
0.991334 0.075813 0.107283 0.000000 -0.027370 0.917944 -0.395766 11.048200 -0.128484 0.389400 0.912063 -0.000000 0.000000 0.000000 0.000000 1.000000
0.991193 0.076748 0.107920 0.000000 -0.027713 0.917108 -0.397675 11.048200 -0.129495 0.391182 0.911157 -0.000000 0.000000 0.000000 0.000000 1.000000
0.991057 0.077629 0.108536 0.000000 -0.028034 0.916339 -0.399420 11.048200 -0.130462 0.392806 0.910320 0.000000 0.000000 0.000000 0.000000 1.000000
0.990932 0.078438 0.109096 0.000000 -0.028325 0.915624 -0.401037 11.048200 -0.131348 0.394311 0.909542 0.000000 0.000000 0.000000 0.000000 1.000000
0.990818 0.079169 0.109599 -0.000000 -0.028586 0.914972 -0.402503 11.048200 -0.132146 0.395674 0.908834 0.000000 0.000000 0.000000 0.000000 1.000000
0.990716 0.079824 0.110049 0.000000 -0.028821 0.914395 -0.403797 11.048200 -0.132861 0.396876 0.908206 0.000000 0.000000 0.000000 0.000000 1.000000
0.990625 0.080394 0.110448 0.000000 -0.029022 0.913895 -0.404911 11.048200 -0.133490 0.397910 0.907661 0.000000 0.000000 0.000000 0.000000 1.000000
0.990556 0.080836 0.110745 -0.000000 -0.029174 0.913482 -0.405833 11.048200 -0.133969 0.398769 0.907213 0.000000 0.000000 0.000000 0.000000 1.000000
0.990509 0.081117 0.110957 0.000000 -0.029253 0.913197 -0.406466 11.048200 -0.134297 0.399362 0.906904 0.000000 0.000000 0.000000 0.000000 1.000000
0.990483 0.081251 0.111091 0.000000 -0.029271 0.913042 -0.406815 11.048200 -0.134485 0.399691 0.906731 0.000000 0.000000 0.000000 0.000000 1.000000
0.990482 0.081265 0.111092 0.000000 -0.029271 0.913006 -0.406894 11.048200 -0.134494 0.399769 0.906695 -0.000000 0.000000 0.000000 0.000000 1.000000
0.990488 0.081236 0.111057 0.000000 -0.029281 0.913072 -0.406745 11.048200 -0.134446 0.399625 0.906766 0.000000 0.000000 0.000000 0.000000 1.000000
0.990507 0.081136 0.110963 0.000000 -0.029273 0.913209 -0.406438 11.048200 -0.134309 0.399332 0.906915 0.000000 0.000000 0.000000 0.000000 1.000000
0.990550 0.080875 0.110770 0.000000 -0.029195 0.913467 -0.405863 11.048200 -0.134009 0.398794 0.907196 0.000000 0.000000 0.000000 0.000000 1.000000
0.990628 0.080390 0.110424 0.000000 -0.029030 0.913899 -0.404903 11.048200 -0.133466 0.397902 0.907668 0.000000 0.000000 0.000000 0.000000 1.000000
0.990734 0.079705 0.109972 0.000000 -0.028785 0.914525 -0.403505 11.048200 -0.132733 0.396600 0.908345 0.000000 0.000000 0.000000 0.000000 1.000000
0.990861 0.078877 0.109422 0.000000 -0.028485 0.915274 -0.401824 11.048200 -0.131846 0.395035 0.909156 0.000000 0.000000 0.000000 0.000000 1.000000
0.991007 0.077924 0.108779 0.000000 -0.028141 0.916129 -0.399895 11.048200 -0.130817 0.393237 0.910083 0.000000 0.000000 0.000000 0.000000 1.000000
0.991170 0.076862 0.108046 0.000000 -0.027757 0.917071 -0.397756 11.048200 -0.129658 0.391245 0.911107 0.000000 0.000000 0.000000 0.000000 1.000000
0.991342 0.075721 0.107276 0.000000 -0.027333 0.918086 -0.395438 11.048200 -0.128432 0.389082 0.912206 -0.000000 0.000000 0.000000 0.000000 1.000000
0.991526 0.074489 0.106431 0.000000 -0.026877 0.919181 -0.392918 11.048200 -0.127098 0.386728 0.913394 0.000000 0.000000 0.000000 0.000000 1.000000
0.991718 0.073202 0.105534 0.000000 -0.026396 0.920304 -0.390313 11.048200 -0.125695 0.384294 0.914614 0.000000 0.000000 0.000000 0.000000 1.000000
0.991914 0.071876 0.104598 0.000000 -0.025890 0.921437 -0.387664 11.048200 -0.124245 0.381821 0.915847 -0.000000 0.000000 0.000000 0.000000 1.000000
0.992109 0.070531 0.103658 0.000000 -0.025370 0.922594 -0.384936 11.048200 -0.122785 0.379269 0.917104 0.000000 0.000000 0.000000 0.000000 1.000000
0.992302 0.069184 0.102711 0.000000 -0.024843 0.923744 -0.382203 11.048200 -0.121321 0.376709 0.918352 0.000000 0.000000 0.000000 0.000000 1.000000
0.992492 0.067846 0.101763 0.000000 -0.024312 0.924870 -0.379505 11.048200 -0.119865 0.374182 0.919576 0.000000 0.000000 0.000000 0.000000 1.000000
0.992676 0.066540 0.100828 0.000000 -0.023787 0.925954 -0.376886 11.048200 -0.118440 0.371727 0.920756 -0.000000 0.000000 0.000000 0.000000 1.000000
0.992850 0.065278 0.099935 0.000000 -0.023274 0.927013 -0.374307 11.048200 -0.117075 0.369305 0.921904 -0.000000 0.000000 0.000000 0.000000 1.000000
0.993016 0.064079 0.099058 -0.000000 -0.022783 0.927991 -0.371906 11.048200 -0.115756 0.367052 0.922970 0.000000 0.000000 0.000000 0.000000 1.000000
0.993167 0.062968 0.098258 0.000000 -0.022321 0.928895 -0.369670 11.048200 -0.114549 0.364951 0.923953 -0.000000 0.000000 0.000000 0.000000 1.000000
0.993302 0.061961 0.097534 0.000000 -0.021899 0.929721 -0.367613 11.048200 -0.113457 0.363015 0.924850 0.000000 0.000000 0.000000 0.000000 1.000000
0.993419 0.061071 0.096900 0.000000 -0.021521 0.930451 -0.365784 11.048200 -0.112500 0.361292 0.925641 0.000000 0.000000 0.000000 0.000000 1.000000</float_array>
        <technique_common>
          <accessor source="#mixamorig_Spine2-Matrix-animation-output-transform-array" count="64" stride="16">
            <param type="float4x4"/>
          </accessor>
        </technique_common>
      </source>
      <source id="mixamorig_Spine2-Interpolations">
        <Name_array id="mixamorig_Spine2-Interpolations-array" count="64">
 LINEAR LINEAR LINEAR LINEAR LINEAR LINEAR LINEAR LINEAR LINEAR LINEAR LINEAR
LINEAR LINEAR LINEAR LINEAR LINEAR LINEAR LINEAR LINEAR LINEAR LINEAR LINEAR LINEAR
LINEAR LINEAR LINEAR LINEAR LINEAR LINEAR LINEAR LINEAR LINEAR LINEAR LINEAR LINEAR
LINEAR LINEAR LINEAR LINEAR LINEAR LINEAR LINEAR LINEAR LINEAR LINEAR LINEAR LINEAR
LINEAR LINEAR LINEAR LINEAR LINEAR LINEAR LINEAR LINEAR LINEAR LINEAR LINEAR LINEAR
LINEAR LINEAR LINEAR LINEAR LINEAR</Name_array>
        <technique_common>
          <accessor source="#mixamorig_Spine2-Interpolations-array" count="64">
            <param type="name"/>
          </accessor>
        </technique_common>
      </source>
      <sampler id="mixamorig_Spine2-Matrix-animation-transform">
        <input semantic="INPUT" source="#mixamorig_Spine2-Matrix-animation-input"/>
        <input semantic="OUTPUT" source="#mixamorig_Spine2-Matrix-animation-output-transform"/>
        <input semantic="INTERPOLATION" source="#mixamorig_Spine2-Interpolations"/>
      </sampler>
      <channel source="#mixamorig_Spine2-Matrix-animation-transform" target="mixamorig_Spine2/matrix"/>
    </animation>
    <animation id="mixamorig_Neck-anim" name="mixamorig_Neck">
      <source id="mixamorig_Neck-Matrix-animation-input">
        <float_array id="mixamorig_Neck-Matrix-animation-input-array" count="64">

0.000000 0.033333 0.066667 0.100000 0.133333 0.166667 0.200000 0.233333 0.266667 0.300000 0.333333 0.366667 0.400000 0.433333 0.466667 0.500000
0.533333 0.566667 0.600000 0.633333 0.666667 0.700000 0.733333 0.766667 0.800000 0.833333 0.866667 0.900000 0.933333 0.966667 1.000000 1.033333
1.066667 1.100000 1.133333 1.166667 1.200000 1.233333 1.266667 1.300000 1.333333 1.366667 1.400000 1.433333 1.466667 1.500000 1.533333 1.566667
1.600000 1.633333 1.666667 1.700000 1.733333 1.766667 1.800000 1.833333 1.866667 1.900000 1.933333 1.966667 2.000000 2.033333 2.066667 2.100000</float_array>
        <technique_common>
          <accessor source="#mixamorig_Neck-Matrix-animation-input-array" count="64">
            <param name="TIME" type="float"/>
          </accessor>
        </technique_common>
      </source>
      <source id="mixamorig_Neck-Matrix-animation-output-transform">
        <float_array id="mixamorig_Neck-Matrix-animation-output-transform-array" count="1024">

0.997533 -0.061693 0.033505 -0.001600 0.061054 0.997939 0.019772 21.684401 -0.034656 -0.017678 0.999243 -3.096600 0.000000 0.000000 0.000000 1.000000
0.997523 -0.061859 0.033484 -0.001600 0.061226 0.997931 0.019613 21.684401 -0.034628 -0.017515 0.999247 -3.096600 0.000000 0.000000 0.000000 1.000000
0.997513 -0.062031 0.033474 -0.001600 0.061403 0.997923 0.019467 21.684401 -0.034612 -0.017363 0.999250 -3.096600 0.000000 0.000000 0.000000 1.000000
0.997501 -0.062217 0.033491 -0.001600 0.061592 0.997914 0.019357 21.684401 -0.034626 -0.017246 0.999252 -3.096600 0.000000 0.000000 0.000000 1.000000
0.997487 -0.062415 0.033522 -0.001600 0.061793 0.997903 0.019288 21.684401 -0.034656 -0.017168 0.999252 -3.096600 0.000000 0.000000 0.000000 1.000000
0.997472 -0.062628 0.033587 -0.001600 0.062006 0.997890 0.019248 21.684401 -0.034721 -0.017116 0.999250 -3.096600 0.000000 0.000000 0.000000 1.000000
0.997455 -0.062859 0.033661 -0.001600 0.062236 0.997876 0.019247 21.684401 -0.034800 -0.017103 0.999248 -3.096600 0.000000 0.000000 0.000000 1.000000
0.997434 -0.063118 0.033784 -0.001600 0.062492 0.997859 0.019272 21.684401 -0.034928 -0.017112 0.999243 -3.096600 0.000000 0.000000 0.000000 1.000000
0.997411 -0.063407 0.033923 -0.001600 0.062776 0.997840 0.019348 21.684401 -0.035076 -0.017168 0.999237 -3.096600 0.000000 0.000000 0.000000 1.000000
0.997382 -0.063777 0.034073 -0.001600 0.063139 0.997815 0.019459 21.684401 -0.035239 -0.017257 0.999230 -3.096600 0.000000 0.000000 0.000000 1.000000
0.997354 -0.064126 0.034255 -0.001600 0.063481 0.997791 0.019588 21.684401 -0.035435 -0.017362 0.999221 -3.096600 0.000000 0.000000 0.000000 1.000000
0.997327 -0.064427 0.034459 -0.001600 0.063774 0.997769 0.019743 21.684401 -0.035654 -0.017493 0.999211 -3.096600 0.000000 0.000000 0.000000 1.000000
0.997300 -0.064757 0.034638 -0.001600 0.064096 0.997746 0.019875 21.684401 -0.035847 -0.017601 0.999202 -3.096600 0.000000 0.000000 0.000000 1.000000
0.997261 -0.065266 0.034809 -0.001600 0.064594 0.997709 0.020096 21.684401 -0.036041 -0.017793 0.999192 -3.096600 0.000000 0.000000 0.000000 1.000000
0.997218 -0.065824 0.034975 -0.001600 0.065139 0.997668 0.020369 21.684401 -0.036234 -0.018034 0.999181 -3.096600 0.000000 0.000000 0.000000 1.000000
0.997172 -0.066441 0.035135 -0.001600 0.065741 0.997622 0.020717 21.684401 -0.036428 -0.018349 0.999168 -3.096600 0.000000 0.000000 0.000000 1.000000
0.997121 -0.067116 0.035286 -0.001600 0.066398 0.997569 0.021162 21.684401 -0.036621 -0.018758 0.999153 -3.096600 0.000000 0.000000 0.000000 1.000000
0.997068 -0.067825 0.035439 -0.001600 0.067085 0.997512 0.021662 21.684401 -0.036820 -0.019221 0.999137 -3.096600 0.000000 0.000000 0.000000 1.000000
0.997012 -0.068555 0.035598 -0.001600 0.067792 0.997452 0.022215 21.684401 -0.037030 -0.019735 0.999119 -3.096600 0.000000 0.000000 0.000000 1.000000
0.996954 -0.069320 0.035727 -0.001600 0.068533 0.997388 0.022818 21.684401 -0.037216 -0.020300 0.999101 -3.096600 0.000000 0.000000 0.000000 1.000000
0.996889 -0.070201 0.035839 -0.001600 0.069384 0.997312 0.023559 21.684401 -0.037397 -0.020999 0.999080 -3.096600 0.000000 0.000000 0.000000 1.000000
0.996813 -0.071237 0.035895 -0.001600 0.070386 0.997220 0.024447 21.684401 -0.037536 -0.021842 0.999057 -3.096600 0.000000 0.000000 0.000000 1.000000
0.996731 -0.072369 0.035916 -0.001600 0.071480 0.997117 0.025457 21.684401 -0.037655 -0.022807 0.999031 -3.096600 0.000000 0.000000 0.000000 1.000000
0.996647 -0.073520 0.035912 -0.001600 0.072591 0.997009 0.026525 21.684401 -0.037755 -0.023829 0.999003 -3.096600 0.000000 0.000000 0.000000 1.000000
0.996565 -0.074634 0.035896 -0.001600 0.073666 0.996901 0.027590 21.684401 -0.037844 -0.024851 0.998975 -3.096600 0.000000 0.000000 0.000000 1.000000
0.996483 -0.075722 0.035881 -0.001600 0.074714 0.996793 0.028654 21.684401 -0.037936 -0.025873 0.998945 -3.096600 0.000000 0.000000 0.000000 1.000000
0.996404 -0.076770 0.035855 -0.001600 0.075723 0.996686 0.029711 21.684401 -0.038017 -0.026889 0.998915 -3.096600 0.000000 0.000000 0.000000 1.000000
0.996327 -0.077772 0.035825 -0.001600 0.076687 0.996581 0.030738 21.684401 -0.038093 -0.027877 0.998885 -3.096600 0.000000 0.000000 0.000000 1.000000
0.996255 -0.078708 0.035794 -0.001600 0.077586 0.996481 0.031714 21.684401 -0.038164 -0.028818 0.998856 -3.096600 0.000000 0.000000 0.000000 1.000000
0.996188 -0.079561 0.035761 -0.001600 0.078406 0.996388 0.032616 21.684401 -0.038227 -0.029688 0.998828 -3.096600 0.000000 0.000000 0.000000 1.000000
0.996129 -0.080324 0.035720 -0.001600 0.079139 0.996303 0.033425 21.684401 -0.038273 -0.030469 0.998803 -3.096600 0.000000 0.000000 0.000000 1.000000
0.996077 -0.080980 0.035685 -0.001600 0.079770 0.996229 0.034135 21.684401 -0.038315 -0.031155 0.998780 -3.096600 0.000000 0.000000 0.000000 1.000000
0.996034 -0.081525 0.035649 -0.001600 0.080292 0.996166 0.034746 21.684401 -0.038345 -0.031746 0.998760 -3.096600 0.000000 0.000000 0.000000 1.000000
0.996000 -0.081941 0.035625 -0.001600 0.080691 0.996117 0.035214 21.684401 -0.038373 -0.032199 0.998745 -3.096600 0.000000 0.000000 0.000000 1.000000
0.995978 -0.082212 0.035610 -0.001600 0.080951 0.996085 0.035517 21.684401 -0.038391 -0.032491 0.998734 -3.096600 0.000000 0.000000 0.000000 1.000000
0.995968 -0.082344 0.035600 -0.001600 0.081078 0.996069 0.035668 21.684401 -0.038397 -0.032638 0.998729 -3.096600 0.000000 0.000000 0.000000 1.000000
0.995968 -0.082345 0.035585 -0.001600 0.081077 0.996068 0.035700 21.684401 -0.038385 -0.032671 0.998729 -3.096600 0.000000 0.000000 0.000000 1.000000
0.995981 -0.082209 0.035545 -0.001600 0.080947 0.996083 0.035594 21.684401 -0.038332 -0.032574 0.998734 -3.096600 0.000000 0.000000 0.000000 1.000000
0.996003 -0.081961 0.035489 -0.001600 0.080708 0.996109 0.035408 21.684401 -0.038253 -0.032402 0.998743 -3.096600 0.000000 0.000000 0.000000 1.000000
0.996034 -0.081615 0.035437 -0.001600 0.080375 0.996146 0.035101 21.684401 -0.038165 -0.032114 0.998755 -3.096600 0.000000 0.000000 0.000000 1.000000
0.996073 -0.081161 0.035369 -0.001600 0.079939 0.996195 0.034708 21.684401 -0.038052 -0.031744 0.998771 -3.096600 0.000000 0.000000 0.000000 1.000000
0.996122 -0.080601 0.035269 -0.001600 0.079400 0.996255 0.034239 21.684401 -0.037896 -0.031306 0.998791 -3.096600 0.000000 0.000000 0.000000 1.000000
0.996179 -0.079941 0.035159 -0.001600 0.078764 0.996324 0.033681 21.684401 -0.037723 -0.030783 0.998814 -3.096600 0.000000 0.000000 0.000000 1.000000
0.996241 -0.079228 0.035037 -0.001600 0.078078 0.996399 0.033057 21.684401 -0.037530 -0.030197 0.998839 -3.096600 0.000000 0.000000 0.000000 1.000000
0.996304 -0.078486 0.034908 -0.001600 0.077364 0.996476 0.032404 21.684401 -0.037328 -0.029584 0.998865 -3.096600 0.000000 0.000000 0.000000 1.000000
0.996372 -0.077671 0.034777 -0.001600 0.076580 0.996560 0.031695 21.684401 -0.037119 -0.028917 0.998892 -3.096600 0.000000 0.000000 0.000000 1.000000
0.996451 -0.076707 0.034653 -0.001600 0.075648 0.996656 0.030887 21.684401 -0.036907 -0.028156 0.998922 -3.096600 0.000000 0.000000 0.000000 1.000000
0.996540 -0.075594 0.034539 -0.001600 0.074572 0.996765 0.029975 21.684401 -0.036693 -0.027295 0.998954 -3.096600 0.000000 0.000000 0.000000 1.000000
0.996633 -0.074405 0.034437 -0.001600 0.073421 0.996879 0.029017 21.684401 -0.036489 -0.026391 0.998986 -3.096600 0.000000 0.000000 0.000000 1.000000
0.996726 -0.073193 0.034340 -0.001600 0.072246 0.996992 0.028051 21.684401 -0.036290 -0.025478 0.999016 -3.096600 0.000000 0.000000 0.000000 1.000000
0.996818 -0.071973 0.034247 -0.001600 0.071063 0.997104 0.027092 21.684401 -0.036097 -0.024572 0.999046 -3.096600 0.000000 0.000000 0.000000 1.000000
0.996909 -0.070746 0.034170 -0.001600 0.069872 0.997213 0.026145 21.684401 -0.035924 -0.023677 0.999074 -3.096600 0.000000 0.000000 0.000000 1.000000
0.996997 -0.069523 0.034098 -0.001600 0.068682 0.997319 0.025231 21.684401 -0.035761 -0.022814 0.999100 -3.096600 0.000000 0.000000 0.000000 1.000000
0.997083 -0.068322 0.034032 -0.001600 0.067514 0.997421 0.024337 21.684401 -0.035607 -0.021968 0.999124 -3.096600 0.000000 0.000000 0.000000 1.000000
0.997163 -0.067161 0.033978 -0.001600 0.066384 0.997518 0.023486 21.684401 -0.035471 -0.021164 0.999147 -3.096600 0.000000 0.000000 0.000000 1.000000
0.997239 -0.066058 0.033926 -0.001600 0.065309 0.997606 0.022723 21.684401 -0.035346 -0.020444 0.999166 -3.096600 0.000000 0.000000 0.000000 1.000000
0.997309 -0.065020 0.033883 -0.001600 0.064297 0.997688 0.022010 21.684401 -0.035235 -0.019773 0.999183 -3.096600 0.000000 0.000000 0.000000 1.000000
0.997371 -0.064071 0.033845 -0.001600 0.063370 0.997761 0.021381 21.684401 -0.035139 -0.019180 0.999198 -3.096600 0.000000 0.000000 0.000000 1.000000
0.997426 -0.063234 0.033808 -0.001600 0.062552 0.997824 0.020854 21.684401 -0.035053 -0.018686 0.999211 -3.096600 0.000000 0.000000 0.000000 1.000000
0.997473 -0.062518 0.033765 -0.001600 0.061852 0.997876 0.020425 21.684401 -0.034971 -0.018285 0.999221 -3.096600 0.000000 0.000000 0.000000 1.000000
0.997511 -0.061929 0.033723 -0.001600 0.061274 0.997918 0.020113 21.684401 -0.034898 -0.017997 0.999229 -3.096600 0.000000 0.000000 0.000000 1.000000
0.997540 -0.061486 0.033680 -0.001600 0.060838 0.997949 0.019919 21.684401 -0.034836 -0.017821 0.999234 -3.096600 0.000000 0.000000 0.000000 1.000000
0.997543 -0.061342 0.033830 -0.001600 0.060696 0.997960 0.019786 21.684401 -0.034974 -0.017684 0.999232 -3.096600 0.000000 0.000000 0.000000 1.000000
0.997548 -0.061407 0.033568 -0.001600 0.060768 0.997956 0.019757 21.684401 -0.034712 -0.017668 0.999241 -3.096600 0.000000 0.000000 0.000000 1.000000</float_array>
        <technique_common>
          <accessor source="#mixamorig_Neck-Matrix-animation-output-transform-array" count="64" stride="16">
            <param type="float4x4"/>
          </accessor>
        </technique_common>
      </source>
      <source id="mixamorig_Neck-Interpolations">
        <Name_array id="mixamorig_Neck-Interpolations-array" count="64">
 LINEAR LINEAR LINEAR LINEAR LINEAR LINEAR LINEAR LINEAR LINEAR LINEAR LINEAR
LINEAR LINEAR LINEAR LINEAR LINEAR LINEAR LINEAR LINEAR LINEAR LINEAR LINEAR LINEAR
LINEAR LINEAR LINEAR LINEAR LINEAR LINEAR LINEAR LINEAR LINEAR LINEAR LINEAR LINEAR
LINEAR LINEAR LINEAR LINEAR LINEAR LINEAR LINEAR LINEAR LINEAR LINEAR LINEAR LINEAR
LINEAR LINEAR LINEAR LINEAR LINEAR LINEAR LINEAR LINEAR LINEAR LINEAR LINEAR LINEAR
LINEAR LINEAR LINEAR LINEAR LINEAR</Name_array>
        <technique_common>
          <accessor source="#mixamorig_Neck-Interpolations-array" count="64">
            <param type="name"/>
          </accessor>
        </technique_common>
      </source>
      <sampler id="mixamorig_Neck-Matrix-animation-transform">
        <input semantic="INPUT" source="#mixamorig_Neck-Matrix-animation-input"/>
        <input semantic="OUTPUT" source="#mixamorig_Neck-Matrix-animation-output-transform"/>
        <input semantic="INTERPOLATION" source="#mixamorig_Neck-Interpolations"/>
      </sampler>
      <channel source="#mixamorig_Neck-Matrix-animation-transform" target="mixamorig_Neck/matrix"/>
    </animation>
    <animation id="mixamorig_Head-anim" name="mixamorig_Head">
      <source id="mixamorig_Head-Matrix-animation-input">
        <float_array id="mixamorig_Head-Matrix-animation-input-array" count="64">

0.000000 0.033333 0.066667 0.100000 0.133333 0.166667 0.200000 0.233333 0.266667 0.300000 0.333333 0.366667 0.400000 0.433333 0.466667 0.500000
0.533333 0.566667 0.600000 0.633333 0.666667 0.700000 0.733333 0.766667 0.800000 0.833333 0.866667 0.900000 0.933333 0.966667 1.000000 1.033333
1.066667 1.100000 1.133333 1.166667 1.200000 1.233333 1.266667 1.300000 1.333333 1.366667 1.400000 1.433333 1.466667 1.500000 1.533333 1.566667
1.600000 1.633333 1.666667 1.700000 1.733333 1.766667 1.800000 1.833333 1.866667 1.900000 1.933333 1.966667 2.000000 2.033333 2.066667 2.100000</float_array>
        <technique_common>
          <accessor source="#mixamorig_Head-Matrix-animation-input-array" count="64">
            <param name="TIME" type="float"/>
          </accessor>
        </technique_common>
      </source>
      <source id="mixamorig_Head-Matrix-animation-output-transform">
        <float_array id="mixamorig_Head-Matrix-animation-output-transform-array" count="1024">

0.946695 -0.081076 0.311763 -0.000700 0.000148 0.967918 0.251266 8.918400 -0.322133 -0.237826 0.916335 1.007300 0.000000 0.000000 0.000000 1.000000
0.946330 -0.082516 0.312492 -0.000700 0.001411 0.967906 0.251310 8.918400 -0.323200 -0.237381 0.916074 1.007300 0.000000 0.000000 0.000000 1.000000
0.945990 -0.084076 0.313106 -0.000700 0.002683 0.967784 0.251767 8.918400 -0.324186 -0.237329 0.915739 1.007300 0.000000 0.000000 0.000000 1.000000
0.945687 -0.085743 0.313566 -0.000700 0.003954 0.967551 0.252647 8.918400 -0.325054 -0.237685 0.915339 1.007300 0.000000 0.000000 0.000000 1.000000
0.945424 -0.087480 0.313879 -0.000700 0.005203 0.967217 0.253898 8.918400 -0.325800 -0.238409 0.914886 1.007300 0.000000 0.000000 0.000000 1.000000
0.945207 -0.089226 0.314041 -0.000700 0.006397 0.966805 0.255436 8.918400 -0.326408 -0.239431 0.914402 1.007300 0.000000 0.000000 0.000000 1.000000
0.945034 -0.090934 0.314073 -0.000700 0.007516 0.966337 0.257170 8.918400 -0.326886 -0.240673 0.913905 1.007300 0.000000 0.000000 0.000000 1.000000
0.944914 -0.092558 0.313958 -0.000700 0.008532 0.965825 0.259055 8.918400 -0.327206 -0.242106 0.913412 1.007300 0.000000 0.000000 0.000000 1.000000
0.944836 -0.094070 0.313746 -0.000700 0.009437 0.965292 0.261003 8.918400 -0.327409 -0.243644 0.912930 1.007300 0.000000 0.000000 0.000000 1.000000
0.944831 -0.095405 0.313358 -0.000700 0.010209 0.964756 0.262949 8.918400 -0.327400 -0.245243 0.912505 1.007300 0.000000 0.000000 0.000000 1.000000
0.944878 -0.096547 0.312865 -0.000700 0.010830 0.964230 0.264845 8.918400 -0.327244 -0.246858 0.912125 1.007300 0.000000 0.000000 0.000000 1.000000
0.944981 -0.097459 0.312269 -0.000700 0.011300 0.963744 0.266590 8.918400 -0.326929 -0.248394 0.911821 1.007300 0.000000 0.000000 0.000000 1.000000
0.945158 -0.098076 0.311541 -0.000700 0.011584 0.963316 0.268119 8.918400 -0.326409 -0.249806 0.911622 1.007300 0.000000 0.000000 0.000000 1.000000
0.945368 -0.098332 0.310823 -0.000700 0.011626 0.962989 0.269290 8.918400 -0.325799 -0.250964 0.911522 1.007300 0.000000 0.000000 0.000000 1.000000
0.945623 -0.098275 0.310062 -0.000700 0.011471 0.962747 0.270160 8.918400 -0.325061 -0.251913 0.911523 1.007300 0.000000 0.000000 0.000000 1.000000
0.945922 -0.097940 0.309257 -0.000700 0.011130 0.962572 0.270798 8.918400 -0.324204 -0.252712 0.911608 1.007300 0.000000 0.000000 0.000000 1.000000
0.946256 -0.097363 0.308414 -0.000700 0.010617 0.962448 0.271258 8.918400 -0.323243 -0.253405 0.911756 1.007300 0.000000 0.000000 0.000000 1.000000
0.946627 -0.096586 0.307520 -0.000700 0.009961 0.962360 0.271596 8.918400 -0.322177 -0.254036 0.911958 1.007300 0.000000 0.000000 0.000000 1.000000
0.947026 -0.095642 0.306584 -0.000700 0.009192 0.962308 0.271806 8.918400 -0.321025 -0.254589 0.912210 1.007300 0.000000 0.000000 0.000000 1.000000
0.947453 -0.094512 0.305613 -0.000700 0.008276 0.962281 0.271931 8.918400 -0.319787 -0.255112 0.912499 1.007300 0.000000 0.000000 0.000000 1.000000
0.947950 -0.093065 0.304515 -0.000700 0.007113 0.962285 0.271949 8.918400 -0.318339 -0.255628 0.912861 1.007300 0.000000 0.000000 0.000000 1.000000
0.948534 -0.091214 0.303254 -0.000700 0.005614 0.962312 0.271890 8.918400 -0.316626 -0.256194 0.913298 1.007300 0.000000 0.000000 0.000000 1.000000
0.949187 -0.089031 0.301858 -0.000700 0.003844 0.962360 0.271752 8.918400 -0.314691 -0.256783 0.913801 1.007300 0.000000 0.000000 0.000000 1.000000
0.949867 -0.086654 0.300405 -0.000700 0.001918 0.962421 0.271554 8.918400 -0.312648 -0.257364 0.914339 1.007300 0.000000 0.000000 0.000000 1.000000
0.950555 -0.084186 0.298928 -0.000700 -0.000095 0.962477 0.271362 8.918400 -0.310556 -0.257973 0.914880 1.007300 0.000000 0.000000 0.000000 1.000000
0.951253 -0.081648 0.297408 -0.000700 -0.002176 0.962520 0.271203 8.918400 -0.308404 -0.258630 0.915422 1.007300 0.000000 0.000000 0.000000 1.000000
0.951952 -0.079075 0.295864 -0.000700 -0.004307 0.962538 0.271114 8.918400 -0.306218 -0.259362 0.915949 1.007300 0.000000 0.000000 0.000000 1.000000
0.952648 -0.076504 0.294294 -0.000700 -0.006464 0.962519 0.271139 8.918400 -0.304006 -0.260202 0.916447 1.007300 0.000000 0.000000 0.000000 1.000000
0.953333 -0.073986 0.292714 -0.000700 -0.008612 0.962452 0.271314 8.918400 -0.301797 -0.261173 0.916901 1.007300 0.000000 0.000000 0.000000 1.000000
0.954000 -0.071569 0.291140 -0.000700 -0.010719 0.962326 0.271688 8.918400 -0.299616 -0.262311 0.917291 1.007300 0.000000 0.000000 0.000000 1.000000
0.954641 -0.069298 0.289582 -0.000700 -0.012758 0.962128 0.272300 8.918400 -0.297485 -0.263643 0.917603 1.007300 0.000000 0.000000 0.000000 1.000000
0.955256 -0.067204 0.288044 -0.000700 -0.014702 0.961854 0.273168 8.918400 -0.295415 -0.265180 0.917829 1.007300 0.000000 0.000000 0.000000 1.000000
0.955837 -0.065331 0.286545 -0.000700 -0.016522 0.961494 0.274329 8.918400 -0.293433 -0.266948 0.917952 1.007300 0.000000 0.000000 0.000000 1.000000
0.956379 -0.063729 0.285092 -0.000700 -0.018192 0.961027 0.275855 8.918400 -0.291561 -0.269008 0.917947 1.007300 0.000000 0.000000 0.000000 1.000000
0.956879 -0.062449 0.283696 -0.000700 -0.019677 0.960441 0.277787 8.918400 -0.289821 -0.271391 0.917797 1.007300 0.000000 0.000000 0.000000 1.000000
0.957330 -0.061472 0.282382 -0.000700 -0.020977 0.959757 0.280048 8.918400 -0.288233 -0.274022 0.917515 1.007300 0.000000 0.000000 0.000000 1.000000
0.957730 -0.060733 0.281184 -0.000700 -0.022109 0.959028 0.282446 8.918400 -0.286818 -0.276724 0.917148 1.007300 0.000000 0.000000 0.000000 1.000000
0.958068 -0.060187 0.280148 -0.000700 -0.023094 0.958291 0.284861 8.918400 -0.285608 -0.279386 0.916718 1.007300 0.000000 0.000000 0.000000 1.000000
0.958347 -0.059797 0.279275 -0.000700 -0.023933 0.957584 0.287158 8.918400 -0.284600 -0.281881 0.916267 1.007300 0.000000 0.000000 0.000000 1.000000
0.958568 -0.059549 0.278569 -0.000700 -0.024638 0.956910 0.289337 8.918400 -0.283796 -0.284213 0.915796 1.007300 0.000000 0.000000 0.000000 1.000000
0.958717 -0.059456 0.278078 -0.000700 -0.025195 0.956291 0.291328 8.918400 -0.283245 -0.286308 0.915314 1.007300 0.000000 0.000000 0.000000 1.000000
0.958784 -0.059520 0.277830 -0.000700 -0.025584 0.955757 0.293042 8.918400 -0.282980 -0.288072 0.914842 1.007300 0.000000 0.000000 0.000000 1.000000
0.958780 -0.059742 0.277797 -0.000700 -0.025793 0.955313 0.294470 8.918400 -0.282975 -0.289497 0.914394 1.007300 0.000000 0.000000 0.000000 1.000000
0.958717 -0.060086 0.277942 -0.000700 -0.025874 0.954934 0.295689 8.918400 -0.283183 -0.290674 0.913956 1.007300 0.000000 0.000000 0.000000 1.000000
0.958600 -0.060522 0.278251 -0.000700 -0.025856 0.954617 0.296713 8.918400 -0.283581 -0.291623 0.913530 1.007300 0.000000 0.000000 0.000000 1.000000
0.958410 -0.061075 0.278783 -0.000700 -0.025704 0.954391 0.297452 8.918400 -0.284235 -0.292247 0.913128 1.007300 0.000000 0.000000 0.000000 1.000000
0.958125 -0.061817 0.279598 -0.000700 -0.025330 0.954296 0.297788 8.918400 -0.285228 -0.292400 0.912769 1.007300 0.000000 0.000000 0.000000 1.000000
0.957742 -0.062762 0.280697 -0.000700 -0.024699 0.954353 0.297659 8.918400 -0.286565 -0.292014 0.912474 1.007300 0.000000 0.000000 0.000000 1.000000
0.957277 -0.063865 0.282033 -0.000700 -0.023832 0.954565 0.297049 8.918400 -0.288189 -0.291079 0.912261 1.007300 0.000000 0.000000 0.000000 1.000000
0.956740 -0.065079 0.283574 -0.000700 -0.022767 0.954928 0.295965 8.918400 -0.290054 -0.289617 0.912135 1.007300 0.000000 0.000000 0.000000 1.000000
0.956139 -0.066382 0.285294 -0.000700 -0.021521 0.955430 0.294434 8.918400 -0.292123 -0.287659 0.912094 1.007300 0.000000 0.000000 0.000000 1.000000
0.955484 -0.067757 0.287157 -0.000700 -0.020106 0.956057 0.292492 8.918400 -0.294357 -0.285245 0.912134 1.007300 0.000000 0.000000 0.000000 1.000000
0.954780 -0.069187 0.289151 -0.000700 -0.018544 0.956795 0.290171 8.918400 -0.296734 -0.282412 0.912246 1.007300 0.000000 0.000000 0.000000 1.000000
0.954038 -0.070642 0.291240 -0.000700 -0.016869 0.957621 0.287536 8.918400 -0.299210 -0.279234 0.912416 1.007300 0.000000 0.000000 0.000000 1.000000
0.953269 -0.072095 0.293396 -0.000700 -0.015105 0.958524 0.284612 8.918400 -0.301747 -0.275744 0.912641 1.007300 0.000000 0.000000 0.000000 1.000000
0.952480 -0.073523 0.295594 -0.000700 -0.013268 0.959496 0.281410 8.918400 -0.304311 -0.271959 0.912925 1.007300 0.000000 0.000000 0.000000 1.000000
0.951684 -0.074904 0.297803 -0.000700 -0.011396 0.960512 0.278007 8.918400 -0.306867 -0.267968 0.913250 1.007300 0.000000 0.000000 0.000000 1.000000
0.950890 -0.076213 0.300000 -0.000700 -0.009512 0.961561 0.274426 8.918400 -0.309384 -0.263803 0.913614 1.007300 0.000000 0.000000 0.000000 1.000000
0.950106 -0.077425 0.302166 -0.000700 -0.007644 0.962635 0.270696 8.918400 -0.311834 -0.259499 0.914013 1.007300 0.000000 0.000000 0.000000 1.000000
0.949342 -0.078533 0.304274 -0.000700 -0.005810 0.963717 0.266861 8.918400 -0.314192 -0.255110 0.914441 1.007300 0.000000 0.000000 0.000000 1.000000
0.948614 -0.079505 0.306283 -0.000700 -0.004041 0.964799 0.262957 8.918400 -0.316408 -0.250682 0.914901 1.007300 0.000000 0.000000 0.000000 1.000000
0.947930 -0.080303 0.308188 -0.000700 -0.002395 0.965864 0.259039 8.918400 -0.318469 -0.246289 0.915379 1.007300 0.000000 0.000000 0.000000 1.000000
0.947396 -0.080800 0.309696 -0.000700 -0.000939 0.966904 0.255140 8.918400 -0.320061 -0.242010 0.915965 1.007300 0.000000 0.000000 0.000000 1.000000
0.946748 -0.081135 0.311585 -0.000700 0.000245 0.967911 0.251294 8.918400 -0.321976 -0.237836 0.916387 1.007300 0.000000 0.000000 0.000000 1.000000</float_array>
        <technique_common>
          <accessor source="#mixamorig_Head-Matrix-animation-output-transform-array" count="64" stride="16">
            <param type="float4x4"/>
          </accessor>
        </technique_common>
      </source>
      <source id="mixamorig_Head-Interpolations">
        <Name_array id="mixamorig_Head-Interpolations-array" count="64">
 LINEAR LINEAR LINEAR LINEAR LINEAR LINEAR LINEAR LINEAR LINEAR LINEAR LINEAR
LINEAR LINEAR LINEAR LINEAR LINEAR LINEAR LINEAR LINEAR LINEAR LINEAR LINEAR LINEAR
LINEAR LINEAR LINEAR LINEAR LINEAR LINEAR LINEAR LINEAR LINEAR LINEAR LINEAR LINEAR
LINEAR LINEAR LINEAR LINEAR LINEAR LINEAR LINEAR LINEAR LINEAR LINEAR LINEAR LINEAR
LINEAR LINEAR LINEAR LINEAR LINEAR LINEAR LINEAR LINEAR LINEAR LINEAR LINEAR LINEAR
LINEAR LINEAR LINEAR LINEAR LINEAR</Name_array>
        <technique_common>
          <accessor source="#mixamorig_Head-Interpolations-array" count="64">
            <param type="name"/>
          </accessor>
        </technique_common>
      </source>
      <sampler id="mixamorig_Head-Matrix-animation-transform">
        <input semantic="INPUT" source="#mixamorig_Head-Matrix-animation-input"/>
        <input semantic="OUTPUT" source="#mixamorig_Head-Matrix-animation-output-transform"/>
        <input semantic="INTERPOLATION" source="#mixamorig_Head-Interpolations"/>
      </sampler>
      <channel source="#mixamorig_Head-Matrix-animation-transform" target="mixamorig_Head/matrix"/>
    </animation>
    <animation id="mixamorig_LeftShoulder-anim" name="mixamorig_LeftShoulder">
      <source id="mixamorig_LeftShoulder-Matrix-animation-input">
        <float_array id="mixamorig_LeftShoulder-Matrix-animation-input-array" count="64">

0.000000 0.033333 0.066667 0.100000 0.133333 0.166667 0.200000 0.233333 0.266667 0.300000 0.333333 0.366667 0.400000 0.433333 0.466667 0.500000
0.533333 0.566667 0.600000 0.633333 0.666667 0.700000 0.733333 0.766667 0.800000 0.833333 0.866667 0.900000 0.933333 0.966667 1.000000 1.033333
1.066667 1.100000 1.133333 1.166667 1.200000 1.233333 1.266667 1.300000 1.333333 1.366667 1.400000 1.433333 1.466667 1.500000 1.533333 1.566667
1.600000 1.633333 1.666667 1.700000 1.733333 1.766667 1.800000 1.833333 1.866667 1.900000 1.933333 1.966667 2.000000 2.033333 2.066667 2.100000</float_array>
        <technique_common>
          <accessor source="#mixamorig_LeftShoulder-Matrix-animation-input-array" count="64">
            <param name="TIME" type="float"/>
          </accessor>
        </technique_common>
      </source>
      <source id="mixamorig_LeftShoulder-Matrix-animation-output-transform">
        <float_array id="mixamorig_LeftShoulder-Matrix-animation-output-transform-array" count="1024">

-0.188763 0.974053 0.124858 4.217400 -0.089212 0.109609 -0.989963 16.560900 -0.977962 -0.198007 0.066207 -4.061100 0.000000 0.000000 0.000000 1.000000
-0.188045 0.974193 0.124844 4.217400 -0.090810 0.109322 -0.989850 16.560900 -0.977953 -0.197474 0.067909 -4.061100 0.000000 0.000000 0.000000 1.000000
-0.187177 0.974364 0.124817 4.217400 -0.092348 0.109046 -0.989738 16.560900 -0.977976 -0.196783 0.069570 -4.061100 0.000000 0.000000 0.000000 1.000000
-0.186415 0.974514 0.124791 4.217400 -0.093789 0.108786 -0.989631 16.560900 -0.977984 -0.196186 0.071119 -4.061100 0.000000 0.000000 0.000000 1.000000
-0.185758 0.974642 0.124770 4.217400 -0.095128 0.108545 -0.989530 16.560900 -0.977980 -0.195682 0.072552 -4.061100 0.000000 0.000000 0.000000 1.000000
-0.184960 0.974798 0.124733 4.217400 -0.096380 0.108319 -0.989433 16.560900 -0.978009 -0.195027 0.073917 -4.061100 0.000000 0.000000 0.000000 1.000000
-0.184308 0.974925 0.124704 4.217400 -0.097510 0.108114 -0.989345 16.560900 -0.978020 -0.194504 0.075138 -4.061100 0.000000 0.000000 0.000000 1.000000
-0.183558 0.975072 0.124663 4.217400 -0.098531 0.107929 -0.989264 16.560900 -0.978058 -0.193870 0.076264 -4.061100 0.000000 0.000000 0.000000 1.000000
-0.182910 0.975198 0.124627 4.217400 -0.099422 0.107768 -0.989192 16.560900 -0.978090 -0.193324 0.077245 -4.061100 0.000000 0.000000 0.000000 1.000000
-0.182236 0.975330 0.124585 4.217400 -0.100186 0.107629 -0.989130 16.560900 -0.978138 -0.192737 0.078100 -4.061100 0.000000 0.000000 0.000000 1.000000
-0.181506 0.975472 0.124535 4.217400 -0.100812 0.107515 -0.989079 16.560900 -0.978209 -0.192079 0.078824 -4.061100 0.000000 0.000000 0.000000 1.000000
-0.180815 0.975607 0.124486 4.217400 -0.101292 0.107427 -0.989040 16.560900 -0.978287 -0.191442 0.079397 -4.061100 0.000000 0.000000 0.000000 1.000000
-0.180059 0.975754 0.124429 4.217400 -0.101640 0.107363 -0.989011 16.560900 -0.978390 -0.190728 0.079844 -4.061100 0.000000 0.000000 0.000000 1.000000
-0.179412 0.975880 0.124378 4.217400 -0.101846 0.107325 -0.988994 16.560900 -0.978488 -0.190105 0.080134 -4.061100 0.000000 0.000000 0.000000 1.000000
-0.178673 0.976023 0.124317 4.217400 -0.101925 0.107310 -0.988987 16.560900 -0.978615 -0.189376 0.080308 -4.061100 0.000000 0.000000 0.000000 1.000000
-0.177951 0.976163 0.124256 4.217400 -0.101873 0.107318 -0.988992 16.560900 -0.978752 -0.188650 0.080347 -4.061100 0.000000 0.000000 0.000000 1.000000
-0.177252 0.976298 0.124197 4.217400 -0.101696 0.107350 -0.989007 16.560900 -0.978897 -0.187934 0.080257 -4.061100 0.000000 0.000000 0.000000 1.000000
-0.176582 0.976426 0.124138 4.217400 -0.101406 0.107401 -0.989031 16.560900 -0.979048 -0.187234 0.080051 -4.061100 0.000000 0.000000 0.000000 1.000000
-0.175861 0.976565 0.124075 4.217400 -0.101030 0.107469 -0.989062 16.560900 -0.979217 -0.186472 0.079762 -4.061100 0.000000 0.000000 0.000000 1.000000
-0.175150 0.976700 0.124012 4.217400 -0.100542 0.107556 -0.989102 16.560900 -0.979395 -0.185710 0.079361 -4.061100 0.000000 0.000000 0.000000 1.000000
-0.174342 0.976854 0.123940 4.217400 -0.099882 0.107675 -0.989156 16.560900 -0.979606 -0.184831 0.078798 -4.061100 0.000000 0.000000 0.000000 1.000000
-0.173431 0.977026 0.123860 4.217400 -0.098990 0.107835 -0.989228 16.560900 -0.979858 -0.183824 0.078014 -4.061100 0.000000 0.000000 0.000000 1.000000
-0.172445 0.977212 0.123774 4.217400 -0.097888 0.108033 -0.989316 16.560900 -0.980143 -0.182719 0.077027 -4.061100 0.000000 0.000000 0.000000 1.000000
-0.171378 0.977411 0.123683 4.217400 -0.096644 0.108256 -0.989414 16.560900 -0.980454 -0.181517 0.075909 -4.061100 0.000000 0.000000 0.000000 1.000000
-0.170481 0.977578 0.123606 4.217400 -0.095273 0.108502 -0.989520 16.560900 -0.980744 -0.180471 0.074639 -4.061100 0.000000 0.000000 0.000000 1.000000
-0.169448 0.977768 0.123522 4.217400 -0.093801 0.108765 -0.989632 16.560900 -0.981065 -0.179277 0.073286 -4.061100 0.000000 0.000000 0.000000 1.000000
-0.168515 0.977938 0.123447 4.217400 -0.092214 0.109048 -0.989750 16.560900 -0.981376 -0.178171 0.071803 -4.061100 0.000000 0.000000 0.000000 1.000000
-0.167636 0.978098 0.123380 4.217400 -0.090540 0.109347 -0.989872 16.560900 -0.981683 -0.177109 0.070226 -4.061100 0.000000 0.000000 0.000000 1.000000
-0.166734 0.978261 0.123313 4.217400 -0.088813 0.109655 -0.989994 16.560900 -0.981994 -0.176017 0.068599 -4.061100 0.000000 0.000000 0.000000 1.000000
-0.165837 0.978421 0.123249 4.217400 -0.087049 0.109968 -0.990116 16.560900 -0.982304 -0.174926 0.066934 -4.061100 0.000000 0.000000 0.000000 1.000000
-0.164858 0.978595 0.123183 4.217400 -0.085274 0.110283 -0.990235 16.560900 -0.982624 -0.173752 0.065267 -4.061100 0.000000 0.000000 0.000000 1.000000
-0.163972 0.978751 0.123126 4.217400 -0.083479 0.110600 -0.990353 16.560900 -0.982926 -0.172669 0.063569 -4.061100 0.000000 0.000000 0.000000 1.000000
-0.163078 0.978907 0.123072 4.217400 -0.081678 0.110918 -0.990467 16.560900 -0.983227 -0.171575 0.061867 -4.061100 0.000000 0.000000 0.000000 1.000000
-0.162368 0.979030 0.123031 4.217400 -0.079866 0.111237 -0.990579 16.560900 -0.983493 -0.170665 0.060129 -4.061100 0.000000 0.000000 0.000000 1.000000
-0.161771 0.979133 0.123000 4.217400 -0.078067 0.111553 -0.990687 16.560900 -0.983736 -0.169867 0.058392 -4.061100 0.000000 0.000000 0.000000 1.000000
-0.161196 0.979231 0.122972 4.217400 -0.076314 0.111861 -0.990789 16.560900 -0.983968 -0.169095 0.056697 -4.061100 0.000000 0.000000 0.000000 1.000000
-0.160687 0.979318 0.122948 4.217400 -0.074617 0.112157 -0.990885 16.560900 -0.984181 -0.168397 0.055052 -4.061100 0.000000 0.000000 0.000000 1.000000
-0.160283 0.979386 0.122932 4.217400 -0.072982 0.112443 -0.990974 16.560900 -0.984369 -0.167808 0.053455 -4.061100 0.000000 0.000000 0.000000 1.000000
-0.160030 0.979428 0.122925 4.217400 -0.071412 0.112717 -0.991058 16.560900 -0.984526 -0.167377 0.051904 -4.061100 0.000000 0.000000 0.000000 1.000000
-0.160011 0.979431 0.122929 4.217400 -0.069920 0.112975 -0.991135 16.560900 -0.984636 -0.167188 0.050404 -4.061100 0.000000 0.000000 0.000000 1.000000
-0.159931 0.979444 0.122931 4.217400 -0.068577 0.113209 -0.991202 16.560900 -0.984743 -0.166954 0.049062 -4.061100 0.000000 0.000000 0.000000 1.000000
-0.160185 0.979400 0.122947 4.217400 -0.067406 0.113411 -0.991259 16.560900 -0.984783 -0.167072 0.047850 -4.061100 0.000000 0.000000 0.000000 1.000000
-0.160483 0.979349 0.122964 4.217400 -0.066442 0.113578 -0.991305 16.560900 -0.984800 -0.167258 0.046843 -4.061100 0.000000 0.000000 0.000000 1.000000
-0.161124 0.979240 0.122996 4.217400 -0.065614 0.113720 -0.991344 16.560900 -0.984751 -0.167799 0.045928 -4.061100 0.000000 0.000000 0.000000 1.000000
-0.161808 0.979123 0.123029 4.217400 -0.064920 0.113840 -0.991376 16.560900 -0.984684 -0.168400 0.045145 -4.061100 0.000000 0.000000 0.000000 1.000000
-0.162761 0.978960 0.123073 4.217400 -0.064402 0.113930 -0.991399 16.560900 -0.984562 -0.169287 0.044504 -4.061100 0.000000 0.000000 0.000000 1.000000
-0.163886 0.978765 0.123124 4.217400 -0.064148 0.113974 -0.991411 16.560900 -0.984391 -0.170377 0.044107 -4.061100 0.000000 0.000000 0.000000 1.000000
-0.165473 0.978490 0.123195 4.217400 -0.064161 0.113971 -0.991410 16.560900 -0.984125 -0.171956 0.043922 -4.061100 0.000000 0.000000 0.000000 1.000000
-0.167128 0.978199 0.123270 4.217400 -0.064465 0.113919 -0.991396 16.560900 -0.983825 -0.173636 0.044021 -4.061100 0.000000 0.000000 0.000000 1.000000
-0.168729 0.977914 0.123345 4.217400 -0.065047 0.113819 -0.991370 16.560900 -0.983514 -0.175296 0.044405 -4.061100 0.000000 0.000000 0.000000 1.000000
-0.170700 0.977560 0.123441 4.217400 -0.065844 0.113683 -0.991333 16.560900 -0.983121 -0.177348 0.044961 -4.061100 0.000000 0.000000 0.000000 1.000000
-0.172654 0.977204 0.123542 4.217400 -0.066868 0.113508 -0.991284 16.560900 -0.982710 -0.179410 0.045746 -4.061100 0.000000 0.000000 0.000000 1.000000
-0.174542 0.976856 0.123646 4.217400 -0.068105 0.113296 -0.991224 16.560900 -0.982292 -0.181431 0.046754 -4.061100 0.000000 0.000000 0.000000 1.000000
-0.176554 0.976479 0.123762 4.217400 -0.069516 0.113053 -0.991154 16.560900 -0.981833 -0.183596 0.047921 -4.061100 0.000000 0.000000 0.000000 1.000000
-0.178388 0.976131 0.123877 4.217400 -0.071104 0.112779 -0.991073 16.560900 -0.981388 -0.185604 0.049288 -4.061100 0.000000 0.000000 0.000000 1.000000
-0.180202 0.975782 0.123999 4.217400 -0.072830 0.112481 -0.990981 16.560900 -0.980930 -0.187608 0.050797 -4.061100 0.000000 0.000000 0.000000 1.000000
-0.181927 0.975446 0.124125 4.217400 -0.074674 0.112162 -0.990880 16.560900 -0.980473 -0.189537 0.052435 -4.061100 0.000000 0.000000 0.000000 1.000000
-0.183346 0.975166 0.124241 4.217400 -0.076634 0.111821 -0.990769 16.560900 -0.980057 -0.191175 0.054229 -4.061100 0.000000 0.000000 0.000000 1.000000
-0.184841 0.974867 0.124369 4.217400 -0.078660 0.111468 -0.990650 16.560900 -0.979616 -0.192895 0.056079 -4.061100 0.000000 0.000000 0.000000 1.000000
-0.186042 0.974624 0.124485 4.217400 -0.080758 0.111101 -0.990522 16.560900 -0.979217 -0.194332 0.058039 -4.061100 0.000000 0.000000 0.000000 1.000000
-0.187072 0.974412 0.124597 4.217400 -0.082882 0.110728 -0.990389 16.560900 -0.978844 -0.195601 0.060047 -4.061100 0.000000 0.000000 0.000000 1.000000
-0.187870 0.974246 0.124698 4.217400 -0.085004 0.110355 -0.990251 16.560900 -0.978509 -0.196639 0.062082 -4.061100 0.000000 0.000000 0.000000 1.000000
-0.188454 0.974122 0.124786 4.217400 -0.087112 0.109982 -0.990109 16.560900 -0.978211 -0.197460 0.064131 -4.061100 0.000000 0.000000 0.000000 1.000000
-0.188763 0.974053 0.124858 4.217400 -0.089212 0.109609 -0.989963 16.560900 -0.977962 -0.198007 0.066207 -4.061100 0.000000 0.000000 0.000000 1.000000</float_array>
        <technique_common>
          <accessor source="#mixamorig_LeftShoulder-Matrix-animation-output-transform-array" count="64" stride="16">
            <param type="float4x4"/>
          </accessor>
        </technique_common>
      </source>
      <source id="mixamorig_LeftShoulder-Interpolations">
        <Name_array id="mixamorig_LeftShoulder-Interpolations-array" count="64">
 LINEAR LINEAR LINEAR LINEAR LINEAR LINEAR LINEAR LINEAR LINEAR LINEAR LINEAR
LINEAR LINEAR LINEAR LINEAR LINEAR LINEAR LINEAR LINEAR LINEAR LINEAR LINEAR LINEAR
LINEAR LINEAR LINEAR LINEAR LINEAR LINEAR LINEAR LINEAR LINEAR LINEAR LINEAR LINEAR
LINEAR LINEAR LINEAR LINEAR LINEAR LINEAR LINEAR LINEAR LINEAR LINEAR LINEAR LINEAR
LINEAR LINEAR LINEAR LINEAR LINEAR LINEAR LINEAR LINEAR LINEAR LINEAR LINEAR LINEAR
LINEAR LINEAR LINEAR LINEAR LINEAR</Name_array>
        <technique_common>
          <accessor source="#mixamorig_LeftShoulder-Interpolations-array" count="64">
            <param type="name"/>
          </accessor>
        </technique_common>
      </source>
      <sampler id="mixamorig_LeftShoulder-Matrix-animation-transform">
        <input semantic="INPUT" source="#mixamorig_LeftShoulder-Matrix-animation-input"/>
        <input semantic="OUTPUT" source="#mixamorig_LeftShoulder-Matrix-animation-output-transform"/>
        <input semantic="INTERPOLATION" source="#mixamorig_LeftShoulder-Interpolations"/>
      </sampler>
      <channel source="#mixamorig_LeftShoulder-Matrix-animation-transform" target="mixamorig_LeftShoulder/matrix"/>
    </animation>
    <animation id="mixamorig_LeftArm-anim" name="mixamorig_LeftArm">
      <source id="mixamorig_LeftArm-Matrix-animation-input">
        <float_array id="mixamorig_LeftArm-Matrix-animation-input-array" count="64">

0.000000 0.033333 0.066667 0.100000 0.133333 0.166667 0.200000 0.233333 0.266667 0.300000 0.333333 0.366667 0.400000 0.433333 0.466667 0.500000
0.533333 0.566667 0.600000 0.633333 0.666667 0.700000 0.733333 0.766667 0.800000 0.833333 0.866667 0.900000 0.933333 0.966667 1.000000 1.033333
1.066667 1.100000 1.133333 1.166667 1.200000 1.233333 1.266667 1.300000 1.333333 1.366667 1.400000 1.433333 1.466667 1.500000 1.533333 1.566667
1.600000 1.633333 1.666667 1.700000 1.733333 1.766667 1.800000 1.833333 1.866667 1.900000 1.933333 1.966667 2.000000 2.033333 2.066667 2.100000</float_array>
        <technique_common>
          <accessor source="#mixamorig_LeftArm-Matrix-animation-input-array" count="64">
            <param name="TIME" type="float"/>
          </accessor>
        </technique_common>
      </source>
      <source id="mixamorig_LeftArm-Matrix-animation-output-transform">
        <float_array id="mixamorig_LeftArm-Matrix-animation-output-transform-array" count="1024">

0.326732 -0.902465 0.280719 0.000000 0.396826 -0.138577 -0.907373 5.607700 0.857773 0.407865 0.312844 -0.000000 0.000000 0.000000 0.000000 1.000000
0.329000 -0.901869 0.279984 0.000000 0.396848 -0.136995 -0.907603 5.607700 0.856896 0.409713 0.312833 0.000000 0.000000 0.000000 0.000000 1.000000
0.331043 -0.901377 0.279160 0.000000 0.396862 -0.135407 -0.907836 5.607700 0.856102 0.411321 0.312897 0.000000 0.000000 0.000000 0.000000 1.000000
0.332677 -0.900979 0.278502 0.000000 0.396979 -0.134086 -0.907981 5.607700 0.855414 0.412624 0.313062 0.000000 0.000000 0.000000 0.000000 1.000000
0.333888 -0.900667 0.278061 0.000000 0.397245 -0.133066 -0.908014 5.607700 0.854819 0.413634 0.313356 0.000000 0.000000 0.000000 0.000000 1.000000
0.334863 -0.900485 0.277475 0.000000 0.397491 -0.131995 -0.908063 5.607700 0.854323 0.414371 0.313734 0.000000 0.000000 0.000000 0.000000 1.000000
0.335414 -0.900456 0.276904 0.000000 0.397700 -0.131113 -0.908099 5.607700 0.854009 0.414714 0.314134 0.000000 0.000000 0.000000 0.000000 1.000000
0.335663 -0.900552 0.276289 0.000000 0.397896 -0.130306 -0.908129 5.607700 0.853820 0.414760 0.314588 -0.000000 0.000000 0.000000 0.000000 1.000000
0.335574 -0.900778 0.275660 -0.000000 0.398045 -0.129632 -0.908161 5.607700 0.853786 0.414480 0.315049 -0.000000 0.000000 0.000000 0.000000 1.000000
0.334950 -0.901156 0.275183 0.000000 0.398271 -0.129274 -0.908112 5.607700 0.853925 0.413770 0.315604 0.000000 0.000000 0.000000 0.000000 1.000000
0.334084 -0.901644 0.274639 0.000000 0.398433 -0.128970 -0.908085 5.607700 0.854189 0.412802 0.316158 0.000000 0.000000 0.000000 0.000000 1.000000
0.332864 -0.902261 0.274092 0.000000 0.398544 -0.128822 -0.908057 5.607700 0.854614 0.411497 0.316710 -0.000000 0.000000 0.000000 0.000000 1.000000
0.331223 -0.903028 0.273555 -0.000000 0.398634 -0.128850 -0.908014 5.607700 0.855209 0.409804 0.317300 0.000000 0.000000 0.000000 0.000000 1.000000
0.329147 -0.903905 0.273164 -0.000000 0.398763 -0.129170 -0.907911 5.607700 0.855950 0.407764 0.317928 0.000000 0.000000 0.000000 0.000000 1.000000
0.326932 -0.904837 0.272735 0.000000 0.398860 -0.129520 -0.907819 5.607700 0.856753 0.405578 0.318559 0.000000 0.000000 0.000000 0.000000 1.000000
0.324474 -0.905847 0.272319 0.000000 0.398937 -0.129983 -0.907719 5.607700 0.857652 0.403169 0.319200 -0.000000 0.000000 0.000000 0.000000 1.000000
0.321715 -0.906980 0.271820 0.000000 0.398890 -0.130533 -0.907661 5.607700 0.858712 0.400434 0.319791 0.000000 0.000000 0.000000 0.000000 1.000000
0.318682 -0.908224 0.271238 0.000000 0.398683 -0.131177 -0.907659 5.607700 0.859938 0.397393 0.320289 0.000000 0.000000 0.000000 0.000000 1.000000
0.315442 -0.909521 0.270682 0.000000 0.398446 -0.131936 -0.907653 5.607700 0.861242 0.394164 0.320777 0.000000 0.000000 0.000000 0.000000 1.000000
0.311839 -0.910901 0.270214 0.000000 0.398229 -0.132906 -0.907606 5.607700 0.862653 0.390634 0.321302 0.000000 0.000000 0.000000 0.000000 1.000000
0.307562 -0.912451 0.269886 0.000000 0.398099 -0.134224 -0.907470 5.607700 0.864247 0.386544 0.321964 0.000000 0.000000 0.000000 0.000000 1.000000
0.302458 -0.914298 0.269402 0.000000 0.397823 -0.135755 -0.907363 5.607700 0.866173 0.381614 0.322668 0.000000 0.000000 0.000000 0.000000 1.000000
0.296811 -0.916357 0.268689 0.000000 0.397314 -0.137356 -0.907345 5.607700 0.868358 0.376064 0.323312 0.000000 0.000000 0.000000 0.000000 1.000000
0.290987 -0.918447 0.267919 0.000000 0.396741 -0.138984 -0.907348 5.607700 0.870588 0.370321 0.323943 0.000000 0.000000 0.000000 0.000000 1.000000
0.284977 -0.920452 0.267501 0.000000 0.396334 -0.140949 -0.907223 5.607700 0.872759 0.364557 0.324639 0.000000 0.000000 0.000000 0.000000 1.000000
0.279028 -0.922377 0.267141 0.000000 0.396033 -0.142898 -0.907049 5.607700 0.874815 0.358889 0.325419 0.000000 0.000000 0.000000 0.000000 1.000000
0.272874 -0.924243 0.267049 0.000000 0.395862 -0.145125 -0.906770 5.607700 0.876831 0.353149 0.326272 -0.000000 0.000000 0.000000 0.000000 1.000000
0.266823 -0.926040 0.266936 -0.000000 0.395628 -0.147315 -0.906519 5.607700 0.878797 0.347487 0.327060 0.000000 0.000000 0.000000 0.000000 1.000000
0.260921 -0.927759 0.266802 0.000000 0.395338 -0.149446 -0.906297 5.607700 0.880697 0.341949 0.327785 0.000000 0.000000 0.000000 0.000000 1.000000
0.255254 -0.929409 0.266542 0.000000 0.394918 -0.151411 -0.906154 5.607700 0.882545 0.336562 0.328392 0.000000 0.000000 0.000000 0.000000 1.000000
0.249884 -0.930946 0.266264 0.000000 0.394494 -0.153248 -0.906030 5.607700 0.884269 0.331442 0.328958 0.000000 0.000000 0.000000 0.000000 1.000000
0.244763 -0.932363 0.266064 0.000000 0.394097 -0.155053 -0.905895 5.607700 0.885878 0.326584 0.329490 0.000000 0.000000 0.000000 0.000000 1.000000
0.239961 -0.933634 0.265980 -0.000000 0.393799 -0.156815 -0.905722 5.607700 0.887323 0.322080 0.330034 0.000000 0.000000 0.000000 0.000000 1.000000
0.235423 -0.934789 0.265981 0.000000 0.393493 -0.158562 -0.905550 5.607700 0.888673 0.317849 0.330504 -0.000000 0.000000 0.000000 0.000000 1.000000
0.231268 -0.935778 0.266146 0.000000 0.393267 -0.160298 -0.905343 5.607700 0.889863 0.314044 0.330939 0.000000 0.000000 0.000000 0.000000 1.000000
0.227676 -0.936610 0.266319 0.000000 0.393091 -0.161818 -0.905149 5.607700 0.890866 0.310768 0.331331 -0.000000 0.000000 0.000000 0.000000 1.000000
0.224667 -0.937289 0.266483 0.000000 0.392921 -0.163118 -0.904989 5.607700 0.891705 0.308028 0.331633 -0.000000 0.000000 0.000000 0.000000 1.000000
0.222242 -0.937824 0.266634 0.000000 0.392723 -0.164201 -0.904879 5.607700 0.892400 0.305816 0.331813 0.000000 0.000000 0.000000 0.000000 1.000000
0.220363 -0.938207 0.266849 0.000000 0.392543 -0.165144 -0.904786 5.607700 0.892945 0.304131 0.331895 0.000000 0.000000 0.000000 0.000000 1.000000
0.219053 -0.938425 0.267161 0.000000 0.392371 -0.165972 -0.904709 5.607700 0.893342 0.303005 0.331854 0.000000 0.000000 0.000000 0.000000 1.000000
0.218616 -0.938449 0.267432 0.000000 0.392280 -0.166421 -0.904666 5.607700 0.893490 0.302682 0.331752 -0.000000 0.000000 0.000000 0.000000 1.000000
0.218666 -0.938276 0.267998 -0.000000 0.392350 -0.166925 -0.904543 5.607700 0.893447 0.302942 0.331632 -0.000000 0.000000 0.000000 0.000000 1.000000
0.219598 -0.937923 0.268471 0.000000 0.392444 -0.167016 -0.904485 5.607700 0.893177 0.303983 0.331406 -0.000000 0.000000 0.000000 0.000000 1.000000
0.220824 -0.937418 0.269230 -0.000000 0.392645 -0.167241 -0.904357 5.607700 0.892786 0.305415 0.331141 -0.000000 0.000000 0.000000 0.000000 1.000000
0.222583 -0.936799 0.269933 0.000000 0.392837 -0.167224 -0.904276 5.607700 0.892265 0.307316 0.330788 0.000000 0.000000 0.000000 0.000000 1.000000
0.224977 -0.936002 0.270713 0.000000 0.393017 -0.167058 -0.904229 5.607700 0.891585 0.309826 0.330280 0.000000 0.000000 0.000000 0.000000 1.000000
0.228490 -0.934953 0.271395 0.000000 0.393104 -0.166430 -0.904307 5.607700 0.890652 0.313311 0.329506 0.000000 0.000000 0.000000 0.000000 1.000000
0.232802 -0.933623 0.272307 0.000000 0.393186 -0.165740 -0.904397 5.607700 0.889499 0.317613 0.328503 0.000000 0.000000 0.000000 0.000000 1.000000
0.237876 -0.932104 0.273124 0.000000 0.393249 -0.164695 -0.904561 5.607700 0.888127 0.322579 0.327372 0.000000 0.000000 0.000000 0.000000 1.000000
0.243597 -0.930414 0.273843 0.000000 0.393364 -0.163304 -0.904763 5.607700 0.886524 0.328118 0.326211 0.000000 0.000000 0.000000 0.000000 1.000000
0.249484 -0.928556 0.274848 -0.000000 0.393613 -0.162083 -0.904875 5.607700 0.884775 0.333936 0.325055 0.000000 0.000000 0.000000 0.000000 1.000000
0.255633 -0.926575 0.275882 0.000000 0.393953 -0.160759 -0.904963 5.607700 0.882866 0.340023 0.323932 -0.000000 0.000000 0.000000 0.000000 1.000000
0.262223 -0.924460 0.276789 -0.000000 0.394265 -0.159162 -0.905109 5.607700 0.880792 0.346469 0.322746 0.000000 0.000000 0.000000 0.000000 1.000000
0.268847 -0.922279 0.277712 0.000000 0.394578 -0.157564 -0.905252 5.607700 0.878652 0.352953 0.321550 0.000000 0.000000 0.000000 0.000000 1.000000
0.275660 -0.920056 0.278402 0.000000 0.394839 -0.155687 -0.905463 5.607700 0.876421 0.359524 0.320358 -0.000000 0.000000 0.000000 0.000000 1.000000
0.282408 -0.917784 0.279138 0.000000 0.395170 -0.153846 -0.905634 5.607700 0.874120 0.366065 0.319234 -0.000000 0.000000 0.000000 0.000000 1.000000
0.289038 -0.915502 0.279843 0.000000 0.395543 -0.151993 -0.905784 5.607700 0.871781 0.372496 0.318189 -0.000000 0.000000 0.000000 0.000000 1.000000
0.295689 -0.913259 0.280224 0.000000 0.395806 -0.149853 -0.906025 5.607700 0.869428 0.378816 0.317164 -0.000000 0.000000 0.000000 0.000000 1.000000
0.301973 -0.911113 0.280509 0.000000 0.395965 -0.147789 -0.906294 5.607700 0.867193 0.384748 0.316141 -0.000000 0.000000 0.000000 0.000000 1.000000
0.308098 -0.909052 0.280535 0.000000 0.396075 -0.145543 -0.906610 5.607700 0.864986 0.390438 0.315212 -0.000000 0.000000 0.000000 0.000000 1.000000
0.313810 -0.907140 0.280392 -0.000000 0.396175 -0.143276 -0.906927 5.607700 0.862884 0.395687 0.314425 0.000000 0.000000 0.000000 0.000000 1.000000
0.318948 -0.905424 0.280142 0.000000 0.396290 -0.141098 -0.907219 5.607700 0.860945 0.400373 0.313807 0.000000 0.000000 0.000000 0.000000 1.000000
0.323216 -0.903933 0.280066 0.000000 0.396484 -0.139372 -0.907401 5.607700 0.859262 0.404328 0.313348 0.000000 0.000000 0.000000 0.000000 1.000000
0.326792 -0.902442 0.280724 0.000000 0.396795 -0.138575 -0.907387 5.607700 0.857765 0.407916 0.312799 0.000000 0.000000 0.000000 0.000000 1.000000</float_array>
        <technique_common>
          <accessor source="#mixamorig_LeftArm-Matrix-animation-output-transform-array" count="64" stride="16">
            <param type="float4x4"/>
          </accessor>
        </technique_common>
      </source>
      <source id="mixamorig_LeftArm-Interpolations">
        <Name_array id="mixamorig_LeftArm-Interpolations-array" count="64">
 LINEAR LINEAR LINEAR LINEAR LINEAR LINEAR LINEAR LINEAR LINEAR LINEAR LINEAR
LINEAR LINEAR LINEAR LINEAR LINEAR LINEAR LINEAR LINEAR LINEAR LINEAR LINEAR LINEAR
LINEAR LINEAR LINEAR LINEAR LINEAR LINEAR LINEAR LINEAR LINEAR LINEAR LINEAR LINEAR
LINEAR LINEAR LINEAR LINEAR LINEAR LINEAR LINEAR LINEAR LINEAR LINEAR LINEAR LINEAR
LINEAR LINEAR LINEAR LINEAR LINEAR LINEAR LINEAR LINEAR LINEAR LINEAR LINEAR LINEAR
LINEAR LINEAR LINEAR LINEAR LINEAR</Name_array>
        <technique_common>
          <accessor source="#mixamorig_LeftArm-Interpolations-array" count="64">
            <param type="name"/>
          </accessor>
        </technique_common>
      </source>
      <sampler id="mixamorig_LeftArm-Matrix-animation-transform">
        <input semantic="INPUT" source="#mixamorig_LeftArm-Matrix-animation-input"/>
        <input semantic="OUTPUT" source="#mixamorig_LeftArm-Matrix-animation-output-transform"/>
        <input semantic="INTERPOLATION" source="#mixamorig_LeftArm-Interpolations"/>
      </sampler>
      <channel source="#mixamorig_LeftArm-Matrix-animation-transform" target="mixamorig_LeftArm/matrix"/>
    </animation>
    <animation id="mixamorig_LeftForeArm-anim" name="mixamorig_LeftForeArm">
      <source id="mixamorig_LeftForeArm-Matrix-animation-input">
        <float_array id="mixamorig_LeftForeArm-Matrix-animation-input-array" count="64">

0.000000 0.033333 0.066667 0.100000 0.133333 0.166667 0.200000 0.233333 0.266667 0.300000 0.333333 0.366667 0.400000 0.433333 0.466667 0.500000
0.533333 0.566667 0.600000 0.633333 0.666667 0.700000 0.733333 0.766667 0.800000 0.833333 0.866667 0.900000 0.933333 0.966667 1.000000 1.033333
1.066667 1.100000 1.133333 1.166667 1.200000 1.233333 1.266667 1.300000 1.333333 1.366667 1.400000 1.433333 1.466667 1.500000 1.533333 1.566667
1.600000 1.633333 1.666667 1.700000 1.733333 1.766667 1.800000 1.833333 1.866667 1.900000 1.933333 1.966667 2.000000 2.033333 2.066667 2.100000</float_array>
        <technique_common>
          <accessor source="#mixamorig_LeftForeArm-Matrix-animation-input-array" count="64">
            <param name="TIME" type="float"/>
          </accessor>
        </technique_common>
      </source>
      <source id="mixamorig_LeftForeArm-Matrix-animation-output-transform">
        <float_array id="mixamorig_LeftForeArm-Matrix-animation-output-transform-array" count="1024">

-0.062858 -0.971273 -0.229515 0.000000 -0.247023 0.237955 -0.939339 21.869200 0.966969 -0.002350 -0.254884 0.000000 0.000000 0.000000 0.000000 1.000000
-0.062692 -0.971122 -0.230199 0.000000 -0.248604 0.238578 -0.938763 21.869200 0.966574 -0.001625 -0.256382 0.000000 0.000000 0.000000 0.000000 1.000000
-0.062557 -0.970982 -0.230826 0.000000 -0.249990 0.239150 -0.938249 21.869200 0.966225 -0.000990 -0.257696 -0.000000 0.000000 0.000000 0.000000 1.000000
-0.062512 -0.970830 -0.231479 0.000000 -0.250826 0.239770 -0.937868 21.869200 0.966012 -0.000567 -0.258498 0.000000 0.000000 0.000000 0.000000 1.000000
-0.062571 -0.970654 -0.232199 -0.000000 -0.251266 0.240481 -0.937568 21.869200 0.965893 -0.000321 -0.258939 0.000000 0.000000 0.000000 0.000000 1.000000
-0.062626 -0.970521 -0.232738 0.000000 -0.251837 0.241017 -0.937278 21.869200 0.965741 -0.000086 -0.259507 0.000000 0.000000 0.000000 0.000000 1.000000
-0.062702 -0.970388 -0.233271 0.000000 -0.252773 0.241551 -0.936888 21.869200 0.965492 0.000220 -0.260434 0.000000 0.000000 0.000000 0.000000 1.000000
-0.062800 -0.970250 -0.233819 0.000000 -0.253904 0.242105 -0.936439 21.869200 0.965188 0.000560 -0.261555 0.000000 0.000000 0.000000 0.000000 1.000000
-0.062912 -0.970133 -0.234275 0.000000 -0.254941 0.242574 -0.936036 21.869200 0.964908 0.000839 -0.262587 0.000000 0.000000 0.000000 0.000000 1.000000
-0.063106 -0.969965 -0.234916 0.000000 -0.255659 0.243243 -0.935666 21.869200 0.964705 0.001012 -0.263330 -0.000000 0.000000 0.000000 0.000000 1.000000
-0.063321 -0.969810 -0.235496 0.000000 -0.256117 0.243858 -0.935381 21.869200 0.964570 0.001085 -0.263827 0.000000 0.000000 0.000000 0.000000 1.000000
-0.063574 -0.969640 -0.236129 -0.000000 -0.256466 0.244535 -0.935109 21.869200 0.964460 0.001110 -0.264225 0.000000 0.000000 0.000000 0.000000 1.000000
-0.063859 -0.969437 -0.236882 0.000000 -0.256698 0.245336 -0.934835 21.869200 0.964380 0.001110 -0.264519 0.000000 0.000000 0.000000 0.000000 1.000000
-0.064142 -0.969214 -0.237720 0.000000 -0.256596 0.246219 -0.934631 21.869200 0.964388 0.001049 -0.264489 0.000000 0.000000 0.000000 0.000000 1.000000
-0.064424 -0.969010 -0.238474 0.000000 -0.256135 0.247022 -0.934545 21.869200 0.964492 0.000875 -0.264111 0.000000 0.000000 0.000000 0.000000 1.000000
-0.064716 -0.968808 -0.239213 0.000000 -0.255513 0.247812 -0.934507 21.869200 0.964637 0.000645 -0.263580 -0.000000 0.000000 0.000000 0.000000 1.000000
-0.065042 -0.968567 -0.240099 0.000000 -0.255126 0.248753 -0.934362 21.869200 0.964718 0.000483 -0.263286 0.000000 0.000000 0.000000 0.000000 1.000000
-0.065449 -0.968239 -0.241307 -0.000000 -0.254993 0.250025 -0.934059 21.869200 0.964725 0.000399 -0.263258 0.000000 0.000000 0.000000 0.000000 1.000000
-0.065954 -0.967831 -0.242801 0.000000 -0.254440 0.251599 -0.933787 21.869200 0.964837 0.000191 -0.262849 0.000000 0.000000 0.000000 0.000000 1.000000
-0.066544 -0.967375 -0.244453 0.000000 -0.252704 0.253348 -0.933786 21.869200 0.965253 -0.000364 -0.261318 0.000000 0.000000 0.000000 0.000000 1.000000
-0.067258 -0.966837 -0.246380 0.000000 -0.249989 0.255392 -0.933959 21.869200 0.965910 -0.001224 -0.258876 0.000000 0.000000 0.000000 0.000000 1.000000
-0.067999 -0.966262 -0.248423 0.000000 -0.247488 0.257554 -0.934032 21.869200 0.966502 -0.002031 -0.256652 0.000000 0.000000 0.000000 0.000000 1.000000
-0.068701 -0.965681 -0.250478 -0.000000 -0.245991 0.259717 -0.933828 21.869200 0.966834 -0.002540 -0.255392 0.000000 0.000000 0.000000 0.000000 1.000000
-0.069376 -0.965107 -0.252500 0.000000 -0.244859 0.261841 -0.933533 21.869200 0.967073 -0.002938 -0.254480 0.000000 0.000000 0.000000 0.000000 1.000000
-0.070065 -0.964512 -0.254571 0.000000 -0.242856 0.264013 -0.933444 21.869200 0.967529 -0.003578 -0.252736 -0.000000 0.000000 0.000000 0.000000 1.000000
-0.070681 -0.963986 -0.256390 0.000000 -0.239744 0.265916 -0.933708 21.869200 0.968260 -0.004527 -0.249905 0.000000 0.000000 0.000000 0.000000 1.000000
-0.071320 -0.963411 -0.258366 -0.000000 -0.236197 0.267971 -0.934025 21.869200 0.969084 -0.005589 -0.246666 -0.000000 0.000000 0.000000 0.000000 1.000000
-0.071907 -0.962848 -0.260296 0.000000 -0.232766 0.269965 -0.934312 21.869200 0.969871 -0.006596 -0.243531 0.000000 0.000000 0.000000 0.000000 1.000000
-0.072455 -0.962275 -0.262253 0.000000 -0.229646 0.271975 -0.934501 21.869200 0.970573 -0.007484 -0.240689 0.000000 0.000000 0.000000 0.000000 1.000000
-0.072926 -0.961741 -0.264076 -0.000000 -0.227008 0.273837 -0.934602 21.869200 0.971159 -0.008209 -0.238293 0.000000 0.000000 0.000000 0.000000 1.000000
-0.073348 -0.961225 -0.265831 0.000000 -0.224668 0.275623 -0.934642 21.869200 0.971671 -0.008830 -0.236173 0.000000 0.000000 0.000000 0.000000 1.000000
-0.073712 -0.960747 -0.267454 -0.000000 -0.222131 0.277263 -0.934764 21.869200 0.972226 -0.009494 -0.233850 0.000000 0.000000 0.000000 0.000000 1.000000
-0.074038 -0.960296 -0.268978 0.000000 -0.219318 0.278794 -0.934972 21.869200 0.972840 -0.010232 -0.231252 0.000000 0.000000 0.000000 0.000000 1.000000
-0.074296 -0.959895 -0.270337 0.000000 -0.216464 0.280146 -0.935233 21.869200 0.973460 -0.010966 -0.228596 0.000000 0.000000 0.000000 0.000000 1.000000
-0.074506 -0.959524 -0.271592 0.000000 -0.213583 0.281383 -0.935525 21.869200 0.974080 -0.011695 -0.225902 0.000000 0.000000 0.000000 0.000000 1.000000
-0.074611 -0.959254 -0.272515 0.000000 -0.210668 0.282271 -0.935918 21.869200 0.974706 -0.012420 -0.223145 0.000000 0.000000 0.000000 0.000000 1.000000
-0.074622 -0.959095 -0.273073 -0.000000 -0.208106 0.282785 -0.936336 21.869200 0.975256 -0.013044 -0.220695 0.000000 0.000000 0.000000 0.000000 1.000000
-0.074546 -0.959057 -0.273226 0.000000 -0.206215 0.282891 -0.936722 21.869200 0.975663 -0.013486 -0.218860 0.000000 0.000000 0.000000 0.000000 1.000000
-0.074397 -0.959136 -0.272989 0.000000 -0.204860 0.282609 -0.937104 21.869200 0.975960 -0.013793 -0.217514 -0.000000 0.000000 0.000000 0.000000 1.000000
-0.074169 -0.959321 -0.272402 0.000000 -0.203714 0.281969 -0.937547 21.869200 0.976217 -0.014045 -0.216340 0.000000 0.000000 0.000000 0.000000 1.000000
-0.073846 -0.959634 -0.271385 0.000000 -0.202528 0.280888 -0.938128 21.869200 0.976488 -0.014314 -0.215096 0.000000 0.000000 0.000000 0.000000 1.000000
-0.073489 -0.959951 -0.270357 0.000000 -0.201273 0.279787 -0.938727 21.869200 0.976774 -0.014570 -0.213774 0.000000 0.000000 0.000000 0.000000 1.000000
-0.072995 -0.960407 -0.268867 0.000000 -0.200151 0.278208 -0.939436 21.869200 0.977042 -0.014761 -0.212534 -0.000000 0.000000 0.000000 0.000000 1.000000
-0.072481 -0.960885 -0.267294 0.000000 -0.199252 0.276546 -0.940117 21.869200 0.977264 -0.014882 -0.211503 0.000000 0.000000 0.000000 0.000000 1.000000
-0.071897 -0.961484 -0.265289 0.000000 -0.198732 0.274454 -0.940840 21.869200 0.977413 -0.014922 -0.210810 0.000000 0.000000 0.000000 0.000000 1.000000
-0.071291 -0.962131 -0.263100 0.000000 -0.198929 0.272187 -0.941457 21.869200 0.977418 -0.014779 -0.210800 0.000000 0.000000 0.000000 0.000000 1.000000
-0.070617 -0.962848 -0.260647 0.000000 -0.200306 0.269664 -0.941891 21.869200 0.977185 -0.014305 -0.211908 0.000000 0.000000 0.000000 0.000000 1.000000
-0.069949 -0.963530 -0.258297 -0.000000 -0.202978 0.267262 -0.942004 21.869200 0.976682 -0.013464 -0.214271 0.000000 0.000000 0.000000 0.000000 1.000000
-0.069228 -0.964272 -0.255709 0.000000 -0.206494 0.264624 -0.941984 21.869200 0.975996 -0.012409 -0.217436 0.000000 0.000000 0.000000 0.000000 1.000000
-0.068457 -0.965080 -0.252854 0.000000 -0.209991 0.261709 -0.942026 21.869200 0.975304 -0.011391 -0.220574 0.000000 0.000000 0.000000 0.000000 1.000000
-0.067728 -0.965846 -0.250109 -0.000000 -0.212938 0.258902 -0.942140 21.869200 0.974716 -0.010552 -0.223200 0.000000 0.000000 0.000000 0.000000 1.000000
-0.067037 -0.966575 -0.247465 0.000000 -0.215519 0.256195 -0.942293 21.869200 0.974196 -0.009835 -0.225490 0.000000 0.000000 0.000000 0.000000 1.000000
-0.066339 -0.967302 -0.244798 -0.000000 -0.218097 0.253463 -0.942438 21.869200 0.973670 -0.009131 -0.227780 0.000000 0.000000 0.000000 0.000000 1.000000
-0.065680 -0.967970 -0.242321 0.000000 -0.220791 0.250924 -0.942491 21.869200 0.973107 -0.008401 -0.230199 0.000000 0.000000 0.000000 0.000000 1.000000
-0.065015 -0.968631 -0.239846 0.000000 -0.223528 0.248384 -0.942518 21.869200 0.972527 -0.007666 -0.232665 0.000000 0.000000 0.000000 0.000000 1.000000
-0.064423 -0.969212 -0.237649 -0.000000 -0.225967 0.246126 -0.942529 21.869200 0.972002 -0.007020 -0.234866 0.000000 0.000000 0.000000 0.000000 1.000000
-0.063896 -0.969727 -0.235685 0.000000 -0.227944 0.244106 -0.942578 21.869200 0.971576 -0.006504 -0.236640 0.000000 0.000000 0.000000 0.000000 1.000000
-0.063379 -0.970212 -0.233819 -0.000000 -0.230196 0.242184 -0.942527 21.869200 0.971078 -0.005912 -0.238689 0.000000 0.000000 0.000000 0.000000 1.000000
-0.062922 -0.970599 -0.232334 0.000000 -0.233316 0.240650 -0.942153 21.869200 0.970363 -0.005075 -0.241598 0.000000 0.000000 0.000000 0.000000 1.000000
-0.062498 -0.970928 -0.231071 0.000000 -0.236698 0.239337 -0.941643 21.869200 0.969571 -0.004157 -0.244775 0.000000 0.000000 0.000000 0.000000 1.000000
-0.062090 -0.971195 -0.230056 0.000000 -0.239606 0.238264 -0.941180 21.869200 0.968883 -0.003315 -0.247498 0.000000 0.000000 0.000000 0.000000 1.000000
-0.061766 -0.971342 -0.229521 0.000000 -0.242255 0.237673 -0.940651 21.869200 0.968245 -0.002498 -0.249992 0.000000 0.000000 0.000000 0.000000 1.000000
-0.061762 -0.971287 -0.229753 0.000000 -0.244766 0.237903 -0.939943 21.869200 0.967613 -0.001817 -0.252431 0.000000 0.000000 0.000000 0.000000 1.000000
-0.062982 -0.971249 -0.229584 0.000000 -0.247169 0.238054 -0.939275 21.869200 0.966923 -0.002411 -0.255056 0.000000 0.000000 0.000000 0.000000 1.000000</float_array>
        <technique_common>
          <accessor source="#mixamorig_LeftForeArm-Matrix-animation-output-transform-array" count="64" stride="16">
            <param type="float4x4"/>
          </accessor>
        </technique_common>
      </source>
      <source id="mixamorig_LeftForeArm-Interpolations">
        <Name_array id="mixamorig_LeftForeArm-Interpolations-array" count="64">
 LINEAR LINEAR LINEAR LINEAR LINEAR LINEAR LINEAR LINEAR LINEAR LINEAR LINEAR
LINEAR LINEAR LINEAR LINEAR LINEAR LINEAR LINEAR LINEAR LINEAR LINEAR LINEAR LINEAR
LINEAR LINEAR LINEAR LINEAR LINEAR LINEAR LINEAR LINEAR LINEAR LINEAR LINEAR LINEAR
LINEAR LINEAR LINEAR LINEAR LINEAR LINEAR LINEAR LINEAR LINEAR LINEAR LINEAR LINEAR
LINEAR LINEAR LINEAR LINEAR LINEAR LINEAR LINEAR LINEAR LINEAR LINEAR LINEAR LINEAR
LINEAR LINEAR LINEAR LINEAR LINEAR</Name_array>
        <technique_common>
          <accessor source="#mixamorig_LeftForeArm-Interpolations-array" count="64">
            <param type="name"/>
          </accessor>
        </technique_common>
      </source>
      <sampler id="mixamorig_LeftForeArm-Matrix-animation-transform">
        <input semantic="INPUT" source="#mixamorig_LeftForeArm-Matrix-animation-input"/>
        <input semantic="OUTPUT" source="#mixamorig_LeftForeArm-Matrix-animation-output-transform"/>
        <input semantic="INTERPOLATION" source="#mixamorig_LeftForeArm-Interpolations"/>
      </sampler>
      <channel source="#mixamorig_LeftForeArm-Matrix-animation-transform" target="mixamorig_LeftForeArm/matrix"/>
    </animation>
    <animation id="mixamorig_LeftHand-anim" name="mixamorig_LeftHand">
      <source id="mixamorig_LeftHand-Matrix-animation-input">
        <float_array id="mixamorig_LeftHand-Matrix-animation-input-array" count="64">

0.000000 0.033333 0.066667 0.100000 0.133333 0.166667 0.200000 0.233333 0.266667 0.300000 0.333333 0.366667 0.400000 0.433333 0.466667 0.500000
0.533333 0.566667 0.600000 0.633333 0.666667 0.700000 0.733333 0.766667 0.800000 0.833333 0.866667 0.900000 0.933333 0.966667 1.000000 1.033333
1.066667 1.100000 1.133333 1.166667 1.200000 1.233333 1.266667 1.300000 1.333333 1.366667 1.400000 1.433333 1.466667 1.500000 1.533333 1.566667
1.600000 1.633333 1.666667 1.700000 1.733333 1.766667 1.800000 1.833333 1.866667 1.900000 1.933333 1.966667 2.000000 2.033333 2.066667 2.100000</float_array>
        <technique_common>
          <accessor source="#mixamorig_LeftHand-Matrix-animation-input-array" count="64">
            <param name="TIME" type="float"/>
          </accessor>
        </technique_common>
      </source>
      <source id="mixamorig_LeftHand-Matrix-animation-output-transform">
        <float_array id="mixamorig_LeftHand-Matrix-animation-output-transform-array" count="1024">

0.908952 0.098015 -0.405215 0.000000 -0.003759 0.973857 0.227130 23.865299 0.416884 -0.204927 0.885558 0.000000 0.000000 0.000000 0.000000 1.000000
0.909208 0.097220 -0.404832 -0.000000 -0.002992 0.973855 0.227151 23.865299 0.416331 -0.205317 0.885728 0.000000 0.000000 0.000000 0.000000 1.000000
0.909399 0.096490 -0.404577 0.000000 -0.002268 0.973854 0.227163 23.865299 0.415918 -0.205664 0.885841 -0.000000 0.000000 0.000000 0.000000 1.000000
0.909386 0.095940 -0.404737 -0.000000 -0.001650 0.973861 0.227138 23.865299 0.415950 -0.205889 0.885774 0.000000 0.000000 0.000000 0.000000 1.000000
0.909226 0.095536 -0.405192 0.000000 -0.001129 0.973874 0.227086 23.865299 0.416301 -0.206015 0.885580 -0.000000 0.000000 0.000000 0.000000 1.000000
0.909134 0.095073 -0.405508 -0.000000 -0.000541 0.973868 0.227114 23.865299 0.416503 -0.206257 0.885428 0.000000 0.000000 0.000000 0.000000 1.000000
0.909219 0.094524 -0.405445 0.000000 0.000050 0.973859 0.227153 23.865299 0.416318 -0.206552 0.885447 0.000000 0.000000 0.000000 0.000000 1.000000
0.909415 0.093945 -0.405141 0.000000 0.000632 0.973839 0.227237 23.865299 0.415890 -0.206909 0.885564 -0.000000 0.000000 0.000000 0.000000 1.000000
0.909602 0.093423 -0.404840 -0.000000 0.001183 0.973806 0.227379 23.865299 0.415478 -0.207304 0.885665 0.000000 0.000000 0.000000 0.000000 1.000000
0.909714 0.093069 -0.404672 -0.000000 0.001594 0.973769 0.227535 23.865299 0.415233 -0.207637 0.885702 0.000000 0.000000 0.000000 0.000000 1.000000
0.909762 0.092838 -0.404617 -0.000000 0.001934 0.973715 0.227764 23.865299 0.415126 -0.207993 0.885669 0.000000 0.000000 0.000000 0.000000 1.000000
0.909806 0.092707 -0.404546 0.000000 0.002168 0.973658 0.228002 23.865299 0.415027 -0.208315 0.885639 0.000000 0.000000 0.000000 0.000000 1.000000
0.909866 0.092678 -0.404420 -0.000000 0.002292 0.973596 0.228268 23.865299 0.414897 -0.208620 0.885629 0.000000 0.000000 0.000000 0.000000 1.000000
0.909876 0.092742 -0.404381 -0.000000 0.002355 0.973525 0.228568 23.865299 0.414873 -0.208921 0.885569 -0.000000 0.000000 0.000000 0.000000 1.000000
0.909792 0.092932 -0.404527 0.000000 0.002355 0.973441 0.228926 23.865299 0.415058 -0.209228 0.885410 0.000000 0.000000 0.000000 0.000000 1.000000
0.909686 0.093191 -0.404707 -0.000000 0.002289 0.973358 0.229278 23.865299 0.415291 -0.209497 0.885237 0.000000 0.000000 0.000000 0.000000 1.000000
0.909706 0.093463 -0.404599 0.000000 0.002096 0.973295 0.229547 23.865299 0.415248 -0.209668 0.885216 -0.000000 0.000000 0.000000 0.000000 1.000000
0.909856 0.093825 -0.404178 0.000000 0.001672 0.973261 0.229696 23.865299 0.414922 -0.209667 0.885370 -0.000000 0.000000 0.000000 0.000000 1.000000
0.909873 0.094463 -0.403991 0.000000 0.000980 0.973243 0.229775 23.865299 0.414887 -0.209462 0.885435 0.000000 0.000000 0.000000 0.000000 1.000000
0.909476 0.095568 -0.404624 0.000000 0.000015 0.973215 0.229897 23.865299 0.415757 -0.209092 0.885114 0.000000 0.000000 0.000000 0.000000 1.000000
0.908764 0.097097 -0.405857 0.000000 -0.001224 0.973171 0.230080 23.865299 0.417308 -0.208591 0.884502 -0.000000 0.000000 0.000000 0.000000 1.000000
0.908213 0.098644 -0.406717 -0.000000 -0.002552 0.973112 0.230319 23.865299 0.418501 -0.208140 0.884044 0.000000 0.000000 0.000000 0.000000 1.000000
0.908121 0.099927 -0.406609 0.000000 -0.003850 0.973056 0.230536 23.865299 0.418690 -0.207789 0.884037 0.000000 0.000000 0.000000 0.000000 1.000000
0.908208 0.101115 -0.406120 0.000000 -0.005173 0.973014 0.230690 23.865299 0.418486 -0.207413 0.884222 0.000000 0.000000 0.000000 0.000000 1.000000
0.907992 0.102566 -0.406239 0.000000 -0.006660 0.972985 0.230772 23.865299 0.418934 -0.206834 0.884146 0.000000 0.000000 0.000000 0.000000 1.000000
0.907380 0.104292 -0.407166 0.000000 -0.008199 0.972934 0.230938 23.865299 0.420231 -0.206211 0.883676 0.000000 0.000000 0.000000 0.000000 1.000000
0.906618 0.106170 -0.408376 0.000000 -0.009905 0.972915 0.230949 23.865299 0.421835 -0.205338 0.883115 0.000000 0.000000 0.000000 0.000000 1.000000
0.905917 0.107997 -0.409452 0.000000 -0.011653 0.972923 0.230837 23.865299 0.423295 -0.204348 0.882645 0.000000 0.000000 0.000000 0.000000 1.000000
0.905345 0.109739 -0.410252 -0.000000 -0.013451 0.972962 0.230575 23.865299 0.424463 -0.203232 0.882343 0.000000 0.000000 0.000000 0.000000 1.000000
0.904970 0.111311 -0.410658 0.000000 -0.015215 0.973022 0.230212 23.865299 0.425204 -0.202087 0.882248 0.000000 0.000000 0.000000 0.000000 1.000000
0.904708 0.112769 -0.410837 0.000000 -0.016962 0.973101 0.229753 23.865299 0.425695 -0.200890 0.882285 0.000000 0.000000 0.000000 0.000000 1.000000
0.904358 0.114242 -0.411200 -0.000000 -0.018704 0.973190 0.229241 23.865299 0.426365 -0.199625 0.882249 -0.000000 0.000000 0.000000 0.000000 1.000000
0.903877 0.115757 -0.411832 0.000000 -0.020452 0.973286 0.228683 23.865299 0.427302 -0.198278 0.882099 0.000000 0.000000 0.000000 0.000000 1.000000
0.903361 0.117232 -0.412548 -0.000000 -0.022162 0.973391 0.228076 23.865299 0.428308 -0.196892 0.881922 -0.000000 0.000000 0.000000 0.000000 1.000000
0.902808 0.118660 -0.413349 0.000000 -0.023840 0.973511 0.227395 23.865299 0.429382 -0.195440 0.881722 0.000000 0.000000 0.000000 0.000000 1.000000
0.902212 0.119983 -0.414268 0.000000 -0.025374 0.973628 0.226726 23.865299 0.430546 -0.194043 0.881463 0.000000 0.000000 0.000000 0.000000 1.000000
0.901716 0.121092 -0.415024 0.000000 -0.026701 0.973739 0.226097 23.865299 0.431503 -0.192794 0.881269 0.000000 0.000000 0.000000 0.000000 1.000000
0.901444 0.121900 -0.415377 -0.000000 -0.027759 0.973836 0.225548 23.865299 0.432004 -0.191789 0.881243 -0.000000 0.000000 0.000000 0.000000 1.000000
0.901337 0.122449 -0.415448 0.000000 -0.028574 0.973925 0.225062 23.865299 0.432174 -0.190985 0.881334 -0.000000 0.000000 0.000000 0.000000 1.000000
0.901265 0.122841 -0.415489 -0.000000 -0.029186 0.974000 0.224658 23.865299 0.432283 -0.190350 0.881418 0.000000 0.000000 0.000000 0.000000 1.000000
0.901119 0.123108 -0.415727 0.000000 -0.029523 0.974039 0.224446 23.865299 0.432566 -0.189979 0.881360 0.000000 0.000000 0.000000 0.000000 1.000000
0.900884 0.123295 -0.416180 0.000000 -0.029695 0.974069 0.224293 23.865299 0.433042 -0.189703 0.881185 0.000000 0.000000 0.000000 0.000000 1.000000
0.900657 0.123289 -0.416674 0.000000 -0.029514 0.974047 0.224415 23.865299 0.433528 -0.189823 0.880920 0.000000 0.000000 0.000000 0.000000 1.000000
0.900480 0.123163 -0.417093 0.000000 -0.029187 0.974013 0.224602 23.865299 0.433917 -0.190076 0.880674 -0.000000 0.000000 0.000000 0.000000 1.000000
0.900408 0.122853 -0.417339 -0.000000 -0.028618 0.973948 0.224960 23.865299 0.434104 -0.190612 0.880466 0.000000 0.000000 0.000000 0.000000 1.000000
0.900542 0.122273 -0.417221 0.000000 -0.027868 0.973899 0.225266 23.865299 0.433874 -0.191234 0.880444 -0.000000 0.000000 0.000000 0.000000 1.000000
0.901034 0.121270 -0.416450 0.000000 -0.026870 0.973883 0.225457 23.865299 0.432915 -0.191954 0.880760 0.000000 0.000000 0.000000 0.000000 1.000000
0.901919 0.119875 -0.414935 0.000000 -0.025760 0.973931 0.225378 23.865299 0.431136 -0.192584 0.881495 0.000000 0.000000 0.000000 0.000000 1.000000
0.903029 0.118170 -0.413007 -0.000000 -0.024396 0.973976 0.225334 23.865299 0.428887 -0.193407 0.882411 0.000000 0.000000 0.000000 0.000000 1.000000
0.904032 0.116397 -0.411312 0.000000 -0.022818 0.973981 0.225476 23.865299 0.426855 -0.194453 0.883167 0.000000 0.000000 0.000000 0.000000 1.000000
0.904729 0.114786 -0.410230 0.000000 -0.021249 0.973973 0.225665 23.865299 0.425457 -0.195449 0.883621 0.000000 0.000000 0.000000 0.000000 1.000000
0.905202 0.113301 -0.409600 -0.000000 -0.019680 0.973948 0.225916 23.865299 0.424526 -0.196438 0.883849 0.000000 0.000000 0.000000 0.000000 1.000000
0.905601 0.111823 -0.409124 0.000000 -0.018052 0.973906 0.226234 23.865299 0.423746 -0.197492 0.883989 0.000000 0.000000 0.000000 0.000000 1.000000
0.905983 0.110343 -0.408680 0.000000 -0.016436 0.973871 0.226507 23.865299 0.422995 -0.198494 0.884124 -0.000000 0.000000 0.000000 0.000000 1.000000
0.906328 0.108851 -0.408314 -0.000000 -0.014765 0.973822 0.226834 23.865299 0.422317 -0.199557 0.884209 0.000000 0.000000 0.000000 0.000000 1.000000
0.906512 0.107495 -0.408265 0.000000 -0.013191 0.973781 0.227105 23.865299 0.421973 -0.200488 0.884162 0.000000 0.000000 0.000000 0.000000 1.000000
0.906483 0.106317 -0.408639 -0.000000 -0.011717 0.973742 0.227351 23.865299 0.422080 -0.201302 0.883926 -0.000000 0.000000 0.000000 0.000000 1.000000
0.906536 0.105084 -0.408841 0.000000 -0.010234 0.973706 0.227579 23.865299 0.422005 -0.202124 0.883774 -0.000000 0.000000 0.000000 0.000000 1.000000
0.906913 0.103644 -0.408372 0.000000 -0.008792 0.973715 0.227601 23.865299 0.421227 -0.202824 0.883986 -0.000000 0.000000 0.000000 0.000000 1.000000
0.907385 0.102147 -0.407699 0.000000 -0.007375 0.973738 0.227551 23.865299 0.420235 -0.203469 0.884309 0.000000 0.000000 0.000000 0.000000 1.000000
0.907667 0.100787 -0.407411 0.000000 -0.006048 0.973777 0.227424 23.865299 0.419648 -0.203961 0.884474 0.000000 0.000000 0.000000 0.000000 1.000000
0.907851 0.099564 -0.407301 0.000000 -0.004905 0.973853 0.227125 23.865299 0.419265 -0.204198 0.884602 0.000000 0.000000 0.000000 0.000000 1.000000
0.908112 0.098560 -0.406963 0.000000 -0.004117 0.973958 0.226691 23.865299 0.418708 -0.204185 0.884869 -0.000000 0.000000 0.000000 0.000000 1.000000
0.908946 0.098128 -0.405201 0.000000 -0.003932 0.973881 0.227026 23.865299 0.416895 -0.204761 0.885591 0.000000 0.000000 0.000000 0.000000 1.000000</float_array>
        <technique_common>
          <accessor source="#mixamorig_LeftHand-Matrix-animation-output-transform-array" count="64" stride="16">
            <param type="float4x4"/>
          </accessor>
        </technique_common>
      </source>
      <source id="mixamorig_LeftHand-Interpolations">
        <Name_array id="mixamorig_LeftHand-Interpolations-array" count="64">
 LINEAR LINEAR LINEAR LINEAR LINEAR LINEAR LINEAR LINEAR LINEAR LINEAR LINEAR
LINEAR LINEAR LINEAR LINEAR LINEAR LINEAR LINEAR LINEAR LINEAR LINEAR LINEAR LINEAR
LINEAR LINEAR LINEAR LINEAR LINEAR LINEAR LINEAR LINEAR LINEAR LINEAR LINEAR LINEAR
LINEAR LINEAR LINEAR LINEAR LINEAR LINEAR LINEAR LINEAR LINEAR LINEAR LINEAR LINEAR
LINEAR LINEAR LINEAR LINEAR LINEAR LINEAR LINEAR LINEAR LINEAR LINEAR LINEAR LINEAR
LINEAR LINEAR LINEAR LINEAR LINEAR</Name_array>
        <technique_common>
          <accessor source="#mixamorig_LeftHand-Interpolations-array" count="64">
            <param type="name"/>
          </accessor>
        </technique_common>
      </source>
      <sampler id="mixamorig_LeftHand-Matrix-animation-transform">
        <input semantic="INPUT" source="#mixamorig_LeftHand-Matrix-animation-input"/>
        <input semantic="OUTPUT" source="#mixamorig_LeftHand-Matrix-animation-output-transform"/>
        <input semantic="INTERPOLATION" source="#mixamorig_LeftHand-Interpolations"/>
      </sampler>
      <channel source="#mixamorig_LeftHand-Matrix-animation-transform" target="mixamorig_LeftHand/matrix"/>
    </animation>
    <animation id="mixamorig_LeftHandThumb1-anim" name="mixamorig_LeftHandThumb1">
      <source id="mixamorig_LeftHandThumb1-Matrix-animation-input">
        <float_array id="mixamorig_LeftHandThumb1-Matrix-animation-input-array" count="64">

0.000000 0.033333 0.066667 0.100000 0.133333 0.166667 0.200000 0.233333 0.266667 0.300000 0.333333 0.366667 0.400000 0.433333 0.466667 0.500000
0.533333 0.566667 0.600000 0.633333 0.666667 0.700000 0.733333 0.766667 0.800000 0.833333 0.866667 0.900000 0.933333 0.966667 1.000000 1.033333
1.066667 1.100000 1.133333 1.166667 1.200000 1.233333 1.266667 1.300000 1.333333 1.366667 1.400000 1.433333 1.466667 1.500000 1.533333 1.566667
1.600000 1.633333 1.666667 1.700000 1.733333 1.766667 1.800000 1.833333 1.866667 1.900000 1.933333 1.966667 2.000000 2.033333 2.066667 2.100000</float_array>
        <technique_common>
          <accessor source="#mixamorig_LeftHandThumb1-Matrix-animation-input-array" count="64">
            <param name="TIME" type="float"/>
          </accessor>
        </technique_common>
      </source>
      <source id="mixamorig_LeftHandThumb1-Matrix-animation-output-transform">
        <float_array id="mixamorig_LeftHandThumb1-Matrix-animation-output-transform-array" count="1024">

0.932480 -0.310254 0.184997 -3.107300 0.360980 0.819124 -0.445791 4.377300 -0.013227 0.482471 0.875812 2.078700 0.000000 0.000000 0.000000 1.000000
0.932480 -0.310253 0.184997 -3.107300 0.360979 0.819124 -0.445791 4.377300 -0.013228 0.482471 0.875812 2.078700 0.000000 0.000000 0.000000 1.000000
0.932480 -0.310254 0.184997 -3.107300 0.360980 0.819124 -0.445791 4.377300 -0.013228 0.482471 0.875812 2.078700 0.000000 0.000000 0.000000 1.000000
0.932480 -0.310253 0.184997 -3.107300 0.360980 0.819124 -0.445791 4.377300 -0.013228 0.482471 0.875812 2.078700 0.000000 0.000000 0.000000 1.000000
0.932480 -0.310253 0.184997 -3.107300 0.360979 0.819124 -0.445791 4.377300 -0.013227 0.482471 0.875812 2.078700 0.000000 0.000000 0.000000 1.000000
0.932480 -0.310253 0.184997 -3.107300 0.360979 0.819124 -0.445791 4.377300 -0.013228 0.482471 0.875812 2.078700 0.000000 0.000000 0.000000 1.000000
0.932480 -0.310254 0.184997 -3.107300 0.360980 0.819124 -0.445791 4.377300 -0.013227 0.482472 0.875812 2.078700 0.000000 0.000000 0.000000 1.000000
0.932480 -0.310254 0.184997 -3.107300 0.360980 0.819124 -0.445791 4.377300 -0.013227 0.482471 0.875812 2.078700 0.000000 0.000000 0.000000 1.000000
0.932480 -0.310254 0.184997 -3.107300 0.360980 0.819124 -0.445791 4.377300 -0.013227 0.482471 0.875812 2.078700 0.000000 0.000000 0.000000 1.000000
0.932480 -0.310254 0.184997 -3.107300 0.360980 0.819124 -0.445791 4.377300 -0.013228 0.482471 0.875812 2.078700 0.000000 0.000000 0.000000 1.000000
0.932480 -0.310253 0.184997 -3.107300 0.360979 0.819124 -0.445791 4.377300 -0.013228 0.482471 0.875812 2.078700 0.000000 0.000000 0.000000 1.000000
0.932480 -0.310253 0.184997 -3.107300 0.360979 0.819124 -0.445791 4.377300 -0.013228 0.482471 0.875812 2.078700 0.000000 0.000000 0.000000 1.000000
0.932480 -0.310254 0.184997 -3.107300 0.360979 0.819124 -0.445791 4.377300 -0.013227 0.482471 0.875812 2.078700 0.000000 0.000000 0.000000 1.000000
0.932480 -0.310253 0.184997 -3.107300 0.360979 0.819124 -0.445791 4.377300 -0.013228 0.482471 0.875812 2.078700 0.000000 0.000000 0.000000 1.000000
0.932480 -0.310253 0.184997 -3.107300 0.360979 0.819124 -0.445791 4.377300 -0.013228 0.482471 0.875812 2.078700 0.000000 0.000000 0.000000 1.000000
0.932480 -0.310254 0.184997 -3.107300 0.360979 0.819124 -0.445791 4.377300 -0.013227 0.482471 0.875812 2.078700 0.000000 0.000000 0.000000 1.000000
0.932480 -0.310253 0.184997 -3.107300 0.360979 0.819124 -0.445791 4.377300 -0.013228 0.482471 0.875812 2.078700 0.000000 0.000000 0.000000 1.000000
0.932480 -0.310253 0.184997 -3.107300 0.360979 0.819124 -0.445791 4.377300 -0.013228 0.482471 0.875812 2.078700 0.000000 0.000000 0.000000 1.000000
0.932480 -0.310253 0.184997 -3.107300 0.360980 0.819124 -0.445791 4.377300 -0.013228 0.482471 0.875812 2.078700 0.000000 0.000000 0.000000 1.000000
0.932480 -0.310253 0.184997 -3.107300 0.360979 0.819124 -0.445791 4.377300 -0.013227 0.482471 0.875812 2.078700 0.000000 0.000000 0.000000 1.000000
0.932480 -0.310254 0.184997 -3.107300 0.360980 0.819124 -0.445791 4.377300 -0.013228 0.482471 0.875812 2.078700 0.000000 0.000000 0.000000 1.000000
0.932480 -0.310253 0.184997 -3.107300 0.360980 0.819124 -0.445791 4.377300 -0.013228 0.482471 0.875812 2.078700 0.000000 0.000000 0.000000 1.000000
0.932480 -0.310253 0.184997 -3.107300 0.360980 0.819124 -0.445791 4.377300 -0.013227 0.482471 0.875812 2.078700 0.000000 0.000000 0.000000 1.000000
0.932480 -0.310253 0.184997 -3.107300 0.360979 0.819124 -0.445791 4.377300 -0.013227 0.482471 0.875812 2.078700 0.000000 0.000000 0.000000 1.000000
0.932480 -0.310253 0.184997 -3.107300 0.360979 0.819124 -0.445791 4.377300 -0.013227 0.482471 0.875812 2.078700 0.000000 0.000000 0.000000 1.000000
0.932480 -0.310254 0.184997 -3.107300 0.360980 0.819124 -0.445791 4.377300 -0.013227 0.482471 0.875812 2.078700 0.000000 0.000000 0.000000 1.000000
0.932480 -0.310253 0.184997 -3.107300 0.360979 0.819124 -0.445791 4.377300 -0.013228 0.482471 0.875812 2.078700 0.000000 0.000000 0.000000 1.000000
0.932480 -0.310253 0.184997 -3.107300 0.360979 0.819124 -0.445791 4.377300 -0.013228 0.482471 0.875812 2.078700 0.000000 0.000000 0.000000 1.000000
0.932480 -0.310254 0.184997 -3.107300 0.360980 0.819124 -0.445790 4.377300 -0.013228 0.482471 0.875812 2.078700 0.000000 0.000000 0.000000 1.000000
0.932480 -0.310253 0.184997 -3.107300 0.360979 0.819124 -0.445791 4.377300 -0.013228 0.482471 0.875812 2.078700 0.000000 0.000000 0.000000 1.000000
0.932480 -0.310253 0.184997 -3.107300 0.360979 0.819124 -0.445791 4.377300 -0.013227 0.482471 0.875812 2.078700 0.000000 0.000000 0.000000 1.000000
0.932480 -0.310253 0.184997 -3.107300 0.360979 0.819124 -0.445791 4.377300 -0.013227 0.482471 0.875812 2.078700 0.000000 0.000000 0.000000 1.000000
0.932480 -0.310253 0.184997 -3.107300 0.360979 0.819124 -0.445791 4.377300 -0.013228 0.482471 0.875812 2.078700 0.000000 0.000000 0.000000 1.000000
0.932480 -0.310253 0.184997 -3.107300 0.360979 0.819124 -0.445791 4.377300 -0.013228 0.482471 0.875812 2.078700 0.000000 0.000000 0.000000 1.000000
0.932480 -0.310253 0.184997 -3.107300 0.360979 0.819124 -0.445791 4.377300 -0.013227 0.482471 0.875812 2.078700 0.000000 0.000000 0.000000 1.000000
0.932480 -0.310253 0.184997 -3.107300 0.360979 0.819124 -0.445791 4.377300 -0.013228 0.482471 0.875812 2.078700 0.000000 0.000000 0.000000 1.000000
0.932480 -0.310253 0.184997 -3.107300 0.360979 0.819124 -0.445791 4.377300 -0.013228 0.482471 0.875812 2.078700 0.000000 0.000000 0.000000 1.000000
0.932480 -0.310254 0.184997 -3.107300 0.360980 0.819124 -0.445791 4.377300 -0.013227 0.482471 0.875812 2.078700 0.000000 0.000000 0.000000 1.000000
0.932480 -0.310253 0.184997 -3.107300 0.360980 0.819124 -0.445791 4.377300 -0.013227 0.482471 0.875812 2.078700 0.000000 0.000000 0.000000 1.000000
0.932480 -0.310253 0.184997 -3.107300 0.360980 0.819124 -0.445791 4.377300 -0.013228 0.482471 0.875812 2.078700 0.000000 0.000000 0.000000 1.000000
0.932480 -0.310254 0.184997 -3.107300 0.360980 0.819124 -0.445791 4.377300 -0.013228 0.482471 0.875812 2.078700 0.000000 0.000000 0.000000 1.000000
0.932480 -0.310253 0.184997 -3.107300 0.360979 0.819124 -0.445791 4.377300 -0.013228 0.482471 0.875812 2.078700 0.000000 0.000000 0.000000 1.000000
0.932480 -0.310253 0.184997 -3.107300 0.360979 0.819124 -0.445791 4.377300 -0.013227 0.482471 0.875812 2.078700 0.000000 0.000000 0.000000 1.000000
0.932480 -0.310254 0.184997 -3.107300 0.360980 0.819124 -0.445791 4.377300 -0.013227 0.482471 0.875812 2.078700 0.000000 0.000000 0.000000 1.000000
0.932480 -0.310253 0.184997 -3.107300 0.360979 0.819124 -0.445791 4.377300 -0.013228 0.482471 0.875812 2.078700 0.000000 0.000000 0.000000 1.000000
0.932480 -0.310254 0.184997 -3.107300 0.360980 0.819124 -0.445791 4.377300 -0.013227 0.482471 0.875812 2.078700 0.000000 0.000000 0.000000 1.000000
0.932480 -0.310253 0.184997 -3.107300 0.360979 0.819124 -0.445791 4.377300 -0.013228 0.482471 0.875812 2.078700 0.000000 0.000000 0.000000 1.000000
0.932480 -0.310253 0.184997 -3.107300 0.360979 0.819124 -0.445791 4.377300 -0.013227 0.482471 0.875812 2.078700 0.000000 0.000000 0.000000 1.000000
0.932480 -0.310253 0.184997 -3.107300 0.360979 0.819124 -0.445791 4.377300 -0.013227 0.482471 0.875812 2.078700 0.000000 0.000000 0.000000 1.000000
0.932480 -0.310253 0.184997 -3.107300 0.360979 0.819124 -0.445791 4.377300 -0.013227 0.482471 0.875812 2.078700 0.000000 0.000000 0.000000 1.000000
0.932480 -0.310254 0.184997 -3.107300 0.360980 0.819124 -0.445791 4.377300 -0.013227 0.482471 0.875812 2.078700 0.000000 0.000000 0.000000 1.000000
0.932480 -0.310253 0.184997 -3.107300 0.360979 0.819124 -0.445791 4.377300 -0.013228 0.482471 0.875812 2.078700 0.000000 0.000000 0.000000 1.000000
0.932480 -0.310254 0.184997 -3.107300 0.360980 0.819124 -0.445791 4.377300 -0.013227 0.482471 0.875812 2.078700 0.000000 0.000000 0.000000 1.000000
0.932480 -0.310253 0.184997 -3.107300 0.360979 0.819124 -0.445791 4.377300 -0.013228 0.482471 0.875812 2.078700 0.000000 0.000000 0.000000 1.000000
0.932480 -0.310253 0.184997 -3.107300 0.360979 0.819124 -0.445791 4.377300 -0.013228 0.482471 0.875812 2.078700 0.000000 0.000000 0.000000 1.000000
0.932480 -0.310253 0.184997 -3.107300 0.360979 0.819124 -0.445791 4.377300 -0.013227 0.482471 0.875812 2.078700 0.000000 0.000000 0.000000 1.000000
0.932480 -0.310253 0.184997 -3.107300 0.360979 0.819124 -0.445791 4.377300 -0.013227 0.482471 0.875812 2.078700 0.000000 0.000000 0.000000 1.000000
0.932480 -0.310254 0.184997 -3.107300 0.360980 0.819124 -0.445791 4.377300 -0.013228 0.482471 0.875812 2.078700 0.000000 0.000000 0.000000 1.000000
0.932480 -0.310253 0.184997 -3.107300 0.360979 0.819124 -0.445791 4.377300 -0.013227 0.482471 0.875812 2.078700 0.000000 0.000000 0.000000 1.000000
0.932480 -0.310253 0.184997 -3.107300 0.360979 0.819124 -0.445791 4.377300 -0.013227 0.482471 0.875812 2.078700 0.000000 0.000000 0.000000 1.000000
0.932480 -0.310253 0.184997 -3.107300 0.360980 0.819124 -0.445791 4.377300 -0.013227 0.482471 0.875812 2.078700 0.000000 0.000000 0.000000 1.000000
0.932480 -0.310253 0.184997 -3.107300 0.360979 0.819124 -0.445791 4.377300 -0.013228 0.482471 0.875812 2.078700 0.000000 0.000000 0.000000 1.000000
0.932480 -0.310254 0.184997 -3.107300 0.360980 0.819124 -0.445791 4.377300 -0.013227 0.482471 0.875812 2.078700 0.000000 0.000000 0.000000 1.000000
0.932480 -0.310253 0.184997 -3.107300 0.360979 0.819124 -0.445791 4.377300 -0.013227 0.482471 0.875812 2.078700 0.000000 0.000000 0.000000 1.000000</float_array>
        <technique_common>
          <accessor source="#mixamorig_LeftHandThumb1-Matrix-animation-output-transform-array" count="64" stride="16">
            <param type="float4x4"/>
          </accessor>
        </technique_common>
      </source>
      <source id="mixamorig_LeftHandThumb1-Interpolations">
        <Name_array id="mixamorig_LeftHandThumb1-Interpolations-array" count="64">
 LINEAR LINEAR LINEAR LINEAR LINEAR LINEAR LINEAR LINEAR LINEAR LINEAR LINEAR
LINEAR LINEAR LINEAR LINEAR LINEAR LINEAR LINEAR LINEAR LINEAR LINEAR LINEAR LINEAR
LINEAR LINEAR LINEAR LINEAR LINEAR LINEAR LINEAR LINEAR LINEAR LINEAR LINEAR LINEAR
LINEAR LINEAR LINEAR LINEAR LINEAR LINEAR LINEAR LINEAR LINEAR LINEAR LINEAR LINEAR
LINEAR LINEAR LINEAR LINEAR LINEAR LINEAR LINEAR LINEAR LINEAR LINEAR LINEAR LINEAR
LINEAR LINEAR LINEAR LINEAR LINEAR</Name_array>
        <technique_common>
          <accessor source="#mixamorig_LeftHandThumb1-Interpolations-array" count="64">
            <param type="name"/>
          </accessor>
        </technique_common>
      </source>
      <sampler id="mixamorig_LeftHandThumb1-Matrix-animation-transform">
        <input semantic="INPUT" source="#mixamorig_LeftHandThumb1-Matrix-animation-input"/>
        <input semantic="OUTPUT" source="#mixamorig_LeftHandThumb1-Matrix-animation-output-transform"/>
        <input semantic="INTERPOLATION" source="#mixamorig_LeftHandThumb1-Interpolations"/>
      </sampler>
      <channel source="#mixamorig_LeftHandThumb1-Matrix-animation-transform" target="mixamorig_LeftHandThumb1/matrix"/>
    </animation>
    <animation id="mixamorig_LeftHandThumb2-anim" name="mixamorig_LeftHandThumb2">
      <source id="mixamorig_LeftHandThumb2-Matrix-animation-input">
        <float_array id="mixamorig_LeftHandThumb2-Matrix-animation-input-array" count="64">

0.000000 0.033333 0.066667 0.100000 0.133333 0.166667 0.200000 0.233333 0.266667 0.300000 0.333333 0.366667 0.400000 0.433333 0.466667 0.500000
0.533333 0.566667 0.600000 0.633333 0.666667 0.700000 0.733333 0.766667 0.800000 0.833333 0.866667 0.900000 0.933333 0.966667 1.000000 1.033333
1.066667 1.100000 1.133333 1.166667 1.200000 1.233333 1.266667 1.300000 1.333333 1.366667 1.400000 1.433333 1.466667 1.500000 1.533333 1.566667
1.600000 1.633333 1.666667 1.700000 1.733333 1.766667 1.800000 1.833333 1.866667 1.900000 1.933333 1.966667 2.000000 2.033333 2.066667 2.100000</float_array>
        <technique_common>
          <accessor source="#mixamorig_LeftHandThumb2-Matrix-animation-input-array" count="64">
            <param name="TIME" type="float"/>
          </accessor>
        </technique_common>
      </source>
      <source id="mixamorig_LeftHandThumb2-Matrix-animation-output-transform">
        <float_array id="mixamorig_LeftHandThumb2-Matrix-animation-output-transform-array" count="1024">

0.970257 0.242050 -0.003575 -0.000000 -0.242050 0.969828 -0.029093 4.021300 -0.003575 0.029094 0.999570 0.000000 0.000000 0.000000 0.000000 1.000000
0.970257 0.242050 -0.003575 0.000000 -0.242050 0.969828 -0.029094 4.021300 -0.003575 0.029094 0.999570 0.000000 0.000000 0.000000 0.000000 1.000000
0.970257 0.242050 -0.003575 -0.000000 -0.242050 0.969827 -0.029094 4.021300 -0.003575 0.029094 0.999570 0.000000 0.000000 0.000000 0.000000 1.000000
0.970257 0.242050 -0.003575 0.000000 -0.242050 0.969827 -0.029094 4.021300 -0.003575 0.029094 0.999570 0.000000 0.000000 0.000000 0.000000 1.000000
0.970257 0.242050 -0.003576 -0.000000 -0.242050 0.969827 -0.029094 4.021300 -0.003575 0.029094 0.999570 0.000000 0.000000 0.000000 0.000000 1.000000
0.970257 0.242050 -0.003576 -0.000000 -0.242050 0.969827 -0.029094 4.021300 -0.003575 0.029094 0.999570 0.000000 0.000000 0.000000 0.000000 1.000000
0.970257 0.242050 -0.003575 -0.000000 -0.242050 0.969828 -0.029093 4.021300 -0.003575 0.029094 0.999570 -0.000000 0.000000 0.000000 0.000000 1.000000
0.970257 0.242050 -0.003575 0.000000 -0.242050 0.969827 -0.029093 4.021300 -0.003575 0.029094 0.999570 0.000000 0.000000 0.000000 0.000000 1.000000
0.970257 0.242050 -0.003575 0.000000 -0.242050 0.969827 -0.029094 4.021300 -0.003575 0.029094 0.999570 -0.000000 0.000000 0.000000 0.000000 1.000000
0.970257 0.242050 -0.003576 0.000000 -0.242050 0.969827 -0.029094 4.021300 -0.003574 0.029094 0.999570 0.000000 0.000000 0.000000 0.000000 1.000000
0.970257 0.242050 -0.003575 -0.000000 -0.242050 0.969828 -0.029094 4.021300 -0.003575 0.029094 0.999570 0.000000 0.000000 0.000000 0.000000 1.000000
0.970257 0.242050 -0.003576 0.000000 -0.242050 0.969827 -0.029094 4.021300 -0.003574 0.029094 0.999570 0.000000 0.000000 0.000000 0.000000 1.000000
0.970257 0.242050 -0.003575 -0.000000 -0.242050 0.969827 -0.029094 4.021300 -0.003575 0.029094 0.999570 0.000000 0.000000 0.000000 0.000000 1.000000
0.970257 0.242050 -0.003575 -0.000000 -0.242050 0.969827 -0.029094 4.021300 -0.003575 0.029094 0.999570 0.000000 0.000000 0.000000 0.000000 1.000000
0.970257 0.242050 -0.003575 -0.000000 -0.242050 0.969827 -0.029094 4.021300 -0.003575 0.029094 0.999570 0.000000 0.000000 0.000000 0.000000 1.000000
0.970257 0.242050 -0.003576 0.000000 -0.242050 0.969827 -0.029094 4.021300 -0.003575 0.029094 0.999570 0.000000 0.000000 0.000000 0.000000 1.000000
0.970257 0.242050 -0.003576 0.000000 -0.242050 0.969827 -0.029094 4.021300 -0.003575 0.029094 0.999570 0.000000 0.000000 0.000000 0.000000 1.000000
0.970257 0.242050 -0.003575 0.000000 -0.242050 0.969827 -0.029094 4.021300 -0.003575 0.029094 0.999570 -0.000000 0.000000 0.000000 0.000000 1.000000
0.970257 0.242050 -0.003575 -0.000000 -0.242050 0.969828 -0.029094 4.021300 -0.003575 0.029094 0.999570 -0.000000 0.000000 0.000000 0.000000 1.000000
0.970257 0.242050 -0.003576 0.000000 -0.242050 0.969828 -0.029094 4.021300 -0.003574 0.029094 0.999570 0.000000 0.000000 0.000000 0.000000 1.000000
0.970257 0.242050 -0.003576 0.000000 -0.242050 0.969828 -0.029094 4.021300 -0.003574 0.029094 0.999570 -0.000000 0.000000 0.000000 0.000000 1.000000
0.970257 0.242050 -0.003575 0.000000 -0.242050 0.969827 -0.029094 4.021300 -0.003575 0.029094 0.999570 -0.000000 0.000000 0.000000 0.000000 1.000000
0.970257 0.242050 -0.003575 0.000000 -0.242050 0.969827 -0.029093 4.021300 -0.003575 0.029094 0.999570 0.000000 0.000000 0.000000 0.000000 1.000000
0.970257 0.242050 -0.003575 0.000000 -0.242050 0.969827 -0.029094 4.021300 -0.003575 0.029094 0.999570 0.000000 0.000000 0.000000 0.000000 1.000000
0.970257 0.242050 -0.003575 -0.000000 -0.242050 0.969828 -0.029094 4.021300 -0.003575 0.029094 0.999570 0.000000 0.000000 0.000000 0.000000 1.000000
0.970257 0.242050 -0.003575 0.000000 -0.242050 0.969827 -0.029094 4.021300 -0.003575 0.029094 0.999570 -0.000000 0.000000 0.000000 0.000000 1.000000
0.970257 0.242050 -0.003575 0.000000 -0.242050 0.969827 -0.029093 4.021300 -0.003575 0.029094 0.999570 0.000000 0.000000 0.000000 0.000000 1.000000
0.970257 0.242050 -0.003575 -0.000000 -0.242050 0.969827 -0.029094 4.021300 -0.003575 0.029094 0.999570 -0.000000 0.000000 0.000000 0.000000 1.000000
0.970257 0.242050 -0.003575 0.000000 -0.242050 0.969827 -0.029094 4.021300 -0.003575 0.029094 0.999570 0.000000 0.000000 0.000000 0.000000 1.000000
0.970257 0.242050 -0.003575 0.000000 -0.242050 0.969827 -0.029094 4.021300 -0.003575 0.029094 0.999570 0.000000 0.000000 0.000000 0.000000 1.000000
0.970257 0.242050 -0.003575 -0.000000 -0.242050 0.969827 -0.029094 4.021300 -0.003575 0.029094 0.999570 -0.000000 0.000000 0.000000 0.000000 1.000000
0.970257 0.242050 -0.003576 -0.000000 -0.242050 0.969828 -0.029094 4.021300 -0.003574 0.029094 0.999570 0.000000 0.000000 0.000000 0.000000 1.000000
0.970257 0.242050 -0.003576 0.000000 -0.242050 0.969827 -0.029094 4.021300 -0.003574 0.029094 0.999570 0.000000 0.000000 0.000000 0.000000 1.000000
0.970257 0.242050 -0.003575 0.000000 -0.242050 0.969828 -0.029093 4.021300 -0.003575 0.029093 0.999570 -0.000000 0.000000 0.000000 0.000000 1.000000
0.970257 0.242050 -0.003576 0.000000 -0.242050 0.969827 -0.029094 4.021300 -0.003575 0.029094 0.999570 0.000000 0.000000 0.000000 0.000000 1.000000
0.970257 0.242050 -0.003576 0.000000 -0.242050 0.969827 -0.029094 4.021300 -0.003574 0.029094 0.999570 0.000000 0.000000 0.000000 0.000000 1.000000
0.970257 0.242050 -0.003576 0.000000 -0.242050 0.969827 -0.029094 4.021300 -0.003574 0.029094 0.999570 0.000000 0.000000 0.000000 0.000000 1.000000
0.970257 0.242050 -0.003575 -0.000000 -0.242050 0.969827 -0.029094 4.021300 -0.003575 0.029094 0.999570 -0.000000 0.000000 0.000000 0.000000 1.000000
0.970257 0.242050 -0.003576 -0.000000 -0.242050 0.969827 -0.029094 4.021300 -0.003574 0.029094 0.999570 0.000000 0.000000 0.000000 0.000000 1.000000
0.970257 0.242050 -0.003576 -0.000000 -0.242050 0.969827 -0.029094 4.021300 -0.003574 0.029094 0.999570 0.000000 0.000000 0.000000 0.000000 1.000000
0.970257 0.242050 -0.003575 -0.000000 -0.242050 0.969828 -0.029093 4.021300 -0.003574 0.029094 0.999570 -0.000000 0.000000 0.000000 0.000000 1.000000
0.970257 0.242050 -0.003575 -0.000000 -0.242050 0.969827 -0.029094 4.021300 -0.003575 0.029094 0.999570 0.000000 0.000000 0.000000 0.000000 1.000000
0.970257 0.242050 -0.003576 0.000000 -0.242050 0.969828 -0.029094 4.021300 -0.003574 0.029094 0.999570 0.000000 0.000000 0.000000 0.000000 1.000000
0.970257 0.242050 -0.003575 0.000000 -0.242050 0.969828 -0.029094 4.021300 -0.003575 0.029094 0.999570 -0.000000 0.000000 0.000000 0.000000 1.000000
0.970257 0.242050 -0.003575 0.000000 -0.242050 0.969828 -0.029094 4.021300 -0.003575 0.029094 0.999570 -0.000000 0.000000 0.000000 0.000000 1.000000
0.970257 0.242050 -0.003575 0.000000 -0.242050 0.969827 -0.029094 4.021300 -0.003575 0.029094 0.999570 -0.000000 0.000000 0.000000 0.000000 1.000000
0.970257 0.242050 -0.003575 -0.000000 -0.242050 0.969828 -0.029094 4.021300 -0.003575 0.029094 0.999570 -0.000000 0.000000 0.000000 0.000000 1.000000
0.970257 0.242050 -0.003575 0.000000 -0.242050 0.969828 -0.029093 4.021300 -0.003574 0.029093 0.999570 0.000000 0.000000 0.000000 0.000000 1.000000
0.970257 0.242050 -0.003575 0.000000 -0.242050 0.969827 -0.029093 4.021300 -0.003575 0.029093 0.999570 0.000000 0.000000 0.000000 0.000000 1.000000
0.970257 0.242050 -0.003575 0.000000 -0.242050 0.969828 -0.029093 4.021300 -0.003575 0.029094 0.999570 -0.000000 0.000000 0.000000 0.000000 1.000000
0.970257 0.242050 -0.003575 0.000000 -0.242050 0.969827 -0.029094 4.021300 -0.003575 0.029094 0.999570 0.000000 0.000000 0.000000 0.000000 1.000000
0.970257 0.242050 -0.003576 -0.000000 -0.242050 0.969827 -0.029094 4.021300 -0.003575 0.029094 0.999570 0.000000 0.000000 0.000000 0.000000 1.000000
0.970257 0.242050 -0.003576 0.000000 -0.242050 0.969827 -0.029094 4.021300 -0.003574 0.029094 0.999570 -0.000000 0.000000 0.000000 0.000000 1.000000
0.970257 0.242050 -0.003575 -0.000000 -0.242050 0.969828 -0.029094 4.021300 -0.003575 0.029094 0.999570 -0.000000 0.000000 0.000000 0.000000 1.000000
0.970257 0.242050 -0.003575 0.000000 -0.242050 0.969827 -0.029094 4.021300 -0.003575 0.029094 0.999570 0.000000 0.000000 0.000000 0.000000 1.000000
0.970257 0.242050 -0.003575 0.000000 -0.242050 0.969828 -0.029094 4.021300 -0.003575 0.029094 0.999570 0.000000 0.000000 0.000000 0.000000 1.000000
0.970257 0.242050 -0.003575 -0.000000 -0.242050 0.969828 -0.029094 4.021300 -0.003575 0.029094 0.999570 0.000000 0.000000 0.000000 0.000000 1.000000
0.970257 0.242050 -0.003575 -0.000000 -0.242050 0.969828 -0.029094 4.021300 -0.003575 0.029094 0.999570 0.000000 0.000000 0.000000 0.000000 1.000000
0.970257 0.242050 -0.003575 0.000000 -0.242050 0.969828 -0.029094 4.021300 -0.003575 0.029094 0.999570 -0.000000 0.000000 0.000000 0.000000 1.000000
0.970257 0.242050 -0.003576 -0.000000 -0.242050 0.969827 -0.029094 4.021300 -0.003574 0.029094 0.999570 0.000000 0.000000 0.000000 0.000000 1.000000
0.970257 0.242050 -0.003575 -0.000000 -0.242050 0.969827 -0.029093 4.021300 -0.003575 0.029094 0.999570 -0.000000 0.000000 0.000000 0.000000 1.000000
0.970257 0.242050 -0.003575 0.000000 -0.242050 0.969827 -0.029094 4.021300 -0.003575 0.029094 0.999570 0.000000 0.000000 0.000000 0.000000 1.000000
0.970257 0.242050 -0.003575 -0.000000 -0.242050 0.969828 -0.029094 4.021300 -0.003575 0.029094 0.999570 -0.000000 0.000000 0.000000 0.000000 1.000000
0.970257 0.242050 -0.003575 0.000000 -0.242050 0.969827 -0.029094 4.021300 -0.003575 0.029094 0.999570 0.000000 0.000000 0.000000 0.000000 1.000000</float_array>
        <technique_common>
          <accessor source="#mixamorig_LeftHandThumb2-Matrix-animation-output-transform-array" count="64" stride="16">
            <param type="float4x4"/>
          </accessor>
        </technique_common>
      </source>
      <source id="mixamorig_LeftHandThumb2-Interpolations">
        <Name_array id="mixamorig_LeftHandThumb2-Interpolations-array" count="64">
 LINEAR LINEAR LINEAR LINEAR LINEAR LINEAR LINEAR LINEAR LINEAR LINEAR LINEAR
LINEAR LINEAR LINEAR LINEAR LINEAR LINEAR LINEAR LINEAR LINEAR LINEAR LINEAR LINEAR
LINEAR LINEAR LINEAR LINEAR LINEAR LINEAR LINEAR LINEAR LINEAR LINEAR LINEAR LINEAR
LINEAR LINEAR LINEAR LINEAR LINEAR LINEAR LINEAR LINEAR LINEAR LINEAR LINEAR LINEAR
LINEAR LINEAR LINEAR LINEAR LINEAR LINEAR LINEAR LINEAR LINEAR LINEAR LINEAR LINEAR
LINEAR LINEAR LINEAR LINEAR LINEAR</Name_array>
        <technique_common>
          <accessor source="#mixamorig_LeftHandThumb2-Interpolations-array" count="64">
            <param type="name"/>
          </accessor>
        </technique_common>
      </source>
      <sampler id="mixamorig_LeftHandThumb2-Matrix-animation-transform">
        <input semantic="INPUT" source="#mixamorig_LeftHandThumb2-Matrix-animation-input"/>
        <input semantic="OUTPUT" source="#mixamorig_LeftHandThumb2-Matrix-animation-output-transform"/>
        <input semantic="INTERPOLATION" source="#mixamorig_LeftHandThumb2-Interpolations"/>
      </sampler>
      <channel source="#mixamorig_LeftHandThumb2-Matrix-animation-transform" target="mixamorig_LeftHandThumb2/matrix"/>
    </animation>
    <animation id="mixamorig_LeftHandThumb3-anim" name="mixamorig_LeftHandThumb3">
      <source id="mixamorig_LeftHandThumb3-Matrix-animation-input">
        <float_array id="mixamorig_LeftHandThumb3-Matrix-animation-input-array" count="64">

0.000000 0.033333 0.066667 0.100000 0.133333 0.166667 0.200000 0.233333 0.266667 0.300000 0.333333 0.366667 0.400000 0.433333 0.466667 0.500000
0.533333 0.566667 0.600000 0.633333 0.666667 0.700000 0.733333 0.766667 0.800000 0.833333 0.866667 0.900000 0.933333 0.966667 1.000000 1.033333
1.066667 1.100000 1.133333 1.166667 1.200000 1.233333 1.266667 1.300000 1.333333 1.366667 1.400000 1.433333 1.466667 1.500000 1.533333 1.566667
1.600000 1.633333 1.666667 1.700000 1.733333 1.766667 1.800000 1.833333 1.866667 1.900000 1.933333 1.966667 2.000000 2.033333 2.066667 2.100000</float_array>
        <technique_common>
          <accessor source="#mixamorig_LeftHandThumb3-Matrix-animation-input-array" count="64">
            <param name="TIME" type="float"/>
          </accessor>
        </technique_common>
      </source>
      <source id="mixamorig_LeftHandThumb3-Matrix-animation-output-transform">
        <float_array id="mixamorig_LeftHandThumb3-Matrix-animation-output-transform-array" count="1024">

0.910845 -0.360499 -0.201003 0.000000 0.404082 0.878109 0.256208 3.952700 0.084140 -0.314587 0.945492 0.000000 0.000000 0.000000 0.000000 1.000000
0.910845 -0.360499 -0.201003 -0.000000 0.404082 0.878109 0.256208 3.952700 0.084140 -0.314587 0.945492 0.000000 0.000000 0.000000 0.000000 1.000000
0.910845 -0.360499 -0.201003 -0.000000 0.404082 0.878109 0.256208 3.952700 0.084140 -0.314587 0.945492 0.000000 0.000000 0.000000 0.000000 1.000000
0.910845 -0.360499 -0.201003 -0.000000 0.404082 0.878109 0.256208 3.952700 0.084140 -0.314587 0.945492 -0.000000 0.000000 0.000000 0.000000 1.000000
0.910845 -0.360499 -0.201003 -0.000000 0.404082 0.878109 0.256208 3.952700 0.084140 -0.314587 0.945492 -0.000000 0.000000 0.000000 0.000000 1.000000
0.910845 -0.360499 -0.201002 0.000000 0.404082 0.878109 0.256208 3.952700 0.084139 -0.314587 0.945492 0.000000 0.000000 0.000000 0.000000 1.000000
0.910845 -0.360499 -0.201003 0.000000 0.404082 0.878109 0.256208 3.952700 0.084140 -0.314587 0.945492 -0.000000 0.000000 0.000000 0.000000 1.000000
0.910845 -0.360499 -0.201003 -0.000000 0.404082 0.878109 0.256208 3.952700 0.084140 -0.314587 0.945492 0.000000 0.000000 0.000000 0.000000 1.000000
0.910845 -0.360499 -0.201003 -0.000000 0.404082 0.878109 0.256208 3.952700 0.084140 -0.314587 0.945492 0.000000 0.000000 0.000000 0.000000 1.000000
0.910845 -0.360499 -0.201002 0.000000 0.404082 0.878109 0.256207 3.952700 0.084139 -0.314587 0.945492 0.000000 0.000000 0.000000 0.000000 1.000000
0.910845 -0.360499 -0.201002 0.000000 0.404082 0.878109 0.256208 3.952700 0.084139 -0.314587 0.945492 -0.000000 0.000000 0.000000 0.000000 1.000000
0.910845 -0.360499 -0.201002 0.000000 0.404082 0.878109 0.256208 3.952700 0.084139 -0.314587 0.945492 -0.000000 0.000000 0.000000 0.000000 1.000000
0.910845 -0.360499 -0.201003 0.000000 0.404082 0.878109 0.256207 3.952700 0.084140 -0.314587 0.945492 0.000000 0.000000 0.000000 0.000000 1.000000
0.910845 -0.360499 -0.201002 0.000000 0.404082 0.878109 0.256208 3.952700 0.084139 -0.314587 0.945492 -0.000000 0.000000 0.000000 0.000000 1.000000
0.910845 -0.360499 -0.201002 -0.000000 0.404082 0.878109 0.256207 3.952700 0.084140 -0.314587 0.945492 0.000000 0.000000 0.000000 0.000000 1.000000
0.910845 -0.360499 -0.201002 0.000000 0.404082 0.878109 0.256208 3.952700 0.084139 -0.314587 0.945492 0.000000 0.000000 0.000000 0.000000 1.000000
0.910845 -0.360499 -0.201003 0.000000 0.404082 0.878109 0.256208 3.952700 0.084139 -0.314587 0.945492 0.000000 0.000000 0.000000 0.000000 1.000000
0.910845 -0.360499 -0.201003 0.000000 0.404082 0.878109 0.256208 3.952700 0.084140 -0.314587 0.945492 -0.000000 0.000000 0.000000 0.000000 1.000000
0.910845 -0.360499 -0.201003 0.000000 0.404082 0.878109 0.256208 3.952700 0.084140 -0.314587 0.945492 -0.000000 0.000000 0.000000 0.000000 1.000000
0.910845 -0.360499 -0.201002 0.000000 0.404082 0.878109 0.256208 3.952700 0.084139 -0.314587 0.945492 0.000000 0.000000 0.000000 0.000000 1.000000
0.910845 -0.360499 -0.201003 -0.000000 0.404081 0.878109 0.256208 3.952700 0.084140 -0.314587 0.945492 -0.000000 0.000000 0.000000 0.000000 1.000000
0.910845 -0.360500 -0.201003 0.000000 0.404082 0.878109 0.256208 3.952700 0.084139 -0.314587 0.945492 0.000000 0.000000 0.000000 0.000000 1.000000
0.910845 -0.360499 -0.201003 -0.000000 0.404082 0.878109 0.256207 3.952700 0.084140 -0.314587 0.945492 -0.000000 0.000000 0.000000 0.000000 1.000000
0.910845 -0.360499 -0.201002 0.000000 0.404082 0.878109 0.256208 3.952700 0.084139 -0.314587 0.945492 0.000000 0.000000 0.000000 0.000000 1.000000
0.910845 -0.360499 -0.201003 0.000000 0.404082 0.878109 0.256208 3.952700 0.084140 -0.314587 0.945492 0.000000 0.000000 0.000000 0.000000 1.000000
0.910845 -0.360499 -0.201003 0.000000 0.404082 0.878109 0.256208 3.952700 0.084140 -0.314587 0.945492 0.000000 0.000000 0.000000 0.000000 1.000000
0.910845 -0.360499 -0.201002 -0.000000 0.404082 0.878109 0.256208 3.952700 0.084139 -0.314587 0.945492 0.000000 0.000000 0.000000 0.000000 1.000000
0.910845 -0.360499 -0.201003 0.000000 0.404082 0.878109 0.256208 3.952700 0.084139 -0.314587 0.945492 0.000000 0.000000 0.000000 0.000000 1.000000
0.910845 -0.360499 -0.201003 0.000000 0.404082 0.878109 0.256208 3.952700 0.084140 -0.314587 0.945492 0.000000 0.000000 0.000000 0.000000 1.000000
0.910845 -0.360499 -0.201003 -0.000000 0.404082 0.878109 0.256208 3.952700 0.084139 -0.314587 0.945492 0.000000 0.000000 0.000000 0.000000 1.000000
0.910845 -0.360499 -0.201003 0.000000 0.404082 0.878109 0.256208 3.952700 0.084139 -0.314587 0.945492 0.000000 0.000000 0.000000 0.000000 1.000000
0.910845 -0.360499 -0.201002 0.000000 0.404082 0.878109 0.256208 3.952700 0.084139 -0.314587 0.945492 0.000000 0.000000 0.000000 0.000000 1.000000
0.910845 -0.360499 -0.201002 0.000000 0.404082 0.878109 0.256208 3.952700 0.084139 -0.314587 0.945492 0.000000 0.000000 0.000000 0.000000 1.000000
0.910845 -0.360499 -0.201003 0.000000 0.404082 0.878109 0.256207 3.952700 0.084140 -0.314587 0.945492 0.000000 0.000000 0.000000 0.000000 1.000000
0.910845 -0.360499 -0.201002 0.000000 0.404082 0.878109 0.256208 3.952700 0.084139 -0.314587 0.945492 -0.000000 0.000000 0.000000 0.000000 1.000000
0.910845 -0.360499 -0.201003 0.000000 0.404082 0.878109 0.256208 3.952700 0.084139 -0.314587 0.945492 -0.000000 0.000000 0.000000 0.000000 1.000000
0.910845 -0.360499 -0.201003 -0.000000 0.404082 0.878109 0.256208 3.952700 0.084139 -0.314587 0.945492 -0.000000 0.000000 0.000000 0.000000 1.000000
0.910845 -0.360499 -0.201002 -0.000000 0.404082 0.878109 0.256208 3.952700 0.084139 -0.314587 0.945492 -0.000000 0.000000 0.000000 0.000000 1.000000
0.910845 -0.360499 -0.201002 -0.000000 0.404082 0.878109 0.256208 3.952700 0.084139 -0.314587 0.945492 0.000000 0.000000 0.000000 0.000000 1.000000
0.910845 -0.360499 -0.201002 0.000000 0.404082 0.878109 0.256208 3.952700 0.084139 -0.314587 0.945492 0.000000 0.000000 0.000000 0.000000 1.000000
0.910845 -0.360499 -0.201003 -0.000000 0.404082 0.878109 0.256207 3.952700 0.084140 -0.314587 0.945492 0.000000 0.000000 0.000000 0.000000 1.000000
0.910845 -0.360499 -0.201003 -0.000000 0.404082 0.878109 0.256208 3.952700 0.084140 -0.314587 0.945492 0.000000 0.000000 0.000000 0.000000 1.000000
0.910845 -0.360499 -0.201002 -0.000000 0.404082 0.878109 0.256208 3.952700 0.084139 -0.314587 0.945492 -0.000000 0.000000 0.000000 0.000000 1.000000
0.910845 -0.360499 -0.201003 0.000000 0.404082 0.878109 0.256208 3.952700 0.084140 -0.314587 0.945492 0.000000 0.000000 0.000000 0.000000 1.000000
0.910845 -0.360499 -0.201002 0.000000 0.404082 0.878109 0.256208 3.952700 0.084139 -0.314587 0.945492 0.000000 0.000000 0.000000 0.000000 1.000000
0.910845 -0.360499 -0.201002 -0.000000 0.404082 0.878109 0.256208 3.952700 0.084139 -0.314587 0.945492 0.000000 0.000000 0.000000 0.000000 1.000000
0.910845 -0.360499 -0.201003 -0.000000 0.404082 0.878109 0.256208 3.952700 0.084140 -0.314587 0.945492 0.000000 0.000000 0.000000 0.000000 1.000000
0.910845 -0.360499 -0.201002 0.000000 0.404082 0.878109 0.256207 3.952700 0.084140 -0.314587 0.945492 0.000000 0.000000 0.000000 0.000000 1.000000
0.910845 -0.360499 -0.201003 0.000000 0.404082 0.878109 0.256208 3.952700 0.084140 -0.314587 0.945492 -0.000000 0.000000 0.000000 0.000000 1.000000
0.910845 -0.360499 -0.201003 -0.000000 0.404082 0.878109 0.256208 3.952700 0.084140 -0.314587 0.945492 -0.000000 0.000000 0.000000 0.000000 1.000000
0.910845 -0.360499 -0.201003 0.000000 0.404082 0.878109 0.256208 3.952700 0.084140 -0.314587 0.945492 -0.000000 0.000000 0.000000 0.000000 1.000000
0.910845 -0.360499 -0.201003 -0.000000 0.404082 0.878109 0.256208 3.952700 0.084140 -0.314587 0.945492 0.000000 0.000000 0.000000 0.000000 1.000000
0.910845 -0.360499 -0.201002 -0.000000 0.404082 0.878109 0.256208 3.952700 0.084139 -0.314587 0.945492 0.000000 0.000000 0.000000 0.000000 1.000000
0.910845 -0.360499 -0.201003 -0.000000 0.404082 0.878109 0.256208 3.952700 0.084139 -0.314587 0.945492 0.000000 0.000000 0.000000 0.000000 1.000000
0.910845 -0.360499 -0.201003 -0.000000 0.404082 0.878109 0.256208 3.952700 0.084139 -0.314587 0.945492 0.000000 0.000000 0.000000 0.000000 1.000000
0.910845 -0.360499 -0.201003 0.000000 0.404082 0.878109 0.256208 3.952700 0.084140 -0.314587 0.945492 0.000000 0.000000 0.000000 0.000000 1.000000
0.910845 -0.360499 -0.201003 0.000000 0.404082 0.878109 0.256208 3.952700 0.084140 -0.314587 0.945492 0.000000 0.000000 0.000000 0.000000 1.000000
0.910845 -0.360499 -0.201002 -0.000000 0.404082 0.878109 0.256208 3.952700 0.084139 -0.314587 0.945492 0.000000 0.000000 0.000000 0.000000 1.000000
0.910845 -0.360499 -0.201002 0.000000 0.404082 0.878109 0.256207 3.952700 0.084140 -0.314587 0.945492 0.000000 0.000000 0.000000 0.000000 1.000000
0.910845 -0.360499 -0.201002 0.000000 0.404082 0.878109 0.256208 3.952700 0.084139 -0.314587 0.945492 0.000000 0.000000 0.000000 0.000000 1.000000
0.910845 -0.360499 -0.201003 0.000000 0.404082 0.878109 0.256208 3.952700 0.084140 -0.314587 0.945492 -0.000000 0.000000 0.000000 0.000000 1.000000
0.910845 -0.360499 -0.201003 -0.000000 0.404082 0.878109 0.256208 3.952700 0.084140 -0.314587 0.945492 -0.000000 0.000000 0.000000 0.000000 1.000000
0.910845 -0.360499 -0.201002 0.000000 0.404082 0.878109 0.256208 3.952700 0.084139 -0.314587 0.945492 0.000000 0.000000 0.000000 0.000000 1.000000
0.910845 -0.360499 -0.201003 0.000000 0.404082 0.878109 0.256208 3.952700 0.084140 -0.314587 0.945492 -0.000000 0.000000 0.000000 0.000000 1.000000</float_array>
        <technique_common>
          <accessor source="#mixamorig_LeftHandThumb3-Matrix-animation-output-transform-array" count="64" stride="16">
            <param type="float4x4"/>
          </accessor>
        </technique_common>
      </source>
      <source id="mixamorig_LeftHandThumb3-Interpolations">
        <Name_array id="mixamorig_LeftHandThumb3-Interpolations-array" count="64">
 LINEAR LINEAR LINEAR LINEAR LINEAR LINEAR LINEAR LINEAR LINEAR LINEAR LINEAR
LINEAR LINEAR LINEAR LINEAR LINEAR LINEAR LINEAR LINEAR LINEAR LINEAR LINEAR LINEAR
LINEAR LINEAR LINEAR LINEAR LINEAR LINEAR LINEAR LINEAR LINEAR LINEAR LINEAR LINEAR
LINEAR LINEAR LINEAR LINEAR LINEAR LINEAR LINEAR LINEAR LINEAR LINEAR LINEAR LINEAR
LINEAR LINEAR LINEAR LINEAR LINEAR LINEAR LINEAR LINEAR LINEAR LINEAR LINEAR LINEAR
LINEAR LINEAR LINEAR LINEAR LINEAR</Name_array>
        <technique_common>
          <accessor source="#mixamorig_LeftHandThumb3-Interpolations-array" count="64">
            <param type="name"/>
          </accessor>
        </technique_common>
      </source>
      <sampler id="mixamorig_LeftHandThumb3-Matrix-animation-transform">
        <input semantic="INPUT" source="#mixamorig_LeftHandThumb3-Matrix-animation-input"/>
        <input semantic="OUTPUT" source="#mixamorig_LeftHandThumb3-Matrix-animation-output-transform"/>
        <input semantic="INTERPOLATION" source="#mixamorig_LeftHandThumb3-Interpolations"/>
      </sampler>
      <channel source="#mixamorig_LeftHandThumb3-Matrix-animation-transform" target="mixamorig_LeftHandThumb3/matrix"/>
    </animation>
    <animation id="mixamorig_LeftHandIndex1-anim" name="mixamorig_LeftHandIndex1">
      <source id="mixamorig_LeftHandIndex1-Matrix-animation-input">
        <float_array id="mixamorig_LeftHandIndex1-Matrix-animation-input-array" count="64">

0.000000 0.033333 0.066667 0.100000 0.133333 0.166667 0.200000 0.233333 0.266667 0.300000 0.333333 0.366667 0.400000 0.433333 0.466667 0.500000
0.533333 0.566667 0.600000 0.633333 0.666667 0.700000 0.733333 0.766667 0.800000 0.833333 0.866667 0.900000 0.933333 0.966667 1.000000 1.033333
1.066667 1.100000 1.133333 1.166667 1.200000 1.233333 1.266667 1.300000 1.333333 1.366667 1.400000 1.433333 1.466667 1.500000 1.533333 1.566667
1.600000 1.633333 1.666667 1.700000 1.733333 1.766667 1.800000 1.833333 1.866667 1.900000 1.933333 1.966667 2.000000 2.033333 2.066667 2.100000</float_array>
        <technique_common>
          <accessor source="#mixamorig_LeftHandIndex1-Matrix-animation-input-array" count="64">
            <param name="TIME" type="float"/>
          </accessor>
        </technique_common>
      </source>
      <source id="mixamorig_LeftHandIndex1-Matrix-animation-output-transform">
        <float_array id="mixamorig_LeftHandIndex1-Matrix-animation-output-transform-array" count="1024">

0.986108 0.038091 0.161680 -3.728800 0.021932 0.934974 -0.354038 12.149100 -0.164652 0.352665 0.921150 0.679300 0.000000 0.000000 0.000000 1.000000
0.986108 0.038091 0.161680 -3.728800 0.021932 0.934974 -0.354038 12.149100 -0.164652 0.352665 0.921150 0.679300 0.000000 0.000000 0.000000 1.000000
0.986108 0.038090 0.161681 -3.728800 0.021932 0.934974 -0.354037 12.149100 -0.164653 0.352665 0.921150 0.679300 0.000000 0.000000 0.000000 1.000000
0.986108 0.038091 0.161680 -3.728800 0.021932 0.934974 -0.354038 12.149100 -0.164652 0.352665 0.921150 0.679300 0.000000 0.000000 0.000000 1.000000
0.986108 0.038091 0.161680 -3.728800 0.021932 0.934974 -0.354038 12.149100 -0.164652 0.352666 0.921150 0.679300 0.000000 0.000000 0.000000 1.000000
0.986108 0.038091 0.161680 -3.728800 0.021931 0.934974 -0.354038 12.149100 -0.164653 0.352665 0.921150 0.679300 0.000000 0.000000 0.000000 1.000000
0.986108 0.038091 0.161680 -3.728800 0.021932 0.934974 -0.354037 12.149100 -0.164653 0.352665 0.921150 0.679300 0.000000 0.000000 0.000000 1.000000
0.986108 0.038091 0.161680 -3.728800 0.021931 0.934974 -0.354038 12.149100 -0.164652 0.352665 0.921150 0.679300 0.000000 0.000000 0.000000 1.000000
0.986108 0.038091 0.161680 -3.728800 0.021932 0.934974 -0.354038 12.149100 -0.164652 0.352665 0.921150 0.679300 0.000000 0.000000 0.000000 1.000000
0.986108 0.038091 0.161680 -3.728800 0.021932 0.934974 -0.354038 12.149100 -0.164653 0.352665 0.921150 0.679300 0.000000 0.000000 0.000000 1.000000
0.986108 0.038091 0.161680 -3.728800 0.021932 0.934974 -0.354037 12.149100 -0.164653 0.352665 0.921150 0.679300 0.000000 0.000000 0.000000 1.000000
0.986108 0.038091 0.161680 -3.728800 0.021932 0.934974 -0.354037 12.149100 -0.164653 0.352665 0.921150 0.679300 0.000000 0.000000 0.000000 1.000000
0.986108 0.038091 0.161680 -3.728800 0.021932 0.934974 -0.354038 12.149100 -0.164653 0.352665 0.921150 0.679300 0.000000 0.000000 0.000000 1.000000
0.986108 0.038091 0.161680 -3.728800 0.021931 0.934974 -0.354038 12.149100 -0.164653 0.352665 0.921150 0.679300 0.000000 0.000000 0.000000 1.000000
0.986108 0.038091 0.161680 -3.728800 0.021932 0.934974 -0.354038 12.149100 -0.164653 0.352665 0.921150 0.679300 0.000000 0.000000 0.000000 1.000000
0.986108 0.038091 0.161680 -3.728800 0.021932 0.934974 -0.354038 12.149100 -0.164653 0.352665 0.921150 0.679300 0.000000 0.000000 0.000000 1.000000
0.986108 0.038091 0.161680 -3.728800 0.021931 0.934974 -0.354038 12.149100 -0.164653 0.352665 0.921150 0.679300 0.000000 0.000000 0.000000 1.000000
0.986108 0.038091 0.161680 -3.728800 0.021932 0.934974 -0.354038 12.149100 -0.164652 0.352665 0.921150 0.679300 0.000000 0.000000 0.000000 1.000000
0.986108 0.038091 0.161680 -3.728800 0.021932 0.934974 -0.354038 12.149100 -0.164653 0.352665 0.921150 0.679300 0.000000 0.000000 0.000000 1.000000
0.986108 0.038091 0.161680 -3.728800 0.021932 0.934974 -0.354038 12.149100 -0.164652 0.352665 0.921150 0.679300 0.000000 0.000000 0.000000 1.000000
0.986108 0.038090 0.161681 -3.728800 0.021932 0.934974 -0.354038 12.149100 -0.164653 0.352665 0.921150 0.679300 0.000000 0.000000 0.000000 1.000000
0.986108 0.038091 0.161680 -3.728800 0.021932 0.934974 -0.354037 12.149100 -0.164653 0.352665 0.921150 0.679300 0.000000 0.000000 0.000000 1.000000
0.986108 0.038091 0.161680 -3.728800 0.021932 0.934974 -0.354038 12.149100 -0.164653 0.352665 0.921150 0.679300 0.000000 0.000000 0.000000 1.000000
0.986108 0.038091 0.161680 -3.728800 0.021932 0.934974 -0.354038 12.149100 -0.164652 0.352665 0.921150 0.679300 0.000000 0.000000 0.000000 1.000000
0.986108 0.038091 0.161680 -3.728800 0.021932 0.934974 -0.354038 12.149100 -0.164653 0.352665 0.921150 0.679300 0.000000 0.000000 0.000000 1.000000
0.986108 0.038091 0.161680 -3.728800 0.021932 0.934974 -0.354038 12.149100 -0.164652 0.352665 0.921150 0.679300 0.000000 0.000000 0.000000 1.000000
0.986108 0.038091 0.161680 -3.728800 0.021931 0.934974 -0.354038 12.149100 -0.164652 0.352665 0.921150 0.679300 0.000000 0.000000 0.000000 1.000000
0.986108 0.038091 0.161680 -3.728800 0.021932 0.934974 -0.354038 12.149100 -0.164653 0.352665 0.921150 0.679300 0.000000 0.000000 0.000000 1.000000
0.986108 0.038091 0.161681 -3.728800 0.021932 0.934974 -0.354038 12.149100 -0.164653 0.352665 0.921150 0.679300 0.000000 0.000000 0.000000 1.000000
0.986108 0.038091 0.161680 -3.728800 0.021932 0.934974 -0.354037 12.149100 -0.164653 0.352665 0.921150 0.679300 0.000000 0.000000 0.000000 1.000000
0.986108 0.038091 0.161680 -3.728800 0.021932 0.934974 -0.354038 12.149100 -0.164652 0.352665 0.921150 0.679300 0.000000 0.000000 0.000000 1.000000
0.986108 0.038091 0.161680 -3.728800 0.021932 0.934974 -0.354038 12.149100 -0.164652 0.352665 0.921150 0.679300 0.000000 0.000000 0.000000 1.000000
0.986108 0.038091 0.161680 -3.728800 0.021932 0.934974 -0.354038 12.149100 -0.164653 0.352665 0.921150 0.679300 0.000000 0.000000 0.000000 1.000000
0.986108 0.038091 0.161680 -3.728800 0.021932 0.934974 -0.354038 12.149100 -0.164652 0.352665 0.921150 0.679300 0.000000 0.000000 0.000000 1.000000
0.986108 0.038091 0.161680 -3.728800 0.021932 0.934974 -0.354038 12.149100 -0.164653 0.352665 0.921150 0.679300 0.000000 0.000000 0.000000 1.000000
0.986108 0.038091 0.161680 -3.728800 0.021931 0.934974 -0.354038 12.149100 -0.164652 0.352665 0.921150 0.679300 0.000000 0.000000 0.000000 1.000000
0.986108 0.038091 0.161680 -3.728800 0.021932 0.934974 -0.354038 12.149100 -0.164652 0.352666 0.921150 0.679300 0.000000 0.000000 0.000000 1.000000
0.986108 0.038091 0.161680 -3.728800 0.021931 0.934974 -0.354038 12.149100 -0.164652 0.352665 0.921150 0.679300 0.000000 0.000000 0.000000 1.000000
0.986108 0.038091 0.161680 -3.728800 0.021932 0.934974 -0.354038 12.149100 -0.164652 0.352665 0.921150 0.679300 0.000000 0.000000 0.000000 1.000000
0.986108 0.038091 0.161680 -3.728800 0.021932 0.934974 -0.354038 12.149100 -0.164652 0.352665 0.921150 0.679300 0.000000 0.000000 0.000000 1.000000
0.986108 0.038091 0.161680 -3.728800 0.021932 0.934974 -0.354038 12.149100 -0.164652 0.352665 0.921150 0.679300 0.000000 0.000000 0.000000 1.000000
0.986108 0.038091 0.161680 -3.728800 0.021932 0.934974 -0.354037 12.149100 -0.164652 0.352665 0.921150 0.679300 0.000000 0.000000 0.000000 1.000000
0.986108 0.038091 0.161680 -3.728800 0.021932 0.934974 -0.354038 12.149100 -0.164652 0.352665 0.921150 0.679300 0.000000 0.000000 0.000000 1.000000
0.986108 0.038090 0.161680 -3.728800 0.021932 0.934974 -0.354037 12.149100 -0.164652 0.352665 0.921150 0.679300 0.000000 0.000000 0.000000 1.000000
0.986108 0.038091 0.161680 -3.728800 0.021932 0.934974 -0.354038 12.149100 -0.164652 0.352665 0.921150 0.679300 0.000000 0.000000 0.000000 1.000000
0.986108 0.038090 0.161680 -3.728800 0.021932 0.934974 -0.354037 12.149100 -0.164652 0.352665 0.921150 0.679300 0.000000 0.000000 0.000000 1.000000
0.986108 0.038091 0.161680 -3.728800 0.021932 0.934974 -0.354038 12.149100 -0.164652 0.352665 0.921150 0.679300 0.000000 0.000000 0.000000 1.000000
0.986108 0.038091 0.161680 -3.728800 0.021932 0.934974 -0.354038 12.149100 -0.164652 0.352665 0.921150 0.679300 0.000000 0.000000 0.000000 1.000000
0.986108 0.038091 0.161681 -3.728800 0.021932 0.934974 -0.354038 12.149100 -0.164653 0.352665 0.921150 0.679300 0.000000 0.000000 0.000000 1.000000
0.986108 0.038091 0.161681 -3.728800 0.021932 0.934974 -0.354037 12.149100 -0.164653 0.352665 0.921150 0.679300 0.000000 0.000000 0.000000 1.000000
0.986108 0.038090 0.161681 -3.728800 0.021932 0.934974 -0.354038 12.149100 -0.164652 0.352665 0.921150 0.679300 0.000000 0.000000 0.000000 1.000000
0.986108 0.038091 0.161680 -3.728800 0.021932 0.934974 -0.354038 12.149100 -0.164653 0.352665 0.921150 0.679300 0.000000 0.000000 0.000000 1.000000
0.986108 0.038090 0.161680 -3.728800 0.021932 0.934974 -0.354038 12.149100 -0.164652 0.352665 0.921150 0.679300 0.000000 0.000000 0.000000 1.000000
0.986108 0.038091 0.161680 -3.728800 0.021932 0.934974 -0.354038 12.149100 -0.164653 0.352665 0.921150 0.679300 0.000000 0.000000 0.000000 1.000000
0.986108 0.038091 0.161680 -3.728800 0.021932 0.934974 -0.354038 12.149100 -0.164652 0.352665 0.921150 0.679300 0.000000 0.000000 0.000000 1.000000
0.986108 0.038091 0.161680 -3.728800 0.021931 0.934974 -0.354038 12.149100 -0.164652 0.352665 0.921150 0.679300 0.000000 0.000000 0.000000 1.000000
0.986108 0.038091 0.161680 -3.728800 0.021932 0.934974 -0.354038 12.149100 -0.164653 0.352665 0.921150 0.679300 0.000000 0.000000 0.000000 1.000000
0.986108 0.038091 0.161680 -3.728800 0.021932 0.934974 -0.354038 12.149100 -0.164652 0.352665 0.921150 0.679300 0.000000 0.000000 0.000000 1.000000
0.986108 0.038091 0.161680 -3.728800 0.021931 0.934974 -0.354038 12.149100 -0.164653 0.352665 0.921150 0.679300 0.000000 0.000000 0.000000 1.000000
0.986108 0.038091 0.161680 -3.728800 0.021932 0.934974 -0.354038 12.149100 -0.164652 0.352665 0.921150 0.679300 0.000000 0.000000 0.000000 1.000000
0.986108 0.038090 0.161681 -3.728800 0.021932 0.934974 -0.354038 12.149100 -0.164653 0.352665 0.921150 0.679300 0.000000 0.000000 0.000000 1.000000
0.986108 0.038091 0.161680 -3.728800 0.021932 0.934974 -0.354037 12.149100 -0.164652 0.352665 0.921150 0.679300 0.000000 0.000000 0.000000 1.000000
0.986108 0.038091 0.161681 -3.728800 0.021932 0.934974 -0.354037 12.149100 -0.164653 0.352665 0.921150 0.679300 0.000000 0.000000 0.000000 1.000000
0.986108 0.038091 0.161680 -3.728800 0.021931 0.934974 -0.354038 12.149100 -0.164653 0.352665 0.921150 0.679300 0.000000 0.000000 0.000000 1.000000</float_array>
        <technique_common>
          <accessor source="#mixamorig_LeftHandIndex1-Matrix-animation-output-transform-array" count="64" stride="16">
            <param type="float4x4"/>
          </accessor>
        </technique_common>
      </source>
      <source id="mixamorig_LeftHandIndex1-Interpolations">
        <Name_array id="mixamorig_LeftHandIndex1-Interpolations-array" count="64">
 LINEAR LINEAR LINEAR LINEAR LINEAR LINEAR LINEAR LINEAR LINEAR LINEAR LINEAR
LINEAR LINEAR LINEAR LINEAR LINEAR LINEAR LINEAR LINEAR LINEAR LINEAR LINEAR LINEAR
LINEAR LINEAR LINEAR LINEAR LINEAR LINEAR LINEAR LINEAR LINEAR LINEAR LINEAR LINEAR
LINEAR LINEAR LINEAR LINEAR LINEAR LINEAR LINEAR LINEAR LINEAR LINEAR LINEAR LINEAR
LINEAR LINEAR LINEAR LINEAR LINEAR LINEAR LINEAR LINEAR LINEAR LINEAR LINEAR LINEAR
LINEAR LINEAR LINEAR LINEAR LINEAR</Name_array>
        <technique_common>
          <accessor source="#mixamorig_LeftHandIndex1-Interpolations-array" count="64">
            <param type="name"/>
          </accessor>
        </technique_common>
      </source>
      <sampler id="mixamorig_LeftHandIndex1-Matrix-animation-transform">
        <input semantic="INPUT" source="#mixamorig_LeftHandIndex1-Matrix-animation-input"/>
        <input semantic="OUTPUT" source="#mixamorig_LeftHandIndex1-Matrix-animation-output-transform"/>
        <input semantic="INTERPOLATION" source="#mixamorig_LeftHandIndex1-Interpolations"/>
      </sampler>
      <channel source="#mixamorig_LeftHandIndex1-Matrix-animation-transform" target="mixamorig_LeftHandIndex1/matrix"/>
    </animation>
    <animation id="mixamorig_LeftHandIndex2-anim" name="mixamorig_LeftHandIndex2">
      <source id="mixamorig_LeftHandIndex2-Matrix-animation-input">
        <float_array id="mixamorig_LeftHandIndex2-Matrix-animation-input-array" count="64">

0.000000 0.033333 0.066667 0.100000 0.133333 0.166667 0.200000 0.233333 0.266667 0.300000 0.333333 0.366667 0.400000 0.433333 0.466667 0.500000
0.533333 0.566667 0.600000 0.633333 0.666667 0.700000 0.733333 0.766667 0.800000 0.833333 0.866667 0.900000 0.933333 0.966667 1.000000 1.033333
1.066667 1.100000 1.133333 1.166667 1.200000 1.233333 1.266667 1.300000 1.333333 1.366667 1.400000 1.433333 1.466667 1.500000 1.533333 1.566667
1.600000 1.633333 1.666667 1.700000 1.733333 1.766667 1.800000 1.833333 1.866667 1.900000 1.933333 1.966667 2.000000 2.033333 2.066667 2.100000</float_array>
        <technique_common>
          <accessor source="#mixamorig_LeftHandIndex2-Matrix-animation-input-array" count="64">
            <param name="TIME" type="float"/>
          </accessor>
        </technique_common>
      </source>
      <source id="mixamorig_LeftHandIndex2-Matrix-animation-output-transform">
        <float_array id="mixamorig_LeftHandIndex2-Matrix-animation-output-transform-array" count="1024">

0.998742 0.048612 -0.012323 0.000000 -0.048611 0.878044 -0.476105 3.278100 -0.012324 0.476105 0.879302 0.000000 0.000000 0.000000 0.000000 1.000000
0.998742 0.048612 -0.012324 -0.000000 -0.048612 0.878044 -0.476104 3.278100 -0.012324 0.476104 0.879302 0.000000 0.000000 0.000000 0.000000 1.000000
0.998742 0.048612 -0.012324 0.000000 -0.048612 0.878044 -0.476104 3.278100 -0.012323 0.476104 0.879303 0.000000 0.000000 0.000000 0.000000 1.000000
0.998742 0.048612 -0.012323 0.000000 -0.048611 0.878044 -0.476104 3.278100 -0.012324 0.476104 0.879302 0.000000 0.000000 0.000000 0.000000 1.000000
0.998742 0.048612 -0.012323 0.000000 -0.048612 0.878044 -0.476104 3.278100 -0.012324 0.476104 0.879303 0.000000 0.000000 0.000000 0.000000 1.000000
0.998742 0.048611 -0.012324 0.000000 -0.048611 0.878044 -0.476104 3.278100 -0.012323 0.476104 0.879302 0.000000 0.000000 0.000000 0.000000 1.000000
0.998742 0.048611 -0.012324 0.000000 -0.048611 0.878044 -0.476105 3.278100 -0.012323 0.476105 0.879302 0.000000 0.000000 0.000000 0.000000 1.000000
0.998742 0.048612 -0.012323 -0.000000 -0.048612 0.878044 -0.476104 3.278100 -0.012324 0.476104 0.879303 0.000000 0.000000 0.000000 0.000000 1.000000
0.998742 0.048612 -0.012324 -0.000000 -0.048612 0.878044 -0.476105 3.278100 -0.012323 0.476105 0.879302 -0.000000 0.000000 0.000000 0.000000 1.000000
0.998742 0.048611 -0.012324 0.000000 -0.048611 0.878044 -0.476104 3.278100 -0.012323 0.476104 0.879302 0.000000 0.000000 0.000000 0.000000 1.000000
0.998742 0.048611 -0.012324 0.000000 -0.048611 0.878044 -0.476105 3.278100 -0.012323 0.476105 0.879302 -0.000000 0.000000 0.000000 0.000000 1.000000
0.998742 0.048612 -0.012324 -0.000000 -0.048612 0.878044 -0.476105 3.278100 -0.012323 0.476105 0.879302 0.000000 0.000000 0.000000 0.000000 1.000000
0.998742 0.048611 -0.012324 0.000000 -0.048611 0.878044 -0.476105 3.278100 -0.012323 0.476105 0.879302 0.000000 0.000000 0.000000 0.000000 1.000000
0.998742 0.048612 -0.012324 0.000000 -0.048612 0.878044 -0.476104 3.278100 -0.012324 0.476104 0.879302 0.000000 0.000000 0.000000 0.000000 1.000000
0.998742 0.048611 -0.012323 0.000000 -0.048611 0.878044 -0.476104 3.278100 -0.012324 0.476104 0.879302 0.000000 0.000000 0.000000 0.000000 1.000000
0.998742 0.048612 -0.012324 -0.000000 -0.048612 0.878044 -0.476104 3.278100 -0.012324 0.476104 0.879303 0.000000 0.000000 0.000000 0.000000 1.000000
0.998742 0.048611 -0.012324 -0.000000 -0.048611 0.878044 -0.476104 3.278100 -0.012323 0.476104 0.879303 0.000000 0.000000 0.000000 0.000000 1.000000
0.998742 0.048612 -0.012324 -0.000000 -0.048612 0.878044 -0.476104 3.278100 -0.012324 0.476104 0.879303 -0.000000 0.000000 0.000000 0.000000 1.000000
0.998742 0.048612 -0.012324 0.000000 -0.048612 0.878044 -0.476104 3.278100 -0.012324 0.476104 0.879303 0.000000 0.000000 0.000000 0.000000 1.000000
0.998742 0.048612 -0.012324 0.000000 -0.048612 0.878044 -0.476104 3.278100 -0.012323 0.476104 0.879303 0.000000 0.000000 0.000000 0.000000 1.000000
0.998742 0.048612 -0.012324 -0.000000 -0.048612 0.878044 -0.476105 3.278100 -0.012323 0.476105 0.879302 0.000000 0.000000 0.000000 0.000000 1.000000
0.998742 0.048612 -0.012324 -0.000000 -0.048612 0.878044 -0.476105 3.278100 -0.012324 0.476105 0.879302 -0.000000 0.000000 0.000000 0.000000 1.000000
0.998742 0.048612 -0.012324 0.000000 -0.048612 0.878044 -0.476105 3.278100 -0.012323 0.476105 0.879302 0.000000 0.000000 0.000000 0.000000 1.000000
0.998742 0.048611 -0.012324 0.000000 -0.048611 0.878044 -0.476104 3.278100 -0.012323 0.476104 0.879303 0.000000 0.000000 0.000000 0.000000 1.000000
0.998742 0.048612 -0.012324 0.000000 -0.048612 0.878044 -0.476104 3.278100 -0.012323 0.476104 0.879302 0.000000 0.000000 0.000000 0.000000 1.000000
0.998742 0.048612 -0.012323 0.000000 -0.048612 0.878045 -0.476104 3.278100 -0.012324 0.476103 0.879303 -0.000000 0.000000 0.000000 0.000000 1.000000
0.998742 0.048612 -0.012323 0.000000 -0.048611 0.878044 -0.476104 3.278100 -0.012324 0.476104 0.879303 -0.000000 0.000000 0.000000 0.000000 1.000000
0.998742 0.048612 -0.012324 -0.000000 -0.048612 0.878044 -0.476104 3.278100 -0.012323 0.476104 0.879302 0.000000 0.000000 0.000000 0.000000 1.000000
0.998742 0.048611 -0.012324 0.000000 -0.048612 0.878044 -0.476105 3.278100 -0.012323 0.476105 0.879302 0.000000 0.000000 0.000000 0.000000 1.000000
0.998742 0.048612 -0.012324 0.000000 -0.048612 0.878044 -0.476105 3.278100 -0.012324 0.476105 0.879302 0.000000 0.000000 0.000000 0.000000 1.000000
0.998742 0.048612 -0.012324 0.000000 -0.048612 0.878044 -0.476105 3.278100 -0.012323 0.476105 0.879302 -0.000000 0.000000 0.000000 0.000000 1.000000
0.998742 0.048611 -0.012324 0.000000 -0.048612 0.878044 -0.476105 3.278100 -0.012323 0.476105 0.879302 0.000000 0.000000 0.000000 0.000000 1.000000
0.998742 0.048612 -0.012323 0.000000 -0.048612 0.878045 -0.476103 3.278100 -0.012324 0.476103 0.879303 0.000000 0.000000 0.000000 0.000000 1.000000
0.998742 0.048612 -0.012323 0.000000 -0.048612 0.878044 -0.476104 3.278100 -0.012324 0.476104 0.879303 -0.000000 0.000000 0.000000 0.000000 1.000000
0.998742 0.048611 -0.012323 0.000000 -0.048611 0.878044 -0.476104 3.278100 -0.012324 0.476104 0.879303 -0.000000 0.000000 0.000000 0.000000 1.000000
0.998742 0.048611 -0.012324 0.000000 -0.048611 0.878044 -0.476105 3.278100 -0.012323 0.476105 0.879302 0.000000 0.000000 0.000000 0.000000 1.000000
0.998742 0.048611 -0.012324 0.000000 -0.048611 0.878044 -0.476104 3.278100 -0.012324 0.476104 0.879302 0.000000 0.000000 0.000000 0.000000 1.000000
0.998742 0.048611 -0.012324 0.000000 -0.048611 0.878044 -0.476104 3.278100 -0.012323 0.476104 0.879303 -0.000000 0.000000 0.000000 0.000000 1.000000
0.998742 0.048611 -0.012324 -0.000000 -0.048611 0.878044 -0.476105 3.278100 -0.012323 0.476105 0.879302 0.000000 0.000000 0.000000 0.000000 1.000000
0.998742 0.048612 -0.012324 0.000000 -0.048612 0.878044 -0.476105 3.278100 -0.012323 0.476105 0.879302 0.000000 0.000000 0.000000 0.000000 1.000000
0.998742 0.048611 -0.012324 0.000000 -0.048612 0.878044 -0.476104 3.278100 -0.012323 0.476104 0.879303 -0.000000 0.000000 0.000000 0.000000 1.000000
0.998742 0.048611 -0.012324 -0.000000 -0.048611 0.878044 -0.476104 3.278100 -0.012324 0.476104 0.879303 -0.000000 0.000000 0.000000 0.000000 1.000000
0.998742 0.048612 -0.012324 -0.000000 -0.048612 0.878044 -0.476105 3.278100 -0.012324 0.476105 0.879302 0.000000 0.000000 0.000000 0.000000 1.000000
0.998742 0.048612 -0.012324 0.000000 -0.048612 0.878044 -0.476105 3.278100 -0.012323 0.476105 0.879302 0.000000 0.000000 0.000000 0.000000 1.000000
0.998742 0.048612 -0.012324 0.000000 -0.048612 0.878044 -0.476104 3.278100 -0.012324 0.476104 0.879302 0.000000 0.000000 0.000000 0.000000 1.000000
0.998742 0.048612 -0.012324 -0.000000 -0.048612 0.878044 -0.476105 3.278100 -0.012324 0.476105 0.879302 0.000000 0.000000 0.000000 0.000000 1.000000
0.998742 0.048612 -0.012324 0.000000 -0.048612 0.878044 -0.476105 3.278100 -0.012323 0.476105 0.879302 0.000000 0.000000 0.000000 0.000000 1.000000
0.998742 0.048612 -0.012324 -0.000000 -0.048612 0.878044 -0.476106 3.278100 -0.012323 0.476106 0.879302 0.000000 0.000000 0.000000 0.000000 1.000000
0.998742 0.048611 -0.012323 0.000000 -0.048611 0.878044 -0.476104 3.278100 -0.012324 0.476104 0.879302 0.000000 0.000000 0.000000 0.000000 1.000000
0.998742 0.048612 -0.012324 0.000000 -0.048612 0.878044 -0.476104 3.278100 -0.012323 0.476104 0.879302 -0.000000 0.000000 0.000000 0.000000 1.000000
0.998742 0.048611 -0.012324 0.000000 -0.048611 0.878044 -0.476105 3.278100 -0.012323 0.476105 0.879302 -0.000000 0.000000 0.000000 0.000000 1.000000
0.998742 0.048612 -0.012323 -0.000000 -0.048612 0.878044 -0.476104 3.278100 -0.012324 0.476104 0.879302 0.000000 0.000000 0.000000 0.000000 1.000000
0.998742 0.048611 -0.012323 0.000000 -0.048611 0.878044 -0.476105 3.278100 -0.012324 0.476105 0.879302 -0.000000 0.000000 0.000000 0.000000 1.000000
0.998742 0.048612 -0.012324 0.000000 -0.048612 0.878044 -0.476104 3.278100 -0.012323 0.476104 0.879302 0.000000 0.000000 0.000000 0.000000 1.000000
0.998742 0.048611 -0.012323 0.000000 -0.048611 0.878044 -0.476104 3.278100 -0.012324 0.476104 0.879302 0.000000 0.000000 0.000000 0.000000 1.000000
0.998742 0.048612 -0.012324 -0.000000 -0.048612 0.878044 -0.476105 3.278100 -0.012324 0.476105 0.879302 -0.000000 0.000000 0.000000 0.000000 1.000000
0.998742 0.048612 -0.012324 0.000000 -0.048612 0.878044 -0.476104 3.278100 -0.012323 0.476104 0.879303 0.000000 0.000000 0.000000 0.000000 1.000000
0.998742 0.048612 -0.012324 0.000000 -0.048612 0.878044 -0.476104 3.278100 -0.012324 0.476104 0.879303 -0.000000 0.000000 0.000000 0.000000 1.000000
0.998742 0.048611 -0.012324 0.000000 -0.048612 0.878044 -0.476105 3.278100 -0.012323 0.476105 0.879302 0.000000 0.000000 0.000000 0.000000 1.000000
0.998742 0.048611 -0.012324 -0.000000 -0.048611 0.878044 -0.476105 3.278100 -0.012323 0.476105 0.879302 -0.000000 0.000000 0.000000 0.000000 1.000000
0.998742 0.048611 -0.012324 0.000000 -0.048611 0.878044 -0.476105 3.278100 -0.012323 0.476105 0.879302 -0.000000 0.000000 0.000000 0.000000 1.000000
0.998742 0.048612 -0.012324 0.000000 -0.048612 0.878044 -0.476105 3.278100 -0.012324 0.476105 0.879302 0.000000 0.000000 0.000000 0.000000 1.000000
0.998742 0.048612 -0.012324 0.000000 -0.048612 0.878044 -0.476105 3.278100 -0.012323 0.476105 0.879302 -0.000000 0.000000 0.000000 0.000000 1.000000
0.998742 0.048611 -0.012324 0.000000 -0.048611 0.878044 -0.476104 3.278100 -0.012323 0.476104 0.879302 -0.000000 0.000000 0.000000 0.000000 1.000000</float_array>
        <technique_common>
          <accessor source="#mixamorig_LeftHandIndex2-Matrix-animation-output-transform-array" count="64" stride="16">
            <param type="float4x4"/>
          </accessor>
        </technique_common>
      </source>
      <source id="mixamorig_LeftHandIndex2-Interpolations">
        <Name_array id="mixamorig_LeftHandIndex2-Interpolations-array" count="64">
 LINEAR LINEAR LINEAR LINEAR LINEAR LINEAR LINEAR LINEAR LINEAR LINEAR LINEAR
LINEAR LINEAR LINEAR LINEAR LINEAR LINEAR LINEAR LINEAR LINEAR LINEAR LINEAR LINEAR
LINEAR LINEAR LINEAR LINEAR LINEAR LINEAR LINEAR LINEAR LINEAR LINEAR LINEAR LINEAR
LINEAR LINEAR LINEAR LINEAR LINEAR LINEAR LINEAR LINEAR LINEAR LINEAR LINEAR LINEAR
LINEAR LINEAR LINEAR LINEAR LINEAR LINEAR LINEAR LINEAR LINEAR LINEAR LINEAR LINEAR
LINEAR LINEAR LINEAR LINEAR LINEAR</Name_array>
        <technique_common>
          <accessor source="#mixamorig_LeftHandIndex2-Interpolations-array" count="64">
            <param type="name"/>
          </accessor>
        </technique_common>
      </source>
      <sampler id="mixamorig_LeftHandIndex2-Matrix-animation-transform">
        <input semantic="INPUT" source="#mixamorig_LeftHandIndex2-Matrix-animation-input"/>
        <input semantic="OUTPUT" source="#mixamorig_LeftHandIndex2-Matrix-animation-output-transform"/>
        <input semantic="INTERPOLATION" source="#mixamorig_LeftHandIndex2-Interpolations"/>
      </sampler>
      <channel source="#mixamorig_LeftHandIndex2-Matrix-animation-transform" target="mixamorig_LeftHandIndex2/matrix"/>
    </animation>
    <animation id="mixamorig_LeftHandIndex3-anim" name="mixamorig_LeftHandIndex3">
      <source id="mixamorig_LeftHandIndex3-Matrix-animation-input">
        <float_array id="mixamorig_LeftHandIndex3-Matrix-animation-input-array" count="64">

0.000000 0.033333 0.066667 0.100000 0.133333 0.166667 0.200000 0.233333 0.266667 0.300000 0.333333 0.366667 0.400000 0.433333 0.466667 0.500000
0.533333 0.566667 0.600000 0.633333 0.666667 0.700000 0.733333 0.766667 0.800000 0.833333 0.866667 0.900000 0.933333 0.966667 1.000000 1.033333
1.066667 1.100000 1.133333 1.166667 1.200000 1.233333 1.266667 1.300000 1.333333 1.366667 1.400000 1.433333 1.466667 1.500000 1.533333 1.566667
1.600000 1.633333 1.666667 1.700000 1.733333 1.766667 1.800000 1.833333 1.866667 1.900000 1.933333 1.966667 2.000000 2.033333 2.066667 2.100000</float_array>
        <technique_common>
          <accessor source="#mixamorig_LeftHandIndex3-Matrix-animation-input-array" count="64">
            <param name="TIME" type="float"/>
          </accessor>
        </technique_common>
      </source>
      <source id="mixamorig_LeftHandIndex3-Matrix-animation-output-transform">
        <float_array id="mixamorig_LeftHandIndex3-Matrix-animation-output-transform-array" count="1024">

0.998734 0.048756 -0.012402 0.000000 -0.048756 0.877267 -0.477520 3.333500 -0.012402 0.477520 0.878534 0.000000 0.000000 0.000000 0.000000 1.000000
0.998734 0.048756 -0.012402 -0.000000 -0.048756 0.877268 -0.477519 3.333500 -0.012402 0.477519 0.878534 0.000000 0.000000 0.000000 0.000000 1.000000
0.998734 0.048756 -0.012402 -0.000000 -0.048756 0.877267 -0.477519 3.333500 -0.012402 0.477519 0.878534 0.000000 0.000000 0.000000 0.000000 1.000000
0.998734 0.048756 -0.012402 0.000000 -0.048756 0.877267 -0.477520 3.333500 -0.012402 0.477520 0.878533 0.000000 0.000000 0.000000 0.000000 1.000000
0.998734 0.048756 -0.012402 -0.000000 -0.048756 0.877267 -0.477519 3.333500 -0.012402 0.477519 0.878534 -0.000000 0.000000 0.000000 0.000000 1.000000
0.998734 0.048756 -0.012402 0.000000 -0.048756 0.877268 -0.477519 3.333500 -0.012402 0.477519 0.878534 -0.000000 0.000000 0.000000 0.000000 1.000000
0.998734 0.048756 -0.012402 0.000000 -0.048756 0.877268 -0.477519 3.333500 -0.012402 0.477519 0.878534 0.000000 0.000000 0.000000 0.000000 1.000000
0.998734 0.048756 -0.012402 0.000000 -0.048756 0.877267 -0.477520 3.333500 -0.012402 0.477520 0.878533 0.000000 0.000000 0.000000 0.000000 1.000000
0.998734 0.048756 -0.012402 -0.000000 -0.048756 0.877267 -0.477520 3.333500 -0.012402 0.477520 0.878534 0.000000 0.000000 0.000000 0.000000 1.000000
0.998734 0.048756 -0.012402 0.000000 -0.048756 0.877267 -0.477519 3.333500 -0.012402 0.477519 0.878534 0.000000 0.000000 0.000000 0.000000 1.000000
0.998734 0.048756 -0.012402 -0.000000 -0.048756 0.877268 -0.477519 3.333500 -0.012402 0.477519 0.878534 -0.000000 0.000000 0.000000 0.000000 1.000000
0.998734 0.048756 -0.012402 -0.000000 -0.048756 0.877268 -0.477519 3.333500 -0.012402 0.477519 0.878534 -0.000000 0.000000 0.000000 0.000000 1.000000
0.998734 0.048756 -0.012402 -0.000000 -0.048756 0.877268 -0.477519 3.333500 -0.012402 0.477519 0.878534 0.000000 0.000000 0.000000 0.000000 1.000000
0.998734 0.048756 -0.012402 0.000000 -0.048756 0.877268 -0.477519 3.333500 -0.012402 0.477519 0.878534 -0.000000 0.000000 0.000000 0.000000 1.000000
0.998734 0.048756 -0.012402 -0.000000 -0.048756 0.877267 -0.477520 3.333500 -0.012402 0.477520 0.878534 -0.000000 0.000000 0.000000 0.000000 1.000000
0.998734 0.048756 -0.012402 -0.000000 -0.048756 0.877267 -0.477519 3.333500 -0.012402 0.477519 0.878534 0.000000 0.000000 0.000000 0.000000 1.000000
0.998734 0.048756 -0.012402 0.000000 -0.048756 0.877267 -0.477520 3.333500 -0.012402 0.477520 0.878534 0.000000 0.000000 0.000000 0.000000 1.000000
0.998734 0.048756 -0.012402 0.000000 -0.048756 0.877267 -0.477520 3.333500 -0.012402 0.477520 0.878534 -0.000000 0.000000 0.000000 0.000000 1.000000
0.998734 0.048756 -0.012402 0.000000 -0.048756 0.877267 -0.477520 3.333500 -0.012402 0.477520 0.878533 0.000000 0.000000 0.000000 0.000000 1.000000
0.998734 0.048756 -0.012402 -0.000000 -0.048756 0.877268 -0.477519 3.333500 -0.012402 0.477519 0.878534 0.000000 0.000000 0.000000 0.000000 1.000000
0.998734 0.048756 -0.012402 0.000000 -0.048756 0.877267 -0.477519 3.333500 -0.012402 0.477519 0.878534 -0.000000 0.000000 0.000000 0.000000 1.000000
0.998734 0.048756 -0.012402 0.000000 -0.048756 0.877268 -0.477519 3.333500 -0.012402 0.477519 0.878534 0.000000 0.000000 0.000000 0.000000 1.000000
0.998734 0.048756 -0.012402 0.000000 -0.048756 0.877267 -0.477519 3.333500 -0.012402 0.477519 0.878534 0.000000 0.000000 0.000000 0.000000 1.000000
0.998734 0.048756 -0.012402 0.000000 -0.048756 0.877267 -0.477520 3.333500 -0.012402 0.477520 0.878533 0.000000 0.000000 0.000000 0.000000 1.000000
0.998734 0.048756 -0.012402 0.000000 -0.048756 0.877267 -0.477520 3.333500 -0.012402 0.477520 0.878534 0.000000 0.000000 0.000000 0.000000 1.000000
0.998734 0.048756 -0.012402 0.000000 -0.048756 0.877268 -0.477519 3.333500 -0.012402 0.477519 0.878534 0.000000 0.000000 0.000000 0.000000 1.000000
0.998734 0.048756 -0.012402 0.000000 -0.048756 0.877267 -0.477520 3.333500 -0.012402 0.477520 0.878534 0.000000 0.000000 0.000000 0.000000 1.000000
0.998734 0.048756 -0.012402 0.000000 -0.048756 0.877267 -0.477520 3.333500 -0.012402 0.477520 0.878533 0.000000 0.000000 0.000000 0.000000 1.000000
0.998734 0.048757 -0.012402 -0.000000 -0.048756 0.877267 -0.477520 3.333500 -0.012402 0.477520 0.878534 -0.000000 0.000000 0.000000 0.000000 1.000000
0.998734 0.048756 -0.012402 0.000000 -0.048756 0.877268 -0.477519 3.333500 -0.012402 0.477519 0.878534 0.000000 0.000000 0.000000 0.000000 1.000000
0.998734 0.048756 -0.012402 0.000000 -0.048756 0.877268 -0.477519 3.333500 -0.012402 0.477519 0.878534 -0.000000 0.000000 0.000000 0.000000 1.000000
0.998734 0.048756 -0.012402 0.000000 -0.048756 0.877268 -0.477519 3.333500 -0.012402 0.477519 0.878534 -0.000000 0.000000 0.000000 0.000000 1.000000
0.998734 0.048756 -0.012402 -0.000000 -0.048756 0.877267 -0.477519 3.333500 -0.012402 0.477519 0.878534 -0.000000 0.000000 0.000000 0.000000 1.000000
0.998734 0.048756 -0.012402 0.000000 -0.048756 0.877268 -0.477519 3.333500 -0.012402 0.477519 0.878534 0.000000 0.000000 0.000000 0.000000 1.000000
0.998734 0.048756 -0.012402 0.000000 -0.048756 0.877268 -0.477519 3.333500 -0.012402 0.477519 0.878534 0.000000 0.000000 0.000000 0.000000 1.000000
0.998734 0.048756 -0.012402 0.000000 -0.048756 0.877268 -0.477519 3.333500 -0.012402 0.477519 0.878534 0.000000 0.000000 0.000000 0.000000 1.000000
0.998734 0.048756 -0.012402 0.000000 -0.048756 0.877268 -0.477519 3.333500 -0.012402 0.477519 0.878534 0.000000 0.000000 0.000000 0.000000 1.000000
0.998734 0.048756 -0.012402 -0.000000 -0.048756 0.877267 -0.477520 3.333500 -0.012402 0.477520 0.878534 0.000000 0.000000 0.000000 0.000000 1.000000
0.998734 0.048756 -0.012402 0.000000 -0.048756 0.877267 -0.477520 3.333500 -0.012402 0.477520 0.878534 0.000000 0.000000 0.000000 0.000000 1.000000
0.998734 0.048756 -0.012402 0.000000 -0.048756 0.877268 -0.477519 3.333500 -0.012402 0.477519 0.878534 -0.000000 0.000000 0.000000 0.000000 1.000000
0.998734 0.048756 -0.012402 -0.000000 -0.048756 0.877267 -0.477519 3.333500 -0.012402 0.477519 0.878534 -0.000000 0.000000 0.000000 0.000000 1.000000
0.998734 0.048756 -0.012402 0.000000 -0.048756 0.877267 -0.477519 3.333500 -0.012402 0.477519 0.878534 0.000000 0.000000 0.000000 0.000000 1.000000
0.998734 0.048756 -0.012402 0.000000 -0.048756 0.877268 -0.477519 3.333500 -0.012402 0.477519 0.878534 0.000000 0.000000 0.000000 0.000000 1.000000
0.998734 0.048756 -0.012402 -0.000000 -0.048756 0.877267 -0.477519 3.333500 -0.012402 0.477519 0.878534 0.000000 0.000000 0.000000 0.000000 1.000000
0.998734 0.048756 -0.012402 0.000000 -0.048756 0.877268 -0.477519 3.333500 -0.012402 0.477519 0.878534 0.000000 0.000000 0.000000 0.000000 1.000000
0.998734 0.048756 -0.012402 0.000000 -0.048756 0.877267 -0.477519 3.333500 -0.012402 0.477520 0.878534 -0.000000 0.000000 0.000000 0.000000 1.000000
0.998734 0.048756 -0.012402 0.000000 -0.048756 0.877268 -0.477519 3.333500 -0.012402 0.477519 0.878534 0.000000 0.000000 0.000000 0.000000 1.000000
0.998734 0.048756 -0.012402 0.000000 -0.048756 0.877267 -0.477519 3.333500 -0.012402 0.477519 0.878534 0.000000 0.000000 0.000000 0.000000 1.000000
0.998734 0.048756 -0.012402 0.000000 -0.048756 0.877268 -0.477519 3.333500 -0.012402 0.477519 0.878534 0.000000 0.000000 0.000000 0.000000 1.000000
0.998734 0.048756 -0.012402 0.000000 -0.048756 0.877267 -0.477520 3.333500 -0.012402 0.477520 0.878534 -0.000000 0.000000 0.000000 0.000000 1.000000
0.998734 0.048756 -0.012402 0.000000 -0.048756 0.877267 -0.477520 3.333500 -0.012402 0.477520 0.878533 0.000000 0.000000 0.000000 0.000000 1.000000
0.998734 0.048756 -0.012402 -0.000000 -0.048756 0.877267 -0.477520 3.333500 -0.012402 0.477520 0.878533 -0.000000 0.000000 0.000000 0.000000 1.000000
0.998734 0.048756 -0.012402 0.000000 -0.048756 0.877268 -0.477519 3.333500 -0.012402 0.477519 0.878534 0.000000 0.000000 0.000000 0.000000 1.000000
0.998734 0.048756 -0.012402 -0.000000 -0.048756 0.877268 -0.477519 3.333500 -0.012402 0.477519 0.878534 0.000000 0.000000 0.000000 0.000000 1.000000
0.998734 0.048756 -0.012402 -0.000000 -0.048756 0.877267 -0.477520 3.333500 -0.012402 0.477520 0.878534 -0.000000 0.000000 0.000000 0.000000 1.000000
0.998734 0.048756 -0.012402 -0.000000 -0.048756 0.877267 -0.477519 3.333500 -0.012402 0.477519 0.878534 -0.000000 0.000000 0.000000 0.000000 1.000000
0.998734 0.048756 -0.012402 0.000000 -0.048756 0.877268 -0.477519 3.333500 -0.012402 0.477519 0.878534 0.000000 0.000000 0.000000 0.000000 1.000000
0.998734 0.048756 -0.012402 0.000000 -0.048756 0.877267 -0.477520 3.333500 -0.012402 0.477520 0.878534 0.000000 0.000000 0.000000 0.000000 1.000000
0.998734 0.048756 -0.012402 0.000000 -0.048756 0.877268 -0.477519 3.333500 -0.012402 0.477519 0.878534 0.000000 0.000000 0.000000 0.000000 1.000000
0.998734 0.048756 -0.012402 0.000000 -0.048756 0.877268 -0.477519 3.333500 -0.012402 0.477519 0.878534 0.000000 0.000000 0.000000 0.000000 1.000000
0.998734 0.048756 -0.012402 0.000000 -0.048756 0.877268 -0.477518 3.333500 -0.012402 0.477518 0.878534 0.000000 0.000000 0.000000 0.000000 1.000000
0.998734 0.048756 -0.012402 -0.000000 -0.048756 0.877268 -0.477519 3.333500 -0.012402 0.477519 0.878534 -0.000000 0.000000 0.000000 0.000000 1.000000
0.998734 0.048756 -0.012402 0.000000 -0.048756 0.877268 -0.477519 3.333500 -0.012402 0.477519 0.878534 0.000000 0.000000 0.000000 0.000000 1.000000
0.998734 0.048756 -0.012402 0.000000 -0.048756 0.877267 -0.477519 3.333500 -0.012402 0.477519 0.878534 0.000000 0.000000 0.000000 0.000000 1.000000</float_array>
        <technique_common>
          <accessor source="#mixamorig_LeftHandIndex3-Matrix-animation-output-transform-array" count="64" stride="16">
            <param type="float4x4"/>
          </accessor>
        </technique_common>
      </source>
      <source id="mixamorig_LeftHandIndex3-Interpolations">
        <Name_array id="mixamorig_LeftHandIndex3-Interpolations-array" count="64">
 LINEAR LINEAR LINEAR LINEAR LINEAR LINEAR LINEAR LINEAR LINEAR LINEAR LINEAR
LINEAR LINEAR LINEAR LINEAR LINEAR LINEAR LINEAR LINEAR LINEAR LINEAR LINEAR LINEAR
LINEAR LINEAR LINEAR LINEAR LINEAR LINEAR LINEAR LINEAR LINEAR LINEAR LINEAR LINEAR
LINEAR LINEAR LINEAR LINEAR LINEAR LINEAR LINEAR LINEAR LINEAR LINEAR LINEAR LINEAR
LINEAR LINEAR LINEAR LINEAR LINEAR LINEAR LINEAR LINEAR LINEAR LINEAR LINEAR LINEAR
LINEAR LINEAR LINEAR LINEAR LINEAR</Name_array>
        <technique_common>
          <accessor source="#mixamorig_LeftHandIndex3-Interpolations-array" count="64">
            <param type="name"/>
          </accessor>
        </technique_common>
      </source>
      <sampler id="mixamorig_LeftHandIndex3-Matrix-animation-transform">
        <input semantic="INPUT" source="#mixamorig_LeftHandIndex3-Matrix-animation-input"/>
        <input semantic="OUTPUT" source="#mixamorig_LeftHandIndex3-Matrix-animation-output-transform"/>
        <input semantic="INTERPOLATION" source="#mixamorig_LeftHandIndex3-Interpolations"/>
      </sampler>
      <channel source="#mixamorig_LeftHandIndex3-Matrix-animation-transform" target="mixamorig_LeftHandIndex3/matrix"/>
    </animation>
    <animation id="mixamorig_LeftHandMiddle1-anim" name="mixamorig_LeftHandMiddle1">
      <source id="mixamorig_LeftHandMiddle1-Matrix-animation-input">
        <float_array id="mixamorig_LeftHandMiddle1-Matrix-animation-input-array" count="64">

0.000000 0.033333 0.066667 0.100000 0.133333 0.166667 0.200000 0.233333 0.266667 0.300000 0.333333 0.366667 0.400000 0.433333 0.466667 0.500000
0.533333 0.566667 0.600000 0.633333 0.666667 0.700000 0.733333 0.766667 0.800000 0.833333 0.866667 0.900000 0.933333 0.966667 1.000000 1.033333
1.066667 1.100000 1.133333 1.166667 1.200000 1.233333 1.266667 1.300000 1.333333 1.366667 1.400000 1.433333 1.466667 1.500000 1.533333 1.566667
1.600000 1.633333 1.666667 1.700000 1.733333 1.766667 1.800000 1.833333 1.866667 1.900000 1.933333 1.966667 2.000000 2.033333 2.066667 2.100000</float_array>
        <technique_common>
          <accessor source="#mixamorig_LeftHandMiddle1-Matrix-animation-input-array" count="64">
            <param name="TIME" type="float"/>
          </accessor>
        </technique_common>
      </source>
      <source id="mixamorig_LeftHandMiddle1-Matrix-animation-output-transform">
        <float_array id="mixamorig_LeftHandMiddle1-Matrix-animation-output-transform-array" count="1024">

0.984163 0.033026 0.174165 0.006900 0.030835 0.935620 -0.351659 12.134500 -0.174566 0.351460 0.919784 -0.010900 0.000000 0.000000 0.000000 1.000000
0.984163 0.033026 0.174164 0.006900 0.030835 0.935620 -0.351659 12.134500 -0.174566 0.351460 0.919784 -0.010900 0.000000 0.000000 0.000000 1.000000
0.984163 0.033025 0.174165 0.006900 0.030836 0.935620 -0.351659 12.134500 -0.174566 0.351460 0.919784 -0.010900 0.000000 0.000000 0.000000 1.000000
0.984163 0.033025 0.174164 0.006900 0.030836 0.935620 -0.351659 12.134500 -0.174565 0.351461 0.919784 -0.010900 0.000000 0.000000 0.000000 1.000000
0.984163 0.033026 0.174164 0.006900 0.030835 0.935620 -0.351659 12.134500 -0.174566 0.351460 0.919784 -0.010900 0.000000 0.000000 0.000000 1.000000
0.984163 0.033026 0.174164 0.006900 0.030835 0.935620 -0.351659 12.134500 -0.174566 0.351460 0.919784 -0.010900 0.000000 0.000000 0.000000 1.000000
0.984163 0.033026 0.174164 0.006900 0.030835 0.935620 -0.351659 12.134500 -0.174565 0.351460 0.919784 -0.010900 0.000000 0.000000 0.000000 1.000000
0.984163 0.033026 0.174164 0.006900 0.030835 0.935620 -0.351660 12.134500 -0.174565 0.351461 0.919784 -0.010900 0.000000 0.000000 0.000000 1.000000
0.984163 0.033026 0.174164 0.006900 0.030835 0.935620 -0.351659 12.134500 -0.174566 0.351460 0.919784 -0.010900 0.000000 0.000000 0.000000 1.000000
0.984163 0.033026 0.174165 0.006900 0.030835 0.935620 -0.351659 12.134500 -0.174566 0.351460 0.919784 -0.010900 0.000000 0.000000 0.000000 1.000000
0.984163 0.033026 0.174164 0.006900 0.030835 0.935620 -0.351659 12.134500 -0.174566 0.351460 0.919784 -0.010900 0.000000 0.000000 0.000000 1.000000
0.984163 0.033026 0.174164 0.006900 0.030835 0.935620 -0.351659 12.134500 -0.174565 0.351460 0.919784 -0.010900 0.000000 0.000000 0.000000 1.000000
0.984163 0.033026 0.174165 0.006900 0.030836 0.935620 -0.351659 12.134500 -0.174566 0.351460 0.919784 -0.010900 0.000000 0.000000 0.000000 1.000000
0.984163 0.033026 0.174164 0.006900 0.030835 0.935620 -0.351659 12.134500 -0.174566 0.351460 0.919784 -0.010900 0.000000 0.000000 0.000000 1.000000
0.984163 0.033026 0.174164 0.006900 0.030835 0.935620 -0.351659 12.134500 -0.174566 0.351460 0.919784 -0.010900 0.000000 0.000000 0.000000 1.000000
0.984163 0.033026 0.174164 0.006900 0.030835 0.935620 -0.351659 12.134500 -0.174566 0.351460 0.919784 -0.010900 0.000000 0.000000 0.000000 1.000000
0.984163 0.033026 0.174164 0.006900 0.030835 0.935620 -0.351659 12.134500 -0.174566 0.351460 0.919784 -0.010900 0.000000 0.000000 0.000000 1.000000
0.984163 0.033026 0.174165 0.006900 0.030835 0.935620 -0.351659 12.134500 -0.174566 0.351460 0.919784 -0.010900 0.000000 0.000000 0.000000 1.000000
0.984163 0.033026 0.174165 0.006900 0.030835 0.935620 -0.351659 12.134500 -0.174566 0.351460 0.919784 -0.010900 0.000000 0.000000 0.000000 1.000000
0.984163 0.033026 0.174164 0.006900 0.030835 0.935620 -0.351659 12.134500 -0.174566 0.351460 0.919784 -0.010900 0.000000 0.000000 0.000000 1.000000
0.984163 0.033026 0.174165 0.006900 0.030835 0.935620 -0.351659 12.134500 -0.174566 0.351460 0.919784 -0.010900 0.000000 0.000000 0.000000 1.000000
0.984163 0.033026 0.174164 0.006900 0.030835 0.935620 -0.351659 12.134500 -0.174565 0.351460 0.919784 -0.010900 0.000000 0.000000 0.000000 1.000000
0.984163 0.033026 0.174165 0.006900 0.030835 0.935620 -0.351659 12.134500 -0.174566 0.351460 0.919784 -0.010900 0.000000 0.000000 0.000000 1.000000
0.984163 0.033026 0.174165 0.006900 0.030835 0.935620 -0.351659 12.134500 -0.174566 0.351460 0.919784 -0.010900 0.000000 0.000000 0.000000 1.000000
0.984163 0.033026 0.174164 0.006900 0.030835 0.935620 -0.351659 12.134500 -0.174566 0.351460 0.919784 -0.010900 0.000000 0.000000 0.000000 1.000000
0.984163 0.033026 0.174164 0.006900 0.030835 0.935620 -0.351659 12.134500 -0.174566 0.351460 0.919784 -0.010900 0.000000 0.000000 0.000000 1.000000
0.984163 0.033026 0.174164 0.006900 0.030835 0.935620 -0.351659 12.134500 -0.174566 0.351460 0.919784 -0.010900 0.000000 0.000000 0.000000 1.000000
0.984163 0.033026 0.174164 0.006900 0.030835 0.935620 -0.351659 12.134500 -0.174566 0.351460 0.919784 -0.010900 0.000000 0.000000 0.000000 1.000000
0.984163 0.033026 0.174165 0.006900 0.030835 0.935620 -0.351659 12.134500 -0.174566 0.351460 0.919784 -0.010900 0.000000 0.000000 0.000000 1.000000
0.984163 0.033025 0.174164 0.006900 0.030836 0.935620 -0.351659 12.134500 -0.174565 0.351460 0.919784 -0.010900 0.000000 0.000000 0.000000 1.000000
0.984163 0.033026 0.174164 0.006900 0.030835 0.935620 -0.351659 12.134500 -0.174566 0.351460 0.919784 -0.010900 0.000000 0.000000 0.000000 1.000000
0.984163 0.033026 0.174165 0.006900 0.030835 0.935620 -0.351659 12.134500 -0.174566 0.351460 0.919784 -0.010900 0.000000 0.000000 0.000000 1.000000
0.984163 0.033026 0.174165 0.006900 0.030835 0.935620 -0.351659 12.134500 -0.174566 0.351460 0.919784 -0.010900 0.000000 0.000000 0.000000 1.000000
0.984163 0.033026 0.174164 0.006900 0.030835 0.935620 -0.351660 12.134500 -0.174565 0.351461 0.919784 -0.010900 0.000000 0.000000 0.000000 1.000000
0.984163 0.033026 0.174164 0.006900 0.030835 0.935620 -0.351659 12.134500 -0.174566 0.351460 0.919784 -0.010900 0.000000 0.000000 0.000000 1.000000
0.984163 0.033026 0.174164 0.006900 0.030835 0.935620 -0.351659 12.134500 -0.174566 0.351460 0.919784 -0.010900 0.000000 0.000000 0.000000 1.000000
0.984163 0.033026 0.174164 0.006900 0.030835 0.935620 -0.351659 12.134500 -0.174566 0.351460 0.919784 -0.010900 0.000000 0.000000 0.000000 1.000000
0.984163 0.033026 0.174164 0.006900 0.030835 0.935620 -0.351659 12.134500 -0.174566 0.351460 0.919784 -0.010900 0.000000 0.000000 0.000000 1.000000
0.984163 0.033026 0.174164 0.006900 0.030836 0.935620 -0.351659 12.134500 -0.174566 0.351460 0.919784 -0.010900 0.000000 0.000000 0.000000 1.000000
0.984163 0.033026 0.174164 0.006900 0.030835 0.935620 -0.351659 12.134500 -0.174565 0.351460 0.919784 -0.010900 0.000000 0.000000 0.000000 1.000000
0.984163 0.033025 0.174165 0.006900 0.030836 0.935620 -0.351659 12.134500 -0.174566 0.351460 0.919784 -0.010900 0.000000 0.000000 0.000000 1.000000
0.984163 0.033026 0.174165 0.006900 0.030836 0.935620 -0.351659 12.134500 -0.174566 0.351460 0.919784 -0.010900 0.000000 0.000000 0.000000 1.000000
0.984163 0.033026 0.174164 0.006900 0.030835 0.935620 -0.351659 12.134500 -0.174566 0.351460 0.919784 -0.010900 0.000000 0.000000 0.000000 1.000000
0.984163 0.033025 0.174164 0.006900 0.030836 0.935620 -0.351659 12.134500 -0.174565 0.351460 0.919784 -0.010900 0.000000 0.000000 0.000000 1.000000
0.984163 0.033026 0.174165 0.006900 0.030835 0.935620 -0.351659 12.134500 -0.174566 0.351460 0.919784 -0.010900 0.000000 0.000000 0.000000 1.000000
0.984163 0.033026 0.174164 0.006900 0.030835 0.935620 -0.351659 12.134500 -0.174566 0.351460 0.919784 -0.010900 0.000000 0.000000 0.000000 1.000000
0.984163 0.033025 0.174164 0.006900 0.030836 0.935620 -0.351659 12.134500 -0.174565 0.351460 0.919784 -0.010900 0.000000 0.000000 0.000000 1.000000
0.984163 0.033025 0.174165 0.006900 0.030836 0.935620 -0.351659 12.134500 -0.174566 0.351460 0.919784 -0.010900 0.000000 0.000000 0.000000 1.000000
0.984163 0.033026 0.174165 0.006900 0.030835 0.935620 -0.351659 12.134500 -0.174566 0.351460 0.919784 -0.010900 0.000000 0.000000 0.000000 1.000000
0.984163 0.033026 0.174164 0.006900 0.030835 0.935620 -0.351659 12.134500 -0.174566 0.351460 0.919784 -0.010900 0.000000 0.000000 0.000000 1.000000
0.984163 0.033026 0.174165 0.006900 0.030835 0.935620 -0.351659 12.134500 -0.174566 0.351460 0.919784 -0.010900 0.000000 0.000000 0.000000 1.000000
0.984163 0.033026 0.174164 0.006900 0.030835 0.935620 -0.351659 12.134500 -0.174566 0.351460 0.919784 -0.010900 0.000000 0.000000 0.000000 1.000000
0.984163 0.033025 0.174165 0.006900 0.030836 0.935620 -0.351659 12.134500 -0.174565 0.351460 0.919784 -0.010900 0.000000 0.000000 0.000000 1.000000
0.984163 0.033026 0.174165 0.006900 0.030835 0.935620 -0.351659 12.134500 -0.174566 0.351460 0.919784 -0.010900 0.000000 0.000000 0.000000 1.000000
0.984163 0.033026 0.174164 0.006900 0.030835 0.935620 -0.351659 12.134500 -0.174565 0.351461 0.919784 -0.010900 0.000000 0.000000 0.000000 1.000000
0.984163 0.033026 0.174164 0.006900 0.030835 0.935620 -0.351659 12.134500 -0.174566 0.351460 0.919784 -0.010900 0.000000 0.000000 0.000000 1.000000
0.984163 0.033026 0.174164 0.006900 0.030835 0.935620 -0.351659 12.134500 -0.174566 0.351460 0.919784 -0.010900 0.000000 0.000000 0.000000 1.000000
0.984163 0.033025 0.174164 0.006900 0.030836 0.935620 -0.351659 12.134500 -0.174565 0.351460 0.919784 -0.010900 0.000000 0.000000 0.000000 1.000000
0.984163 0.033026 0.174165 0.006900 0.030835 0.935620 -0.351659 12.134500 -0.174566 0.351460 0.919784 -0.010900 0.000000 0.000000 0.000000 1.000000
0.984163 0.033026 0.174165 0.006900 0.030835 0.935620 -0.351659 12.134500 -0.174566 0.351460 0.919784 -0.010900 0.000000 0.000000 0.000000 1.000000
0.984163 0.033026 0.174164 0.006900 0.030835 0.935620 -0.351659 12.134500 -0.174566 0.351460 0.919784 -0.010900 0.000000 0.000000 0.000000 1.000000
0.984163 0.033025 0.174164 0.006900 0.030836 0.935620 -0.351659 12.134500 -0.174565 0.351460 0.919784 -0.010900 0.000000 0.000000 0.000000 1.000000
0.984163 0.033026 0.174164 0.006900 0.030836 0.935620 -0.351660 12.134500 -0.174565 0.351461 0.919784 -0.010900 0.000000 0.000000 0.000000 1.000000
0.984163 0.033026 0.174165 0.006900 0.030835 0.935620 -0.351659 12.134500 -0.174566 0.351460 0.919784 -0.010900 0.000000 0.000000 0.000000 1.000000</float_array>
        <technique_common>
          <accessor source="#mixamorig_LeftHandMiddle1-Matrix-animation-output-transform-array" count="64" stride="16">
            <param type="float4x4"/>
          </accessor>
        </technique_common>
      </source>
      <source id="mixamorig_LeftHandMiddle1-Interpolations">
        <Name_array id="mixamorig_LeftHandMiddle1-Interpolations-array" count="64">
 LINEAR LINEAR LINEAR LINEAR LINEAR LINEAR LINEAR LINEAR LINEAR LINEAR LINEAR
LINEAR LINEAR LINEAR LINEAR LINEAR LINEAR LINEAR LINEAR LINEAR LINEAR LINEAR LINEAR
LINEAR LINEAR LINEAR LINEAR LINEAR LINEAR LINEAR LINEAR LINEAR LINEAR LINEAR LINEAR
LINEAR LINEAR LINEAR LINEAR LINEAR LINEAR LINEAR LINEAR LINEAR LINEAR LINEAR LINEAR
LINEAR LINEAR LINEAR LINEAR LINEAR LINEAR LINEAR LINEAR LINEAR LINEAR LINEAR LINEAR
LINEAR LINEAR LINEAR LINEAR LINEAR</Name_array>
        <technique_common>
          <accessor source="#mixamorig_LeftHandMiddle1-Interpolations-array" count="64">
            <param type="name"/>
          </accessor>
        </technique_common>
      </source>
      <sampler id="mixamorig_LeftHandMiddle1-Matrix-animation-transform">
        <input semantic="INPUT" source="#mixamorig_LeftHandMiddle1-Matrix-animation-input"/>
        <input semantic="OUTPUT" source="#mixamorig_LeftHandMiddle1-Matrix-animation-output-transform"/>
        <input semantic="INTERPOLATION" source="#mixamorig_LeftHandMiddle1-Interpolations"/>
      </sampler>
      <channel source="#mixamorig_LeftHandMiddle1-Matrix-animation-transform" target="mixamorig_LeftHandMiddle1/matrix"/>
    </animation>
    <animation id="mixamorig_LeftHandMiddle2-anim" name="mixamorig_LeftHandMiddle2">
      <source id="mixamorig_LeftHandMiddle2-Matrix-animation-input">
        <float_array id="mixamorig_LeftHandMiddle2-Matrix-animation-input-array" count="64">

0.000000 0.033333 0.066667 0.100000 0.133333 0.166667 0.200000 0.233333 0.266667 0.300000 0.333333 0.366667 0.400000 0.433333 0.466667 0.500000
0.533333 0.566667 0.600000 0.633333 0.666667 0.700000 0.733333 0.766667 0.800000 0.833333 0.866667 0.900000 0.933333 0.966667 1.000000 1.033333
1.066667 1.100000 1.133333 1.166667 1.200000 1.233333 1.266667 1.300000 1.333333 1.366667 1.400000 1.433333 1.466667 1.500000 1.533333 1.566667
1.600000 1.633333 1.666667 1.700000 1.733333 1.766667 1.800000 1.833333 1.866667 1.900000 1.933333 1.966667 2.000000 2.033333 2.066667 2.100000</float_array>
        <technique_common>
          <accessor source="#mixamorig_LeftHandMiddle2-Matrix-animation-input-array" count="64">
            <param name="TIME" type="float"/>
          </accessor>
        </technique_common>
      </source>
      <source id="mixamorig_LeftHandMiddle2-Matrix-animation-output-transform">
        <float_array id="mixamorig_LeftHandMiddle2-Matrix-animation-output-transform-array" count="1024">

0.996859 0.072983 -0.030768 0.000000 -0.072983 0.695516 -0.714794 3.418300 -0.030768 0.714794 0.698658 0.000000 0.000000 0.000000 0.000000 1.000000
0.996859 0.072982 -0.030768 -0.000000 -0.072982 0.695516 -0.714795 3.418300 -0.030768 0.714795 0.698657 -0.000000 0.000000 0.000000 0.000000 1.000000
0.996858 0.072983 -0.030768 0.000000 -0.072983 0.695516 -0.714795 3.418300 -0.030768 0.714795 0.698657 0.000000 0.000000 0.000000 0.000000 1.000000
0.996859 0.072982 -0.030768 -0.000000 -0.072982 0.695515 -0.714795 3.418300 -0.030768 0.714795 0.698657 0.000000 0.000000 0.000000 0.000000 1.000000
0.996858 0.072983 -0.030768 -0.000000 -0.072983 0.695515 -0.714795 3.418300 -0.030768 0.714795 0.698657 0.000000 0.000000 0.000000 0.000000 1.000000
0.996859 0.072983 -0.030768 -0.000000 -0.072983 0.695515 -0.714795 3.418300 -0.030768 0.714795 0.698657 0.000000 0.000000 0.000000 0.000000 1.000000
0.996859 0.072983 -0.030768 0.000000 -0.072982 0.695515 -0.714795 3.418300 -0.030768 0.714795 0.698657 0.000000 0.000000 0.000000 0.000000 1.000000
0.996859 0.072983 -0.030768 0.000000 -0.072982 0.695515 -0.714795 3.418300 -0.030768 0.714795 0.698657 -0.000000 0.000000 0.000000 0.000000 1.000000
0.996859 0.072982 -0.030768 0.000000 -0.072983 0.695515 -0.714795 3.418300 -0.030768 0.714795 0.698657 0.000000 0.000000 0.000000 0.000000 1.000000
0.996859 0.072983 -0.030768 0.000000 -0.072983 0.695515 -0.714795 3.418300 -0.030768 0.714795 0.698657 0.000000 0.000000 0.000000 0.000000 1.000000
0.996859 0.072983 -0.030768 -0.000000 -0.072982 0.695516 -0.714795 3.418300 -0.030768 0.714795 0.698657 0.000000 0.000000 0.000000 0.000000 1.000000
0.996859 0.072982 -0.030768 0.000000 -0.072982 0.695516 -0.714795 3.418300 -0.030768 0.714795 0.698657 -0.000000 0.000000 0.000000 0.000000 1.000000
0.996858 0.072983 -0.030768 -0.000000 -0.072983 0.695515 -0.714796 3.418300 -0.030768 0.714796 0.698656 0.000000 0.000000 0.000000 0.000000 1.000000
0.996858 0.072983 -0.030768 0.000000 -0.072983 0.695516 -0.714795 3.418300 -0.030768 0.714795 0.698657 0.000000 0.000000 0.000000 0.000000 1.000000
0.996859 0.072982 -0.030767 0.000000 -0.072982 0.695515 -0.714795 3.418300 -0.030768 0.714795 0.698657 -0.000000 0.000000 0.000000 0.000000 1.000000
0.996859 0.072982 -0.030768 0.000000 -0.072983 0.695515 -0.714795 3.418300 -0.030768 0.714795 0.698656 -0.000000 0.000000 0.000000 0.000000 1.000000
0.996859 0.072983 -0.030768 0.000000 -0.072983 0.695516 -0.714795 3.418300 -0.030768 0.714795 0.698657 0.000000 0.000000 0.000000 0.000000 1.000000
0.996859 0.072982 -0.030768 0.000000 -0.072983 0.695515 -0.714795 3.418300 -0.030768 0.714795 0.698657 -0.000000 0.000000 0.000000 0.000000 1.000000
0.996858 0.072983 -0.030768 -0.000000 -0.072983 0.695516 -0.714795 3.418300 -0.030768 0.714795 0.698657 -0.000000 0.000000 0.000000 0.000000 1.000000
0.996858 0.072983 -0.030768 -0.000000 -0.072983 0.695516 -0.714795 3.418300 -0.030768 0.714795 0.698657 0.000000 0.000000 0.000000 0.000000 1.000000
0.996859 0.072983 -0.030768 0.000000 -0.072983 0.695516 -0.714795 3.418300 -0.030768 0.714795 0.698657 -0.000000 0.000000 0.000000 0.000000 1.000000
0.996859 0.072982 -0.030768 0.000000 -0.072982 0.695515 -0.714795 3.418300 -0.030768 0.714795 0.698656 -0.000000 0.000000 0.000000 0.000000 1.000000
0.996859 0.072982 -0.030768 0.000000 -0.072982 0.695515 -0.714795 3.418300 -0.030768 0.714795 0.698657 -0.000000 0.000000 0.000000 0.000000 1.000000
0.996858 0.072983 -0.030768 0.000000 -0.072983 0.695515 -0.714795 3.418300 -0.030768 0.714795 0.698657 0.000000 0.000000 0.000000 0.000000 1.000000
0.996859 0.072982 -0.030768 0.000000 -0.072982 0.695516 -0.714795 3.418300 -0.030768 0.714795 0.698657 0.000000 0.000000 0.000000 0.000000 1.000000
0.996859 0.072982 -0.030768 0.000000 -0.072982 0.695516 -0.714795 3.418300 -0.030768 0.714795 0.698657 0.000000 0.000000 0.000000 0.000000 1.000000
0.996858 0.072983 -0.030768 -0.000000 -0.072983 0.695516 -0.714795 3.418300 -0.030768 0.714795 0.698657 0.000000 0.000000 0.000000 0.000000 1.000000
0.996859 0.072983 -0.030768 0.000000 -0.072982 0.695516 -0.714795 3.418300 -0.030768 0.714795 0.698657 0.000000 0.000000 0.000000 0.000000 1.000000
0.996859 0.072982 -0.030768 0.000000 -0.072982 0.695515 -0.714795 3.418300 -0.030768 0.714795 0.698657 -0.000000 0.000000 0.000000 0.000000 1.000000
0.996858 0.072983 -0.030768 0.000000 -0.072983 0.695515 -0.714795 3.418300 -0.030768 0.714795 0.698657 0.000000 0.000000 0.000000 0.000000 1.000000
0.996859 0.072983 -0.030768 -0.000000 -0.072983 0.695515 -0.714795 3.418300 -0.030768 0.714795 0.698657 -0.000000 0.000000 0.000000 0.000000 1.000000
0.996858 0.072983 -0.030768 -0.000000 -0.072983 0.695516 -0.714795 3.418300 -0.030768 0.714795 0.698657 0.000000 0.000000 0.000000 0.000000 1.000000
0.996859 0.072983 -0.030768 0.000000 -0.072982 0.695515 -0.714795 3.418300 -0.030768 0.714795 0.698657 0.000000 0.000000 0.000000 0.000000 1.000000
0.996858 0.072983 -0.030768 -0.000000 -0.072983 0.695516 -0.714795 3.418300 -0.030768 0.714795 0.698657 0.000000 0.000000 0.000000 0.000000 1.000000
0.996859 0.072982 -0.030768 0.000000 -0.072982 0.695516 -0.714795 3.418300 -0.030768 0.714795 0.698657 -0.000000 0.000000 0.000000 0.000000 1.000000
0.996858 0.072983 -0.030768 0.000000 -0.072983 0.695515 -0.714795 3.418300 -0.030768 0.714795 0.698657 -0.000000 0.000000 0.000000 0.000000 1.000000
0.996859 0.072982 -0.030768 0.000000 -0.072982 0.695515 -0.714796 3.418300 -0.030768 0.714796 0.698656 0.000000 0.000000 0.000000 0.000000 1.000000
0.996859 0.072982 -0.030768 0.000000 -0.072982 0.695515 -0.714795 3.418300 -0.030768 0.714795 0.698657 0.000000 0.000000 0.000000 0.000000 1.000000
0.996858 0.072983 -0.030768 -0.000000 -0.072983 0.695515 -0.714795 3.418300 -0.030768 0.714795 0.698657 0.000000 0.000000 0.000000 0.000000 1.000000
0.996859 0.072982 -0.030768 -0.000000 -0.072982 0.695516 -0.714795 3.418300 -0.030768 0.714795 0.698657 0.000000 0.000000 0.000000 0.000000 1.000000
0.996859 0.072982 -0.030768 0.000000 -0.072983 0.695515 -0.714795 3.418300 -0.030768 0.714795 0.698657 0.000000 0.000000 0.000000 0.000000 1.000000
0.996859 0.072982 -0.030768 0.000000 -0.072982 0.695515 -0.714795 3.418300 -0.030768 0.714795 0.698657 0.000000 0.000000 0.000000 0.000000 1.000000
0.996859 0.072983 -0.030768 0.000000 -0.072982 0.695516 -0.714795 3.418300 -0.030768 0.714795 0.698657 -0.000000 0.000000 0.000000 0.000000 1.000000
0.996859 0.072982 -0.030768 0.000000 -0.072982 0.695515 -0.714795 3.418300 -0.030768 0.714795 0.698657 0.000000 0.000000 0.000000 0.000000 1.000000
0.996859 0.072982 -0.030768 0.000000 -0.072982 0.695515 -0.714795 3.418300 -0.030768 0.714795 0.698657 0.000000 0.000000 0.000000 0.000000 1.000000
0.996858 0.072983 -0.030768 0.000000 -0.072983 0.695515 -0.714795 3.418300 -0.030768 0.714795 0.698657 0.000000 0.000000 0.000000 0.000000 1.000000
0.996858 0.072983 -0.030768 0.000000 -0.072983 0.695516 -0.714795 3.418300 -0.030768 0.714795 0.698657 -0.000000 0.000000 0.000000 0.000000 1.000000
0.996859 0.072982 -0.030768 0.000000 -0.072982 0.695515 -0.714795 3.418300 -0.030768 0.714795 0.698657 0.000000 0.000000 0.000000 0.000000 1.000000
0.996859 0.072982 -0.030768 0.000000 -0.072982 0.695516 -0.714795 3.418300 -0.030768 0.714795 0.698657 0.000000 0.000000 0.000000 0.000000 1.000000
0.996858 0.072982 -0.030768 0.000000 -0.072983 0.695515 -0.714795 3.418300 -0.030768 0.714795 0.698657 -0.000000 0.000000 0.000000 0.000000 1.000000
0.996859 0.072982 -0.030768 0.000000 -0.072982 0.695515 -0.714795 3.418300 -0.030768 0.714795 0.698657 -0.000000 0.000000 0.000000 0.000000 1.000000
0.996859 0.072982 -0.030768 0.000000 -0.072983 0.695515 -0.714795 3.418300 -0.030768 0.714795 0.698657 0.000000 0.000000 0.000000 0.000000 1.000000
0.996859 0.072982 -0.030768 0.000000 -0.072982 0.695515 -0.714795 3.418300 -0.030768 0.714795 0.698657 -0.000000 0.000000 0.000000 0.000000 1.000000
0.996859 0.072982 -0.030768 0.000000 -0.072982 0.695515 -0.714795 3.418300 -0.030768 0.714795 0.698657 0.000000 0.000000 0.000000 0.000000 1.000000
0.996859 0.072983 -0.030768 0.000000 -0.072982 0.695516 -0.714795 3.418300 -0.030768 0.714795 0.698657 0.000000 0.000000 0.000000 0.000000 1.000000
0.996859 0.072982 -0.030768 0.000000 -0.072982 0.695515 -0.714796 3.418300 -0.030767 0.714796 0.698656 0.000000 0.000000 0.000000 0.000000 1.000000
0.996859 0.072982 -0.030768 0.000000 -0.072982 0.695516 -0.714795 3.418300 -0.030768 0.714795 0.698657 -0.000000 0.000000 0.000000 0.000000 1.000000
0.996859 0.072983 -0.030768 0.000000 -0.072982 0.695516 -0.714795 3.418300 -0.030768 0.714795 0.698657 0.000000 0.000000 0.000000 0.000000 1.000000
0.996858 0.072983 -0.030768 0.000000 -0.072983 0.695516 -0.714794 3.418300 -0.030768 0.714794 0.698658 -0.000000 0.000000 0.000000 0.000000 1.000000
0.996859 0.072983 -0.030768 0.000000 -0.072983 0.695516 -0.714795 3.418300 -0.030768 0.714795 0.698657 -0.000000 0.000000 0.000000 0.000000 1.000000
0.996859 0.072982 -0.030768 0.000000 -0.072982 0.695515 -0.714796 3.418300 -0.030768 0.714796 0.698656 0.000000 0.000000 0.000000 0.000000 1.000000
0.996858 0.072983 -0.030768 -0.000000 -0.072983 0.695515 -0.714795 3.418300 -0.030768 0.714795 0.698657 -0.000000 0.000000 0.000000 0.000000 1.000000
0.996859 0.072982 -0.030768 0.000000 -0.072982 0.695515 -0.714795 3.418300 -0.030768 0.714795 0.698657 0.000000 0.000000 0.000000 0.000000 1.000000
0.996859 0.072982 -0.030768 0.000000 -0.072982 0.695515 -0.714795 3.418300 -0.030768 0.714795 0.698657 0.000000 0.000000 0.000000 0.000000 1.000000</float_array>
        <technique_common>
          <accessor source="#mixamorig_LeftHandMiddle2-Matrix-animation-output-transform-array" count="64" stride="16">
            <param type="float4x4"/>
          </accessor>
        </technique_common>
      </source>
      <source id="mixamorig_LeftHandMiddle2-Interpolations">
        <Name_array id="mixamorig_LeftHandMiddle2-Interpolations-array" count="64">
 LINEAR LINEAR LINEAR LINEAR LINEAR LINEAR LINEAR LINEAR LINEAR LINEAR LINEAR
LINEAR LINEAR LINEAR LINEAR LINEAR LINEAR LINEAR LINEAR LINEAR LINEAR LINEAR LINEAR
LINEAR LINEAR LINEAR LINEAR LINEAR LINEAR LINEAR LINEAR LINEAR LINEAR LINEAR LINEAR
LINEAR LINEAR LINEAR LINEAR LINEAR LINEAR LINEAR LINEAR LINEAR LINEAR LINEAR LINEAR
LINEAR LINEAR LINEAR LINEAR LINEAR LINEAR LINEAR LINEAR LINEAR LINEAR LINEAR LINEAR
LINEAR LINEAR LINEAR LINEAR LINEAR</Name_array>
        <technique_common>
          <accessor source="#mixamorig_LeftHandMiddle2-Interpolations-array" count="64">
            <param type="name"/>
          </accessor>
        </technique_common>
      </source>
      <sampler id="mixamorig_LeftHandMiddle2-Matrix-animation-transform">
        <input semantic="INPUT" source="#mixamorig_LeftHandMiddle2-Matrix-animation-input"/>
        <input semantic="OUTPUT" source="#mixamorig_LeftHandMiddle2-Matrix-animation-output-transform"/>
        <input semantic="INTERPOLATION" source="#mixamorig_LeftHandMiddle2-Interpolations"/>
      </sampler>
      <channel source="#mixamorig_LeftHandMiddle2-Matrix-animation-transform" target="mixamorig_LeftHandMiddle2/matrix"/>
    </animation>
    <animation id="mixamorig_LeftHandMiddle3-anim" name="mixamorig_LeftHandMiddle3">
      <source id="mixamorig_LeftHandMiddle3-Matrix-animation-input">
        <float_array id="mixamorig_LeftHandMiddle3-Matrix-animation-input-array" count="64">

0.000000 0.033333 0.066667 0.100000 0.133333 0.166667 0.200000 0.233333 0.266667 0.300000 0.333333 0.366667 0.400000 0.433333 0.466667 0.500000
0.533333 0.566667 0.600000 0.633333 0.666667 0.700000 0.733333 0.766667 0.800000 0.833333 0.866667 0.900000 0.933333 0.966667 1.000000 1.033333
1.066667 1.100000 1.133333 1.166667 1.200000 1.233333 1.266667 1.300000 1.333333 1.366667 1.400000 1.433333 1.466667 1.500000 1.533333 1.566667
1.600000 1.633333 1.666667 1.700000 1.733333 1.766667 1.800000 1.833333 1.866667 1.900000 1.933333 1.966667 2.000000 2.033333 2.066667 2.100000</float_array>
        <technique_common>
          <accessor source="#mixamorig_LeftHandMiddle3-Matrix-animation-input-array" count="64">
            <param name="TIME" type="float"/>
          </accessor>
        </technique_common>
      </source>
      <source id="mixamorig_LeftHandMiddle3-Matrix-animation-output-transform">
        <float_array id="mixamorig_LeftHandMiddle3-Matrix-animation-output-transform-array" count="1024">

0.997109 0.070507 -0.028310 0.000000 -0.070507 0.719837 -0.690553 3.298600 -0.028310 0.690553 0.722727 0.000000 0.000000 0.000000 0.000000 1.000000
0.997109 0.070507 -0.028310 0.000000 -0.070507 0.719838 -0.690552 3.298600 -0.028310 0.690552 0.722728 0.000000 0.000000 0.000000 0.000000 1.000000
0.997109 0.070508 -0.028310 0.000000 -0.070507 0.719838 -0.690552 3.298600 -0.028310 0.690552 0.722728 -0.000000 0.000000 0.000000 0.000000 1.000000
0.997109 0.070507 -0.028310 0.000000 -0.070507 0.719838 -0.690552 3.298600 -0.028310 0.690552 0.722728 -0.000000 0.000000 0.000000 0.000000 1.000000
0.997109 0.070508 -0.028310 0.000000 -0.070508 0.719837 -0.690553 3.298600 -0.028311 0.690553 0.722727 0.000000 0.000000 0.000000 0.000000 1.000000
0.997109 0.070507 -0.028310 0.000000 -0.070507 0.719837 -0.690553 3.298600 -0.028310 0.690553 0.722728 0.000000 0.000000 0.000000 0.000000 1.000000
0.997109 0.070508 -0.028310 0.000000 -0.070507 0.719837 -0.690553 3.298600 -0.028311 0.690553 0.722727 0.000000 0.000000 0.000000 0.000000 1.000000
0.997109 0.070508 -0.028310 0.000000 -0.070508 0.719837 -0.690552 3.298600 -0.028310 0.690552 0.722728 0.000000 0.000000 0.000000 0.000000 1.000000
0.997109 0.070507 -0.028310 -0.000000 -0.070507 0.719837 -0.690553 3.298600 -0.028310 0.690553 0.722728 0.000000 0.000000 0.000000 0.000000 1.000000
0.997109 0.070508 -0.028311 0.000000 -0.070508 0.719837 -0.690553 3.298600 -0.028310 0.690553 0.722728 -0.000000 0.000000 0.000000 0.000000 1.000000
0.997109 0.070507 -0.028310 0.000000 -0.070507 0.719838 -0.690552 3.298600 -0.028310 0.690552 0.722728 0.000000 0.000000 0.000000 0.000000 1.000000
0.997109 0.070507 -0.028310 0.000000 -0.070507 0.719837 -0.690553 3.298600 -0.028310 0.690553 0.722728 0.000000 0.000000 0.000000 0.000000 1.000000
0.997109 0.070507 -0.028310 -0.000000 -0.070507 0.719838 -0.690552 3.298600 -0.028311 0.690552 0.722729 -0.000000 0.000000 0.000000 0.000000 1.000000
0.997109 0.070508 -0.028310 0.000000 -0.070508 0.719837 -0.690553 3.298600 -0.028310 0.690553 0.722728 0.000000 0.000000 0.000000 0.000000 1.000000
0.997109 0.070507 -0.028310 0.000000 -0.070507 0.719838 -0.690552 3.298600 -0.028310 0.690552 0.722728 0.000000 0.000000 0.000000 0.000000 1.000000
0.997109 0.070508 -0.028310 -0.000000 -0.070507 0.719838 -0.690552 3.298600 -0.028310 0.690552 0.722729 -0.000000 0.000000 0.000000 0.000000 1.000000
0.997109 0.070508 -0.028310 0.000000 -0.070507 0.719837 -0.690553 3.298600 -0.028311 0.690553 0.722728 0.000000 0.000000 0.000000 0.000000 1.000000
0.997109 0.070507 -0.028310 -0.000000 -0.070507 0.719837 -0.690553 3.298600 -0.028310 0.690553 0.722728 0.000000 0.000000 0.000000 0.000000 1.000000
0.997109 0.070507 -0.028310 0.000000 -0.070507 0.719837 -0.690553 3.298600 -0.028310 0.690553 0.722727 -0.000000 0.000000 0.000000 0.000000 1.000000
0.997109 0.070508 -0.028310 -0.000000 -0.070507 0.719838 -0.690552 3.298600 -0.028310 0.690552 0.722728 0.000000 0.000000 0.000000 0.000000 1.000000
0.997109 0.070507 -0.028310 -0.000000 -0.070507 0.719838 -0.690552 3.298600 -0.028311 0.690552 0.722728 -0.000000 0.000000 0.000000 0.000000 1.000000
0.997109 0.070508 -0.028310 0.000000 -0.070508 0.719837 -0.690553 3.298600 -0.028310 0.690553 0.722728 0.000000 0.000000 0.000000 0.000000 1.000000
0.997109 0.070507 -0.028310 0.000000 -0.070507 0.719837 -0.690552 3.298600 -0.028310 0.690552 0.722728 0.000000 0.000000 0.000000 0.000000 1.000000
0.997109 0.070507 -0.028310 0.000000 -0.070507 0.719838 -0.690552 3.298600 -0.028310 0.690552 0.722728 -0.000000 0.000000 0.000000 0.000000 1.000000
0.997109 0.070507 -0.028311 -0.000000 -0.070507 0.719837 -0.690553 3.298600 -0.028310 0.690553 0.722728 -0.000000 0.000000 0.000000 0.000000 1.000000
0.997109 0.070508 -0.028310 0.000000 -0.070508 0.719837 -0.690553 3.298600 -0.028310 0.690553 0.722728 0.000000 0.000000 0.000000 0.000000 1.000000
0.997109 0.070507 -0.028310 0.000000 -0.070507 0.719837 -0.690553 3.298600 -0.028311 0.690553 0.722728 0.000000 0.000000 0.000000 0.000000 1.000000
0.997109 0.070507 -0.028310 -0.000000 -0.070507 0.719837 -0.690553 3.298600 -0.028310 0.690553 0.722727 -0.000000 0.000000 0.000000 0.000000 1.000000
0.997109 0.070507 -0.028310 -0.000000 -0.070507 0.719837 -0.690553 3.298600 -0.028310 0.690553 0.722728 0.000000 0.000000 0.000000 0.000000 1.000000
0.997109 0.070508 -0.028310 0.000000 -0.070508 0.719838 -0.690552 3.298600 -0.028310 0.690552 0.722728 0.000000 0.000000 0.000000 0.000000 1.000000
0.997109 0.070507 -0.028310 -0.000000 -0.070508 0.719837 -0.690553 3.298600 -0.028310 0.690553 0.722728 -0.000000 0.000000 0.000000 0.000000 1.000000
0.997109 0.070508 -0.028310 0.000000 -0.070507 0.719837 -0.690553 3.298600 -0.028311 0.690553 0.722728 0.000000 0.000000 0.000000 0.000000 1.000000
0.997109 0.070508 -0.028310 0.000000 -0.070507 0.719837 -0.690553 3.298600 -0.028310 0.690553 0.722728 0.000000 0.000000 0.000000 0.000000 1.000000
0.997109 0.070507 -0.028310 -0.000000 -0.070507 0.719838 -0.690552 3.298600 -0.028310 0.690552 0.722728 0.000000 0.000000 0.000000 0.000000 1.000000
0.997109 0.070507 -0.028310 0.000000 -0.070507 0.719837 -0.690553 3.298600 -0.028310 0.690553 0.722727 -0.000000 0.000000 0.000000 0.000000 1.000000
0.997109 0.070507 -0.028310 0.000000 -0.070507 0.719837 -0.690552 3.298600 -0.028310 0.690552 0.722728 0.000000 0.000000 0.000000 0.000000 1.000000
0.997109 0.070507 -0.028310 0.000000 -0.070507 0.719837 -0.690553 3.298600 -0.028310 0.690553 0.722728 0.000000 0.000000 0.000000 0.000000 1.000000
0.997109 0.070507 -0.028310 0.000000 -0.070507 0.719837 -0.690553 3.298600 -0.028310 0.690553 0.722728 0.000000 0.000000 0.000000 0.000000 1.000000
0.997109 0.070507 -0.028310 0.000000 -0.070507 0.719837 -0.690552 3.298600 -0.028310 0.690552 0.722728 -0.000000 0.000000 0.000000 0.000000 1.000000
0.997109 0.070507 -0.028310 0.000000 -0.070507 0.719837 -0.690553 3.298600 -0.028310 0.690553 0.722728 0.000000 0.000000 0.000000 0.000000 1.000000
0.997109 0.070508 -0.028310 0.000000 -0.070508 0.719838 -0.690552 3.298600 -0.028310 0.690552 0.722728 -0.000000 0.000000 0.000000 0.000000 1.000000
0.997109 0.070507 -0.028310 0.000000 -0.070507 0.719837 -0.690553 3.298600 -0.028310 0.690553 0.722728 0.000000 0.000000 0.000000 0.000000 1.000000
0.997109 0.070507 -0.028310 0.000000 -0.070507 0.719837 -0.690553 3.298600 -0.028310 0.690553 0.722728 0.000000 0.000000 0.000000 0.000000 1.000000
0.997109 0.070508 -0.028310 0.000000 -0.070507 0.719838 -0.690552 3.298600 -0.028311 0.690552 0.722729 0.000000 0.000000 0.000000 0.000000 1.000000
0.997109 0.070507 -0.028310 0.000000 -0.070507 0.719837 -0.690553 3.298600 -0.028310 0.690553 0.722728 0.000000 0.000000 0.000000 0.000000 1.000000
0.997109 0.070507 -0.028310 -0.000000 -0.070507 0.719838 -0.690552 3.298600 -0.028310 0.690552 0.722728 0.000000 0.000000 0.000000 0.000000 1.000000
0.997109 0.070508 -0.028310 0.000000 -0.070508 0.719837 -0.690552 3.298600 -0.028310 0.690552 0.722728 0.000000 0.000000 0.000000 0.000000 1.000000
0.997109 0.070508 -0.028310 -0.000000 -0.070508 0.719837 -0.690553 3.298600 -0.028310 0.690553 0.722728 0.000000 0.000000 0.000000 0.000000 1.000000
0.997109 0.070507 -0.028310 0.000000 -0.070507 0.719837 -0.690553 3.298600 -0.028310 0.690553 0.722728 0.000000 0.000000 0.000000 0.000000 1.000000
0.997109 0.070507 -0.028310 0.000000 -0.070507 0.719837 -0.690553 3.298600 -0.028310 0.690553 0.722727 0.000000 0.000000 0.000000 0.000000 1.000000
0.997109 0.070508 -0.028310 0.000000 -0.070508 0.719838 -0.690552 3.298600 -0.028310 0.690552 0.722728 -0.000000 0.000000 0.000000 0.000000 1.000000
0.997109 0.070507 -0.028310 0.000000 -0.070507 0.719837 -0.690553 3.298600 -0.028310 0.690553 0.722728 -0.000000 0.000000 0.000000 0.000000 1.000000
0.997109 0.070508 -0.028310 0.000000 -0.070507 0.719838 -0.690552 3.298600 -0.028311 0.690552 0.722728 0.000000 0.000000 0.000000 0.000000 1.000000
0.997109 0.070508 -0.028310 0.000000 -0.070507 0.719837 -0.690553 3.298600 -0.028310 0.690553 0.722728 0.000000 0.000000 0.000000 0.000000 1.000000
0.997109 0.070507 -0.028310 -0.000000 -0.070507 0.719838 -0.690552 3.298600 -0.028310 0.690552 0.722728 -0.000000 0.000000 0.000000 0.000000 1.000000
0.997109 0.070507 -0.028310 -0.000000 -0.070507 0.719837 -0.690553 3.298600 -0.028310 0.690553 0.722728 0.000000 0.000000 0.000000 0.000000 1.000000
0.997109 0.070507 -0.028310 0.000000 -0.070507 0.719837 -0.690553 3.298600 -0.028311 0.690553 0.722727 -0.000000 0.000000 0.000000 0.000000 1.000000
0.997109 0.070507 -0.028310 -0.000000 -0.070507 0.719837 -0.690552 3.298600 -0.028310 0.690552 0.722728 0.000000 0.000000 0.000000 0.000000 1.000000
0.997109 0.070507 -0.028310 0.000000 -0.070507 0.719837 -0.690553 3.298600 -0.028310 0.690553 0.722727 0.000000 0.000000 0.000000 0.000000 1.000000
0.997109 0.070507 -0.028310 -0.000000 -0.070507 0.719837 -0.690553 3.298600 -0.028310 0.690553 0.722728 0.000000 0.000000 0.000000 0.000000 1.000000
0.997109 0.070508 -0.028310 -0.000000 -0.070507 0.719837 -0.690553 3.298600 -0.028311 0.690553 0.722728 0.000000 0.000000 0.000000 0.000000 1.000000
0.997109 0.070507 -0.028311 0.000000 -0.070508 0.719837 -0.690553 3.298600 -0.028310 0.690553 0.722728 -0.000000 0.000000 0.000000 0.000000 1.000000
0.997109 0.070507 -0.028310 0.000000 -0.070507 0.719837 -0.690553 3.298600 -0.028310 0.690553 0.722728 -0.000000 0.000000 0.000000 0.000000 1.000000
0.997109 0.070507 -0.028310 0.000000 -0.070507 0.719837 -0.690553 3.298600 -0.028310 0.690553 0.722728 0.000000 0.000000 0.000000 0.000000 1.000000</float_array>
        <technique_common>
          <accessor source="#mixamorig_LeftHandMiddle3-Matrix-animation-output-transform-array" count="64" stride="16">
            <param type="float4x4"/>
          </accessor>
        </technique_common>
      </source>
      <source id="mixamorig_LeftHandMiddle3-Interpolations">
        <Name_array id="mixamorig_LeftHandMiddle3-Interpolations-array" count="64">
 LINEAR LINEAR LINEAR LINEAR LINEAR LINEAR LINEAR LINEAR LINEAR LINEAR LINEAR
LINEAR LINEAR LINEAR LINEAR LINEAR LINEAR LINEAR LINEAR LINEAR LINEAR LINEAR LINEAR
LINEAR LINEAR LINEAR LINEAR LINEAR LINEAR LINEAR LINEAR LINEAR LINEAR LINEAR LINEAR
LINEAR LINEAR LINEAR LINEAR LINEAR LINEAR LINEAR LINEAR LINEAR LINEAR LINEAR LINEAR
LINEAR LINEAR LINEAR LINEAR LINEAR LINEAR LINEAR LINEAR LINEAR LINEAR LINEAR LINEAR
LINEAR LINEAR LINEAR LINEAR LINEAR</Name_array>
        <technique_common>
          <accessor source="#mixamorig_LeftHandMiddle3-Interpolations-array" count="64">
            <param type="name"/>
          </accessor>
        </technique_common>
      </source>
      <sampler id="mixamorig_LeftHandMiddle3-Matrix-animation-transform">
        <input semantic="INPUT" source="#mixamorig_LeftHandMiddle3-Matrix-animation-input"/>
        <input semantic="OUTPUT" source="#mixamorig_LeftHandMiddle3-Matrix-animation-output-transform"/>
        <input semantic="INTERPOLATION" source="#mixamorig_LeftHandMiddle3-Interpolations"/>
      </sampler>
      <channel source="#mixamorig_LeftHandMiddle3-Matrix-animation-transform" target="mixamorig_LeftHandMiddle3/matrix"/>
    </animation>
    <animation id="mixamorig_LeftHandRing1-anim" name="mixamorig_LeftHandRing1">
      <source id="mixamorig_LeftHandRing1-Matrix-animation-input">
        <float_array id="mixamorig_LeftHandRing1-Matrix-animation-input-array" count="64">

0.000000 0.033333 0.066667 0.100000 0.133333 0.166667 0.200000 0.233333 0.266667 0.300000 0.333333 0.366667 0.400000 0.433333 0.466667 0.500000
0.533333 0.566667 0.600000 0.633333 0.666667 0.700000 0.733333 0.766667 0.800000 0.833333 0.866667 0.900000 0.933333 0.966667 1.000000 1.033333
1.066667 1.100000 1.133333 1.166667 1.200000 1.233333 1.266667 1.300000 1.333333 1.366667 1.400000 1.433333 1.466667 1.500000 1.533333 1.566667
1.600000 1.633333 1.666667 1.700000 1.733333 1.766667 1.800000 1.833333 1.866667 1.900000 1.933333 1.966667 2.000000 2.033333 2.066667 2.100000</float_array>
        <technique_common>
          <accessor source="#mixamorig_LeftHandRing1-Matrix-animation-input-array" count="64">
            <param name="TIME" type="float"/>
          </accessor>
        </technique_common>
      </source>
      <source id="mixamorig_LeftHandRing1-Matrix-animation-output-transform">
        <float_array id="mixamorig_LeftHandRing1-Matrix-animation-output-transform-array" count="1024">

0.999760 0.005947 0.021063 2.998700 0.000813 0.951621 -0.307273 12.329200 -0.021872 0.307217 0.951388 -0.106900 0.000000 0.000000 0.000000 1.000000
0.999760 0.005947 0.021063 2.998700 0.000813 0.951621 -0.307273 12.329200 -0.021872 0.307217 0.951388 -0.106900 0.000000 0.000000 0.000000 1.000000
0.999760 0.005947 0.021063 2.998700 0.000813 0.951621 -0.307273 12.329200 -0.021872 0.307217 0.951388 -0.106900 0.000000 0.000000 0.000000 1.000000
0.999760 0.005947 0.021063 2.998700 0.000813 0.951621 -0.307274 12.329200 -0.021872 0.307217 0.951388 -0.106900 0.000000 0.000000 0.000000 1.000000
0.999760 0.005947 0.021063 2.998700 0.000813 0.951621 -0.307274 12.329200 -0.021871 0.307217 0.951388 -0.106900 0.000000 0.000000 0.000000 1.000000
0.999760 0.005947 0.021063 2.998700 0.000813 0.951621 -0.307274 12.329200 -0.021872 0.307217 0.951388 -0.106900 0.000000 0.000000 0.000000 1.000000
0.999760 0.005947 0.021063 2.998700 0.000813 0.951621 -0.307274 12.329200 -0.021872 0.307217 0.951388 -0.106900 0.000000 0.000000 0.000000 1.000000
0.999760 0.005948 0.021063 2.998700 0.000812 0.951621 -0.307273 12.329200 -0.021872 0.307217 0.951388 -0.106900 0.000000 0.000000 0.000000 1.000000
0.999760 0.005947 0.021063 2.998700 0.000813 0.951621 -0.307273 12.329200 -0.021872 0.307217 0.951388 -0.106900 0.000000 0.000000 0.000000 1.000000
0.999760 0.005948 0.021063 2.998700 0.000813 0.951621 -0.307273 12.329200 -0.021872 0.307217 0.951388 -0.106900 0.000000 0.000000 0.000000 1.000000
0.999760 0.005947 0.021063 2.998700 0.000813 0.951621 -0.307273 12.329200 -0.021872 0.307217 0.951388 -0.106900 0.000000 0.000000 0.000000 1.000000
0.999760 0.005948 0.021063 2.998700 0.000813 0.951621 -0.307273 12.329200 -0.021872 0.307217 0.951388 -0.106900 0.000000 0.000000 0.000000 1.000000
0.999760 0.005947 0.021063 2.998700 0.000813 0.951621 -0.307274 12.329200 -0.021872 0.307217 0.951388 -0.106900 0.000000 0.000000 0.000000 1.000000
0.999760 0.005948 0.021063 2.998700 0.000812 0.951621 -0.307274 12.329200 -0.021872 0.307217 0.951388 -0.106900 0.000000 0.000000 0.000000 1.000000
0.999760 0.005947 0.021063 2.998700 0.000813 0.951621 -0.307274 12.329200 -0.021871 0.307217 0.951388 -0.106900 0.000000 0.000000 0.000000 1.000000
0.999760 0.005947 0.021063 2.998700 0.000813 0.951621 -0.307273 12.329200 -0.021871 0.307217 0.951388 -0.106900 0.000000 0.000000 0.000000 1.000000
0.999760 0.005948 0.021063 2.998700 0.000812 0.951621 -0.307274 12.329200 -0.021872 0.307217 0.951388 -0.106900 0.000000 0.000000 0.000000 1.000000
0.999760 0.005948 0.021063 2.998700 0.000812 0.951621 -0.307273 12.329200 -0.021872 0.307217 0.951388 -0.106900 0.000000 0.000000 0.000000 1.000000
0.999760 0.005948 0.021063 2.998700 0.000812 0.951621 -0.307273 12.329200 -0.021872 0.307217 0.951388 -0.106900 0.000000 0.000000 0.000000 1.000000
0.999760 0.005948 0.021063 2.998700 0.000813 0.951621 -0.307273 12.329200 -0.021872 0.307217 0.951388 -0.106900 0.000000 0.000000 0.000000 1.000000
0.999760 0.005947 0.021063 2.998700 0.000813 0.951621 -0.307273 12.329200 -0.021872 0.307217 0.951388 -0.106900 0.000000 0.000000 0.000000 1.000000
0.999760 0.005947 0.021063 2.998700 0.000813 0.951621 -0.307274 12.329200 -0.021872 0.307217 0.951388 -0.106900 0.000000 0.000000 0.000000 1.000000
0.999760 0.005948 0.021063 2.998700 0.000812 0.951621 -0.307273 12.329200 -0.021872 0.307217 0.951388 -0.106900 0.000000 0.000000 0.000000 1.000000
0.999760 0.005947 0.021063 2.998700 0.000813 0.951621 -0.307273 12.329200 -0.021872 0.307217 0.951388 -0.106900 0.000000 0.000000 0.000000 1.000000
0.999760 0.005947 0.021063 2.998700 0.000813 0.951621 -0.307273 12.329200 -0.021872 0.307217 0.951388 -0.106900 0.000000 0.000000 0.000000 1.000000
0.999760 0.005948 0.021063 2.998700 0.000813 0.951621 -0.307273 12.329200 -0.021872 0.307217 0.951388 -0.106900 0.000000 0.000000 0.000000 1.000000
0.999760 0.005948 0.021063 2.998700 0.000812 0.951621 -0.307273 12.329200 -0.021872 0.307217 0.951388 -0.106900 0.000000 0.000000 0.000000 1.000000
0.999760 0.005947 0.021063 2.998700 0.000813 0.951621 -0.307273 12.329200 -0.021872 0.307217 0.951388 -0.106900 0.000000 0.000000 0.000000 1.000000
0.999760 0.005948 0.021063 2.998700 0.000813 0.951621 -0.307273 12.329200 -0.021872 0.307217 0.951388 -0.106900 0.000000 0.000000 0.000000 1.000000
0.999760 0.005947 0.021063 2.998700 0.000813 0.951621 -0.307273 12.329200 -0.021872 0.307217 0.951388 -0.106900 0.000000 0.000000 0.000000 1.000000
0.999760 0.005947 0.021063 2.998700 0.000813 0.951621 -0.307274 12.329200 -0.021872 0.307217 0.951388 -0.106900 0.000000 0.000000 0.000000 1.000000
0.999760 0.005948 0.021063 2.998700 0.000813 0.951621 -0.307273 12.329200 -0.021872 0.307217 0.951388 -0.106900 0.000000 0.000000 0.000000 1.000000
0.999760 0.005948 0.021063 2.998700 0.000812 0.951621 -0.307273 12.329200 -0.021872 0.307217 0.951388 -0.106900 0.000000 0.000000 0.000000 1.000000
0.999760 0.005947 0.021063 2.998700 0.000813 0.951621 -0.307273 12.329200 -0.021872 0.307217 0.951388 -0.106900 0.000000 0.000000 0.000000 1.000000
0.999760 0.005948 0.021063 2.998700 0.000813 0.951621 -0.307273 12.329200 -0.021872 0.307217 0.951388 -0.106900 0.000000 0.000000 0.000000 1.000000
0.999760 0.005948 0.021063 2.998700 0.000813 0.951621 -0.307274 12.329200 -0.021872 0.307217 0.951388 -0.106900 0.000000 0.000000 0.000000 1.000000
0.999760 0.005948 0.021063 2.998700 0.000812 0.951621 -0.307273 12.329200 -0.021872 0.307217 0.951388 -0.106900 0.000000 0.000000 0.000000 1.000000
0.999760 0.005948 0.021063 2.998700 0.000812 0.951621 -0.307274 12.329200 -0.021872 0.307217 0.951388 -0.106900 0.000000 0.000000 0.000000 1.000000
0.999760 0.005947 0.021063 2.998700 0.000813 0.951621 -0.307274 12.329200 -0.021871 0.307217 0.951388 -0.106900 0.000000 0.000000 0.000000 1.000000
0.999760 0.005948 0.021063 2.998700 0.000812 0.951621 -0.307274 12.329200 -0.021872 0.307217 0.951388 -0.106900 0.000000 0.000000 0.000000 1.000000
0.999760 0.005947 0.021063 2.998700 0.000813 0.951621 -0.307273 12.329200 -0.021871 0.307217 0.951388 -0.106900 0.000000 0.000000 0.000000 1.000000
0.999760 0.005947 0.021063 2.998700 0.000813 0.951621 -0.307273 12.329200 -0.021871 0.307217 0.951388 -0.106900 0.000000 0.000000 0.000000 1.000000
0.999760 0.005948 0.021063 2.998700 0.000813 0.951621 -0.307273 12.329200 -0.021872 0.307217 0.951388 -0.106900 0.000000 0.000000 0.000000 1.000000
0.999760 0.005947 0.021063 2.998700 0.000813 0.951621 -0.307274 12.329200 -0.021872 0.307217 0.951388 -0.106900 0.000000 0.000000 0.000000 1.000000
0.999760 0.005947 0.021063 2.998700 0.000813 0.951621 -0.307273 12.329200 -0.021872 0.307217 0.951388 -0.106900 0.000000 0.000000 0.000000 1.000000
0.999760 0.005947 0.021063 2.998700 0.000813 0.951621 -0.307273 12.329200 -0.021872 0.307217 0.951388 -0.106900 0.000000 0.000000 0.000000 1.000000
0.999760 0.005947 0.021063 2.998700 0.000813 0.951621 -0.307274 12.329200 -0.021872 0.307217 0.951388 -0.106900 0.000000 0.000000 0.000000 1.000000
0.999760 0.005947 0.021063 2.998700 0.000813 0.951621 -0.307274 12.329200 -0.021871 0.307217 0.951388 -0.106900 0.000000 0.000000 0.000000 1.000000
0.999760 0.005947 0.021063 2.998700 0.000813 0.951621 -0.307274 12.329200 -0.021872 0.307217 0.951388 -0.106900 0.000000 0.000000 0.000000 1.000000
0.999760 0.005948 0.021063 2.998700 0.000813 0.951621 -0.307273 12.329200 -0.021872 0.307217 0.951388 -0.106900 0.000000 0.000000 0.000000 1.000000
0.999760 0.005947 0.021063 2.998700 0.000813 0.951621 -0.307274 12.329200 -0.021872 0.307217 0.951388 -0.106900 0.000000 0.000000 0.000000 1.000000
0.999760 0.005948 0.021063 2.998700 0.000812 0.951621 -0.307273 12.329200 -0.021872 0.307217 0.951388 -0.106900 0.000000 0.000000 0.000000 1.000000
0.999760 0.005947 0.021063 2.998700 0.000813 0.951621 -0.307274 12.329200 -0.021872 0.307217 0.951388 -0.106900 0.000000 0.000000 0.000000 1.000000
0.999760 0.005947 0.021063 2.998700 0.000813 0.951621 -0.307273 12.329200 -0.021872 0.307217 0.951388 -0.106900 0.000000 0.000000 0.000000 1.000000
0.999760 0.005948 0.021063 2.998700 0.000813 0.951621 -0.307274 12.329200 -0.021872 0.307217 0.951388 -0.106900 0.000000 0.000000 0.000000 1.000000
0.999760 0.005948 0.021063 2.998700 0.000812 0.951621 -0.307273 12.329200 -0.021872 0.307217 0.951388 -0.106900 0.000000 0.000000 0.000000 1.000000
0.999760 0.005948 0.021063 2.998700 0.000813 0.951621 -0.307274 12.329200 -0.021872 0.307217 0.951388 -0.106900 0.000000 0.000000 0.000000 1.000000
0.999760 0.005947 0.021063 2.998700 0.000813 0.951621 -0.307274 12.329200 -0.021872 0.307217 0.951388 -0.106900 0.000000 0.000000 0.000000 1.000000
0.999760 0.005948 0.021063 2.998700 0.000812 0.951621 -0.307274 12.329200 -0.021872 0.307217 0.951388 -0.106900 0.000000 0.000000 0.000000 1.000000
0.999760 0.005948 0.021063 2.998700 0.000813 0.951621 -0.307274 12.329200 -0.021872 0.307217 0.951388 -0.106900 0.000000 0.000000 0.000000 1.000000
0.999760 0.005947 0.021063 2.998700 0.000813 0.951621 -0.307274 12.329200 -0.021872 0.307217 0.951388 -0.106900 0.000000 0.000000 0.000000 1.000000
0.999760 0.005947 0.021063 2.998700 0.000813 0.951621 -0.307273 12.329200 -0.021872 0.307217 0.951388 -0.106900 0.000000 0.000000 0.000000 1.000000
0.999760 0.005948 0.021063 2.998700 0.000813 0.951621 -0.307273 12.329200 -0.021872 0.307217 0.951388 -0.106900 0.000000 0.000000 0.000000 1.000000
0.999760 0.005947 0.021063 2.998700 0.000813 0.951621 -0.307273 12.329200 -0.021872 0.307217 0.951388 -0.106900 0.000000 0.000000 0.000000 1.000000</float_array>
        <technique_common>
          <accessor source="#mixamorig_LeftHandRing1-Matrix-animation-output-transform-array" count="64" stride="16">
            <param type="float4x4"/>
          </accessor>
        </technique_common>
      </source>
      <source id="mixamorig_LeftHandRing1-Interpolations">
        <Name_array id="mixamorig_LeftHandRing1-Interpolations-array" count="64">
 LINEAR LINEAR LINEAR LINEAR LINEAR LINEAR LINEAR LINEAR LINEAR LINEAR LINEAR
LINEAR LINEAR LINEAR LINEAR LINEAR LINEAR LINEAR LINEAR LINEAR LINEAR LINEAR LINEAR
LINEAR LINEAR LINEAR LINEAR LINEAR LINEAR LINEAR LINEAR LINEAR LINEAR LINEAR LINEAR
LINEAR LINEAR LINEAR LINEAR LINEAR LINEAR LINEAR LINEAR LINEAR LINEAR LINEAR LINEAR
LINEAR LINEAR LINEAR LINEAR LINEAR LINEAR LINEAR LINEAR LINEAR LINEAR LINEAR LINEAR
LINEAR LINEAR LINEAR LINEAR LINEAR</Name_array>
        <technique_common>
          <accessor source="#mixamorig_LeftHandRing1-Interpolations-array" count="64">
            <param type="name"/>
          </accessor>
        </technique_common>
      </source>
      <sampler id="mixamorig_LeftHandRing1-Matrix-animation-transform">
        <input semantic="INPUT" source="#mixamorig_LeftHandRing1-Matrix-animation-input"/>
        <input semantic="OUTPUT" source="#mixamorig_LeftHandRing1-Matrix-animation-output-transform"/>
        <input semantic="INTERPOLATION" source="#mixamorig_LeftHandRing1-Interpolations"/>
      </sampler>
      <channel source="#mixamorig_LeftHandRing1-Matrix-animation-transform" target="mixamorig_LeftHandRing1/matrix"/>
    </animation>
    <animation id="mixamorig_LeftHandRing2-anim" name="mixamorig_LeftHandRing2">
      <source id="mixamorig_LeftHandRing2-Matrix-animation-input">
        <float_array id="mixamorig_LeftHandRing2-Matrix-animation-input-array" count="64">

0.000000 0.033333 0.066667 0.100000 0.133333 0.166667 0.200000 0.233333 0.266667 0.300000 0.333333 0.366667 0.400000 0.433333 0.466667 0.500000
0.533333 0.566667 0.600000 0.633333 0.666667 0.700000 0.733333 0.766667 0.800000 0.833333 0.866667 0.900000 0.933333 0.966667 1.000000 1.033333
1.066667 1.100000 1.133333 1.166667 1.200000 1.233333 1.266667 1.300000 1.333333 1.366667 1.400000 1.433333 1.466667 1.500000 1.533333 1.566667
1.600000 1.633333 1.666667 1.700000 1.733333 1.766667 1.800000 1.833333 1.866667 1.900000 1.933333 1.966667 2.000000 2.033333 2.066667 2.100000</float_array>
        <technique_common>
          <accessor source="#mixamorig_LeftHandRing2-Matrix-animation-input-array" count="64">
            <param name="TIME" type="float"/>
          </accessor>
        </technique_common>
      </source>
      <source id="mixamorig_LeftHandRing2-Matrix-animation-output-transform">
        <float_array id="mixamorig_LeftHandRing2-Matrix-animation-output-transform-array" count="1024">

0.993369 0.094870 -0.064944 0.000000 -0.094869 0.357303 -0.929158 3.058600 -0.064944 0.929158 0.363934 0.000000 0.000000 0.000000 0.000000 1.000000
0.993369 0.094870 -0.064944 0.000000 -0.094869 0.357303 -0.929158 3.058600 -0.064944 0.929158 0.363934 0.000000 0.000000 0.000000 0.000000 1.000000
0.993369 0.094870 -0.064945 0.000000 -0.094870 0.357303 -0.929158 3.058600 -0.064944 0.929158 0.363934 0.000000 0.000000 0.000000 0.000000 1.000000
0.993369 0.094870 -0.064944 0.000000 -0.094870 0.357303 -0.929158 3.058600 -0.064944 0.929158 0.363934 0.000000 0.000000 0.000000 0.000000 1.000000
0.993369 0.094870 -0.064944 0.000000 -0.094870 0.357303 -0.929158 3.058600 -0.064944 0.929158 0.363934 0.000000 0.000000 0.000000 0.000000 1.000000
0.993369 0.094870 -0.064945 0.000000 -0.094870 0.357303 -0.929158 3.058600 -0.064944 0.929158 0.363934 0.000000 0.000000 0.000000 0.000000 1.000000
0.993369 0.094869 -0.064944 0.000000 -0.094870 0.357303 -0.929158 3.058600 -0.064944 0.929158 0.363934 0.000000 0.000000 0.000000 0.000000 1.000000
0.993369 0.094870 -0.064944 0.000000 -0.094870 0.357303 -0.929158 3.058600 -0.064944 0.929158 0.363934 0.000000 0.000000 0.000000 0.000000 1.000000
0.993369 0.094869 -0.064945 0.000000 -0.094870 0.357302 -0.929158 3.058600 -0.064944 0.929158 0.363933 -0.000000 0.000000 0.000000 0.000000 1.000000
0.993369 0.094869 -0.064944 0.000000 -0.094870 0.357303 -0.929158 3.058600 -0.064944 0.929158 0.363934 0.000000 0.000000 0.000000 0.000000 1.000000
0.993369 0.094870 -0.064945 0.000000 -0.094870 0.357303 -0.929158 3.058600 -0.064944 0.929158 0.363934 0.000000 0.000000 0.000000 0.000000 1.000000
0.993369 0.094870 -0.064944 -0.000000 -0.094870 0.357303 -0.929158 3.058600 -0.064944 0.929158 0.363934 0.000000 0.000000 0.000000 0.000000 1.000000
0.993369 0.094870 -0.064944 0.000000 -0.094870 0.357303 -0.929158 3.058600 -0.064944 0.929158 0.363934 0.000000 0.000000 0.000000 0.000000 1.000000
0.993369 0.094870 -0.064944 0.000000 -0.094870 0.357303 -0.929158 3.058600 -0.064944 0.929158 0.363934 -0.000000 0.000000 0.000000 0.000000 1.000000
0.993369 0.094870 -0.064944 -0.000000 -0.094870 0.357303 -0.929158 3.058600 -0.064944 0.929158 0.363934 0.000000 0.000000 0.000000 0.000000 1.000000
0.993369 0.094870 -0.064944 0.000000 -0.094870 0.357302 -0.929158 3.058600 -0.064944 0.929158 0.363933 0.000000 0.000000 0.000000 0.000000 1.000000
0.993369 0.094870 -0.064944 0.000000 -0.094870 0.357302 -0.929158 3.058600 -0.064944 0.929158 0.363933 -0.000000 0.000000 0.000000 0.000000 1.000000
0.993369 0.094869 -0.064944 0.000000 -0.094869 0.357302 -0.929158 3.058600 -0.064944 0.929158 0.363933 0.000000 0.000000 0.000000 0.000000 1.000000
0.993369 0.094870 -0.064945 0.000000 -0.094870 0.357303 -0.929158 3.058600 -0.064944 0.929158 0.363934 0.000000 0.000000 0.000000 0.000000 1.000000
0.993369 0.094869 -0.064945 0.000000 -0.094870 0.357302 -0.929158 3.058600 -0.064944 0.929158 0.363933 0.000000 0.000000 0.000000 0.000000 1.000000
0.993369 0.094870 -0.064945 0.000000 -0.094870 0.357303 -0.929158 3.058600 -0.064944 0.929158 0.363934 -0.000000 0.000000 0.000000 0.000000 1.000000
0.993369 0.094870 -0.064944 0.000000 -0.094870 0.357303 -0.929158 3.058600 -0.064944 0.929158 0.363934 0.000000 0.000000 0.000000 0.000000 1.000000
0.993369 0.094869 -0.064944 0.000000 -0.094869 0.357302 -0.929158 3.058600 -0.064944 0.929158 0.363933 -0.000000 0.000000 0.000000 0.000000 1.000000
0.993369 0.094869 -0.064945 -0.000000 -0.094870 0.357302 -0.929158 3.058600 -0.064944 0.929158 0.363933 0.000000 0.000000 0.000000 0.000000 1.000000
0.993369 0.094870 -0.064945 0.000000 -0.094870 0.357302 -0.929158 3.058600 -0.064944 0.929158 0.363933 0.000000 0.000000 0.000000 0.000000 1.000000
0.993369 0.094869 -0.064944 0.000000 -0.094870 0.357302 -0.929158 3.058600 -0.064944 0.929158 0.363933 0.000000 0.000000 0.000000 0.000000 1.000000
0.993369 0.094870 -0.064944 0.000000 -0.094870 0.357302 -0.929158 3.058600 -0.064944 0.929158 0.363933 -0.000000 0.000000 0.000000 0.000000 1.000000
0.993369 0.094870 -0.064945 -0.000000 -0.094870 0.357303 -0.929158 3.058600 -0.064944 0.929158 0.363934 0.000000 0.000000 0.000000 0.000000 1.000000
0.993369 0.094870 -0.064944 0.000000 -0.094869 0.357302 -0.929158 3.058600 -0.064944 0.929158 0.363933 0.000000 0.000000 0.000000 0.000000 1.000000
0.993369 0.094869 -0.064944 0.000000 -0.094869 0.357302 -0.929158 3.058600 -0.064944 0.929158 0.363933 0.000000 0.000000 0.000000 0.000000 1.000000
0.993369 0.094870 -0.064945 0.000000 -0.094870 0.357302 -0.929158 3.058600 -0.064944 0.929158 0.363933 0.000000 0.000000 0.000000 0.000000 1.000000
0.993369 0.094870 -0.064945 0.000000 -0.094870 0.357303 -0.929158 3.058600 -0.064944 0.929158 0.363934 0.000000 0.000000 0.000000 0.000000 1.000000
0.993369 0.094869 -0.064944 -0.000000 -0.094870 0.357303 -0.929158 3.058600 -0.064944 0.929158 0.363934 0.000000 0.000000 0.000000 0.000000 1.000000
0.993369 0.094870 -0.064944 -0.000000 -0.094870 0.357303 -0.929158 3.058600 -0.064944 0.929158 0.363934 0.000000 0.000000 0.000000 0.000000 1.000000
0.993369 0.094870 -0.064945 0.000000 -0.094870 0.357302 -0.929158 3.058600 -0.064944 0.929158 0.363933 0.000000 0.000000 0.000000 0.000000 1.000000
0.993369 0.094869 -0.064944 0.000000 -0.094869 0.357302 -0.929158 3.058600 -0.064944 0.929158 0.363933 0.000000 0.000000 0.000000 0.000000 1.000000
0.993369 0.094869 -0.064944 0.000000 -0.094870 0.357302 -0.929158 3.058600 -0.064944 0.929158 0.363933 0.000000 0.000000 0.000000 0.000000 1.000000
0.993369 0.094870 -0.064944 0.000000 -0.094869 0.357303 -0.929158 3.058600 -0.064944 0.929158 0.363934 0.000000 0.000000 0.000000 0.000000 1.000000
0.993369 0.094870 -0.064944 -0.000000 -0.094870 0.357303 -0.929158 3.058600 -0.064944 0.929158 0.363934 0.000000 0.000000 0.000000 0.000000 1.000000
0.993369 0.094869 -0.064944 0.000000 -0.094869 0.357302 -0.929158 3.058600 -0.064944 0.929158 0.363933 0.000000 0.000000 0.000000 0.000000 1.000000
0.993369 0.094870 -0.064945 0.000000 -0.094870 0.357302 -0.929158 3.058600 -0.064944 0.929158 0.363933 0.000000 0.000000 0.000000 0.000000 1.000000
0.993369 0.094870 -0.064945 0.000000 -0.094870 0.357303 -0.929158 3.058600 -0.064944 0.929158 0.363934 0.000000 0.000000 0.000000 0.000000 1.000000
0.993369 0.094869 -0.064944 0.000000 -0.094869 0.357302 -0.929158 3.058600 -0.064944 0.929158 0.363933 0.000000 0.000000 0.000000 0.000000 1.000000
0.993369 0.094869 -0.064944 0.000000 -0.094870 0.357302 -0.929158 3.058600 -0.064944 0.929158 0.363933 0.000000 0.000000 0.000000 0.000000 1.000000
0.993369 0.094869 -0.064944 0.000000 -0.094869 0.357302 -0.929158 3.058600 -0.064944 0.929158 0.363933 0.000000 0.000000 0.000000 0.000000 1.000000
0.993369 0.094869 -0.064944 0.000000 -0.094870 0.357302 -0.929158 3.058600 -0.064944 0.929158 0.363933 0.000000 0.000000 0.000000 0.000000 1.000000
0.993369 0.094870 -0.064944 0.000000 -0.094870 0.357302 -0.929158 3.058600 -0.064944 0.929158 0.363933 0.000000 0.000000 0.000000 0.000000 1.000000
0.993369 0.094870 -0.064944 0.000000 -0.094870 0.357303 -0.929158 3.058600 -0.064944 0.929158 0.363934 0.000000 0.000000 0.000000 0.000000 1.000000
0.993369 0.094869 -0.064944 0.000000 -0.094870 0.357303 -0.929158 3.058600 -0.064944 0.929158 0.363934 -0.000000 0.000000 0.000000 0.000000 1.000000
0.993369 0.094869 -0.064944 0.000000 -0.094869 0.357303 -0.929158 3.058600 -0.064944 0.929158 0.363934 -0.000000 0.000000 0.000000 0.000000 1.000000
0.993369 0.094869 -0.064944 0.000000 -0.094870 0.357302 -0.929158 3.058600 -0.064944 0.929158 0.363933 0.000000 0.000000 0.000000 0.000000 1.000000
0.993369 0.094869 -0.064944 0.000000 -0.094869 0.357302 -0.929158 3.058600 -0.064944 0.929158 0.363933 0.000000 0.000000 0.000000 0.000000 1.000000
0.993369 0.094869 -0.064944 0.000000 -0.094869 0.357303 -0.929158 3.058600 -0.064944 0.929158 0.363933 -0.000000 0.000000 0.000000 0.000000 1.000000
0.993369 0.094870 -0.064945 0.000000 -0.094870 0.357302 -0.929158 3.058600 -0.064944 0.929158 0.363933 0.000000 0.000000 0.000000 0.000000 1.000000
0.993369 0.094870 -0.064945 -0.000000 -0.094870 0.357302 -0.929158 3.058600 -0.064944 0.929158 0.363933 -0.000000 0.000000 0.000000 0.000000 1.000000
0.993369 0.094870 -0.064944 0.000000 -0.094870 0.357302 -0.929158 3.058600 -0.064944 0.929158 0.363933 -0.000000 0.000000 0.000000 0.000000 1.000000
0.993369 0.094869 -0.064944 -0.000000 -0.094870 0.357302 -0.929158 3.058600 -0.064944 0.929158 0.363933 0.000000 0.000000 0.000000 0.000000 1.000000
0.993369 0.094869 -0.064944 0.000000 -0.094869 0.357303 -0.929158 3.058600 -0.064944 0.929158 0.363934 0.000000 0.000000 0.000000 0.000000 1.000000
0.993369 0.094870 -0.064944 0.000000 -0.094869 0.357303 -0.929158 3.058600 -0.064944 0.929158 0.363934 -0.000000 0.000000 0.000000 0.000000 1.000000
0.993369 0.094870 -0.064944 0.000000 -0.094869 0.357303 -0.929158 3.058600 -0.064944 0.929158 0.363934 -0.000000 0.000000 0.000000 0.000000 1.000000
0.993369 0.094869 -0.064944 -0.000000 -0.094869 0.357302 -0.929158 3.058600 -0.064944 0.929158 0.363933 0.000000 0.000000 0.000000 0.000000 1.000000
0.993369 0.094870 -0.064944 -0.000000 -0.094869 0.357303 -0.929158 3.058600 -0.064944 0.929158 0.363934 0.000000 0.000000 0.000000 0.000000 1.000000
0.993369 0.094869 -0.064944 0.000000 -0.094869 0.357302 -0.929158 3.058600 -0.064944 0.929158 0.363933 -0.000000 0.000000 0.000000 0.000000 1.000000
0.993369 0.094870 -0.064944 0.000000 -0.094870 0.357303 -0.929158 3.058600 -0.064944 0.929158 0.363934 0.000000 0.000000 0.000000 0.000000 1.000000</float_array>
        <technique_common>
          <accessor source="#mixamorig_LeftHandRing2-Matrix-animation-output-transform-array" count="64" stride="16">
            <param type="float4x4"/>
          </accessor>
        </technique_common>
      </source>
      <source id="mixamorig_LeftHandRing2-Interpolations">
        <Name_array id="mixamorig_LeftHandRing2-Interpolations-array" count="64">
 LINEAR LINEAR LINEAR LINEAR LINEAR LINEAR LINEAR LINEAR LINEAR LINEAR LINEAR
LINEAR LINEAR LINEAR LINEAR LINEAR LINEAR LINEAR LINEAR LINEAR LINEAR LINEAR LINEAR
LINEAR LINEAR LINEAR LINEAR LINEAR LINEAR LINEAR LINEAR LINEAR LINEAR LINEAR LINEAR
LINEAR LINEAR LINEAR LINEAR LINEAR LINEAR LINEAR LINEAR LINEAR LINEAR LINEAR LINEAR
LINEAR LINEAR LINEAR LINEAR LINEAR LINEAR LINEAR LINEAR LINEAR LINEAR LINEAR LINEAR
LINEAR LINEAR LINEAR LINEAR LINEAR</Name_array>
        <technique_common>
          <accessor source="#mixamorig_LeftHandRing2-Interpolations-array" count="64">
            <param type="name"/>
          </accessor>
        </technique_common>
      </source>
      <sampler id="mixamorig_LeftHandRing2-Matrix-animation-transform">
        <input semantic="INPUT" source="#mixamorig_LeftHandRing2-Matrix-animation-input"/>
        <input semantic="OUTPUT" source="#mixamorig_LeftHandRing2-Matrix-animation-output-transform"/>
        <input semantic="INTERPOLATION" source="#mixamorig_LeftHandRing2-Interpolations"/>
      </sampler>
      <channel source="#mixamorig_LeftHandRing2-Matrix-animation-transform" target="mixamorig_LeftHandRing2/matrix"/>
    </animation>
    <animation id="mixamorig_LeftHandRing3-anim" name="mixamorig_LeftHandRing3">
      <source id="mixamorig_LeftHandRing3-Matrix-animation-input">
        <float_array id="mixamorig_LeftHandRing3-Matrix-animation-input-array" count="64">

0.000000 0.033333 0.066667 0.100000 0.133333 0.166667 0.200000 0.233333 0.266667 0.300000 0.333333 0.366667 0.400000 0.433333 0.466667 0.500000
0.533333 0.566667 0.600000 0.633333 0.666667 0.700000 0.733333 0.766667 0.800000 0.833333 0.866667 0.900000 0.933333 0.966667 1.000000 1.033333
1.066667 1.100000 1.133333 1.166667 1.200000 1.233333 1.266667 1.300000 1.333333 1.366667 1.400000 1.433333 1.466667 1.500000 1.533333 1.566667
1.600000 1.633333 1.666667 1.700000 1.733333 1.766667 1.800000 1.833333 1.866667 1.900000 1.933333 1.966667 2.000000 2.033333 2.066667 2.100000</float_array>
        <technique_common>
          <accessor source="#mixamorig_LeftHandRing3-Matrix-animation-input-array" count="64">
            <param name="TIME" type="float"/>
          </accessor>
        </technique_common>
      </source>
      <source id="mixamorig_LeftHandRing3-Matrix-animation-output-transform">
        <float_array id="mixamorig_LeftHandRing3-Matrix-animation-output-transform-array" count="1024">

0.981711 0.189721 -0.015776 -0.000000 -0.167226 0.819761 -0.547747 3.289500 -0.090987 0.540368 0.836495 0.000000 0.000000 0.000000 0.000000 1.000000
0.981711 0.189721 -0.015775 -0.000000 -0.167226 0.819761 -0.547747 3.289500 -0.090987 0.540367 0.836495 0.000000 0.000000 0.000000 0.000000 1.000000
0.981711 0.189721 -0.015776 0.000000 -0.167226 0.819761 -0.547747 3.289500 -0.090987 0.540367 0.836495 0.000000 0.000000 0.000000 0.000000 1.000000
0.981711 0.189721 -0.015776 0.000000 -0.167226 0.819761 -0.547747 3.289500 -0.090987 0.540367 0.836495 0.000000 0.000000 0.000000 0.000000 1.000000
0.981711 0.189721 -0.015776 0.000000 -0.167226 0.819761 -0.547747 3.289500 -0.090987 0.540368 0.836495 0.000000 0.000000 0.000000 0.000000 1.000000
0.981711 0.189721 -0.015776 0.000000 -0.167226 0.819761 -0.547747 3.289500 -0.090987 0.540368 0.836495 -0.000000 0.000000 0.000000 0.000000 1.000000
0.981711 0.189722 -0.015776 0.000000 -0.167226 0.819761 -0.547748 3.289500 -0.090987 0.540368 0.836495 0.000000 0.000000 0.000000 0.000000 1.000000
0.981711 0.189721 -0.015776 0.000000 -0.167226 0.819761 -0.547748 3.289500 -0.090987 0.540369 0.836495 0.000000 0.000000 0.000000 0.000000 1.000000
0.981711 0.189722 -0.015776 0.000000 -0.167226 0.819761 -0.547748 3.289500 -0.090987 0.540368 0.836495 0.000000 0.000000 0.000000 0.000000 1.000000
0.981711 0.189722 -0.015776 0.000000 -0.167226 0.819761 -0.547747 3.289500 -0.090987 0.540368 0.836495 0.000000 0.000000 0.000000 0.000000 1.000000
0.981711 0.189722 -0.015775 0.000000 -0.167226 0.819762 -0.547747 3.289500 -0.090987 0.540367 0.836495 0.000000 0.000000 0.000000 0.000000 1.000000
0.981711 0.189721 -0.015776 0.000000 -0.167226 0.819761 -0.547747 3.289500 -0.090987 0.540368 0.836495 0.000000 0.000000 0.000000 0.000000 1.000000
0.981711 0.189721 -0.015776 0.000000 -0.167226 0.819761 -0.547747 3.289500 -0.090987 0.540368 0.836495 0.000000 0.000000 0.000000 0.000000 1.000000
0.981711 0.189721 -0.015776 0.000000 -0.167226 0.819761 -0.547747 3.289500 -0.090987 0.540368 0.836495 0.000000 0.000000 0.000000 0.000000 1.000000
0.981711 0.189721 -0.015776 0.000000 -0.167226 0.819761 -0.547747 3.289500 -0.090987 0.540368 0.836495 0.000000 0.000000 0.000000 0.000000 1.000000
0.981711 0.189721 -0.015776 0.000000 -0.167226 0.819761 -0.547747 3.289500 -0.090987 0.540368 0.836495 0.000000 0.000000 0.000000 0.000000 1.000000
0.981711 0.189721 -0.015776 -0.000000 -0.167226 0.819761 -0.547748 3.289500 -0.090987 0.540368 0.836495 -0.000000 0.000000 0.000000 0.000000 1.000000
0.981711 0.189721 -0.015776 -0.000000 -0.167226 0.819761 -0.547747 3.289500 -0.090987 0.540368 0.836495 -0.000000 0.000000 0.000000 0.000000 1.000000
0.981711 0.189721 -0.015775 -0.000000 -0.167225 0.819761 -0.547747 3.289500 -0.090987 0.540367 0.836495 0.000000 0.000000 0.000000 0.000000 1.000000
0.981711 0.189721 -0.015775 0.000000 -0.167226 0.819761 -0.547748 3.289500 -0.090987 0.540368 0.836495 0.000000 0.000000 0.000000 0.000000 1.000000
0.981711 0.189721 -0.015775 -0.000000 -0.167225 0.819761 -0.547748 3.289500 -0.090987 0.540368 0.836495 0.000000 0.000000 0.000000 0.000000 1.000000
0.981711 0.189721 -0.015776 0.000000 -0.167225 0.819761 -0.547747 3.289500 -0.090987 0.540368 0.836495 0.000000 0.000000 0.000000 0.000000 1.000000
0.981711 0.189721 -0.015776 0.000000 -0.167226 0.819761 -0.547748 3.289500 -0.090987 0.540368 0.836495 0.000000 0.000000 0.000000 0.000000 1.000000
0.981711 0.189721 -0.015775 -0.000000 -0.167225 0.819761 -0.547748 3.289500 -0.090987 0.540368 0.836495 0.000000 0.000000 0.000000 0.000000 1.000000
0.981711 0.189721 -0.015776 0.000000 -0.167226 0.819761 -0.547747 3.289500 -0.090987 0.540368 0.836495 -0.000000 0.000000 0.000000 0.000000 1.000000
0.981711 0.189721 -0.015776 -0.000000 -0.167226 0.819761 -0.547748 3.289500 -0.090987 0.540368 0.836495 -0.000000 0.000000 0.000000 0.000000 1.000000
0.981711 0.189722 -0.015776 0.000000 -0.167226 0.819761 -0.547747 3.289500 -0.090987 0.540368 0.836495 0.000000 0.000000 0.000000 0.000000 1.000000
0.981711 0.189721 -0.015775 0.000000 -0.167225 0.819761 -0.547747 3.289500 -0.090987 0.540368 0.836495 0.000000 0.000000 0.000000 0.000000 1.000000
0.981711 0.189721 -0.015776 0.000000 -0.167226 0.819761 -0.547747 3.289500 -0.090987 0.540368 0.836495 0.000000 0.000000 0.000000 0.000000 1.000000
0.981711 0.189721 -0.015776 -0.000000 -0.167226 0.819761 -0.547748 3.289500 -0.090987 0.540368 0.836495 0.000000 0.000000 0.000000 0.000000 1.000000
0.981711 0.189722 -0.015775 0.000000 -0.167226 0.819761 -0.547747 3.289500 -0.090987 0.540368 0.836495 -0.000000 0.000000 0.000000 0.000000 1.000000
0.981711 0.189721 -0.015776 0.000000 -0.167226 0.819761 -0.547747 3.289500 -0.090987 0.540368 0.836495 0.000000 0.000000 0.000000 0.000000 1.000000
0.981711 0.189721 -0.015776 0.000000 -0.167226 0.819761 -0.547747 3.289500 -0.090987 0.540368 0.836495 0.000000 0.000000 0.000000 0.000000 1.000000
0.981711 0.189721 -0.015776 0.000000 -0.167225 0.819761 -0.547747 3.289500 -0.090987 0.540368 0.836495 0.000000 0.000000 0.000000 0.000000 1.000000
0.981711 0.189721 -0.015775 0.000000 -0.167225 0.819761 -0.547747 3.289500 -0.090987 0.540368 0.836495 0.000000 0.000000 0.000000 0.000000 1.000000
0.981711 0.189722 -0.015776 -0.000000 -0.167226 0.819761 -0.547747 3.289500 -0.090987 0.540368 0.836495 0.000000 0.000000 0.000000 0.000000 1.000000
0.981711 0.189721 -0.015776 0.000000 -0.167226 0.819761 -0.547747 3.289500 -0.090987 0.540367 0.836495 -0.000000 0.000000 0.000000 0.000000 1.000000
0.981711 0.189721 -0.015776 0.000000 -0.167226 0.819761 -0.547748 3.289500 -0.090987 0.540368 0.836495 0.000000 0.000000 0.000000 0.000000 1.000000
0.981711 0.189721 -0.015776 0.000000 -0.167226 0.819761 -0.547748 3.289500 -0.090987 0.540369 0.836495 0.000000 0.000000 0.000000 0.000000 1.000000
0.981711 0.189722 -0.015776 -0.000000 -0.167226 0.819761 -0.547748 3.289500 -0.090987 0.540368 0.836495 0.000000 0.000000 0.000000 0.000000 1.000000
0.981711 0.189721 -0.015776 0.000000 -0.167225 0.819761 -0.547748 3.289500 -0.090987 0.540368 0.836495 0.000000 0.000000 0.000000 0.000000 1.000000
0.981711 0.189721 -0.015775 0.000000 -0.167225 0.819761 -0.547748 3.289500 -0.090987 0.540368 0.836495 0.000000 0.000000 0.000000 0.000000 1.000000
0.981711 0.189721 -0.015775 0.000000 -0.167225 0.819761 -0.547747 3.289500 -0.090987 0.540368 0.836495 0.000000 0.000000 0.000000 0.000000 1.000000
0.981711 0.189722 -0.015775 -0.000000 -0.167226 0.819761 -0.547747 3.289500 -0.090988 0.540368 0.836495 0.000000 0.000000 0.000000 0.000000 1.000000
0.981711 0.189722 -0.015776 0.000000 -0.167226 0.819761 -0.547748 3.289500 -0.090987 0.540368 0.836495 0.000000 0.000000 0.000000 0.000000 1.000000
0.981711 0.189722 -0.015776 0.000000 -0.167226 0.819761 -0.547747 3.289500 -0.090987 0.540368 0.836495 0.000000 0.000000 0.000000 0.000000 1.000000
0.981711 0.189721 -0.015776 0.000000 -0.167225 0.819761 -0.547748 3.289500 -0.090987 0.540369 0.836495 0.000000 0.000000 0.000000 0.000000 1.000000
0.981711 0.189721 -0.015776 0.000000 -0.167225 0.819761 -0.547748 3.289500 -0.090987 0.540368 0.836495 0.000000 0.000000 0.000000 0.000000 1.000000
0.981711 0.189722 -0.015776 0.000000 -0.167226 0.819761 -0.547747 3.289500 -0.090987 0.540368 0.836495 0.000000 0.000000 0.000000 0.000000 1.000000
0.981711 0.189721 -0.015776 -0.000000 -0.167226 0.819761 -0.547748 3.289500 -0.090987 0.540368 0.836495 0.000000 0.000000 0.000000 0.000000 1.000000
0.981711 0.189721 -0.015776 0.000000 -0.167226 0.819761 -0.547747 3.289500 -0.090987 0.540368 0.836495 0.000000 0.000000 0.000000 0.000000 1.000000
0.981711 0.189721 -0.015775 0.000000 -0.167225 0.819761 -0.547748 3.289500 -0.090987 0.540368 0.836495 0.000000 0.000000 0.000000 0.000000 1.000000
0.981711 0.189722 -0.015776 0.000000 -0.167226 0.819761 -0.547747 3.289500 -0.090987 0.540368 0.836495 0.000000 0.000000 0.000000 0.000000 1.000000
0.981711 0.189721 -0.015776 0.000000 -0.167226 0.819761 -0.547747 3.289500 -0.090987 0.540368 0.836495 0.000000 0.000000 0.000000 0.000000 1.000000
0.981711 0.189721 -0.015775 0.000000 -0.167225 0.819761 -0.547748 3.289500 -0.090988 0.540368 0.836495 0.000000 0.000000 0.000000 0.000000 1.000000
0.981711 0.189721 -0.015776 -0.000000 -0.167226 0.819761 -0.547747 3.289500 -0.090987 0.540368 0.836495 -0.000000 0.000000 0.000000 0.000000 1.000000
0.981711 0.189721 -0.015776 0.000000 -0.167225 0.819761 -0.547748 3.289500 -0.090987 0.540368 0.836495 0.000000 0.000000 0.000000 0.000000 1.000000
0.981711 0.189721 -0.015776 -0.000000 -0.167226 0.819761 -0.547748 3.289500 -0.090987 0.540368 0.836495 0.000000 0.000000 0.000000 0.000000 1.000000
0.981711 0.189721 -0.015776 0.000000 -0.167225 0.819761 -0.547747 3.289500 -0.090987 0.540368 0.836495 0.000000 0.000000 0.000000 0.000000 1.000000
0.981711 0.189721 -0.015776 0.000000 -0.167225 0.819761 -0.547748 3.289500 -0.090987 0.540369 0.836495 0.000000 0.000000 0.000000 0.000000 1.000000
0.981711 0.189721 -0.015776 -0.000000 -0.167226 0.819761 -0.547747 3.289500 -0.090987 0.540368 0.836495 0.000000 0.000000 0.000000 0.000000 1.000000
0.981711 0.189721 -0.015776 0.000000 -0.167226 0.819761 -0.547747 3.289500 -0.090987 0.540368 0.836495 0.000000 0.000000 0.000000 0.000000 1.000000
0.981711 0.189721 -0.015776 0.000000 -0.167226 0.819761 -0.547748 3.289500 -0.090987 0.540369 0.836495 0.000000 0.000000 0.000000 0.000000 1.000000
0.981711 0.189721 -0.015776 -0.000000 -0.167226 0.819761 -0.547748 3.289500 -0.090987 0.540368 0.836495 0.000000 0.000000 0.000000 0.000000 1.000000</float_array>
        <technique_common>
          <accessor source="#mixamorig_LeftHandRing3-Matrix-animation-output-transform-array" count="64" stride="16">
            <param type="float4x4"/>
          </accessor>
        </technique_common>
      </source>
      <source id="mixamorig_LeftHandRing3-Interpolations">
        <Name_array id="mixamorig_LeftHandRing3-Interpolations-array" count="64">
 LINEAR LINEAR LINEAR LINEAR LINEAR LINEAR LINEAR LINEAR LINEAR LINEAR LINEAR
LINEAR LINEAR LINEAR LINEAR LINEAR LINEAR LINEAR LINEAR LINEAR LINEAR LINEAR LINEAR
LINEAR LINEAR LINEAR LINEAR LINEAR LINEAR LINEAR LINEAR LINEAR LINEAR LINEAR LINEAR
LINEAR LINEAR LINEAR LINEAR LINEAR LINEAR LINEAR LINEAR LINEAR LINEAR LINEAR LINEAR
LINEAR LINEAR LINEAR LINEAR LINEAR LINEAR LINEAR LINEAR LINEAR LINEAR LINEAR LINEAR
LINEAR LINEAR LINEAR LINEAR LINEAR</Name_array>
        <technique_common>
          <accessor source="#mixamorig_LeftHandRing3-Interpolations-array" count="64">
            <param type="name"/>
          </accessor>
        </technique_common>
      </source>
      <sampler id="mixamorig_LeftHandRing3-Matrix-animation-transform">
        <input semantic="INPUT" source="#mixamorig_LeftHandRing3-Matrix-animation-input"/>
        <input semantic="OUTPUT" source="#mixamorig_LeftHandRing3-Matrix-animation-output-transform"/>
        <input semantic="INTERPOLATION" source="#mixamorig_LeftHandRing3-Interpolations"/>
      </sampler>
      <channel source="#mixamorig_LeftHandRing3-Matrix-animation-transform" target="mixamorig_LeftHandRing3/matrix"/>
    </animation>
    <animation id="mixamorig_LeftHandPinky1-anim" name="mixamorig_LeftHandPinky1">
      <source id="mixamorig_LeftHandPinky1-Matrix-animation-input">
        <float_array id="mixamorig_LeftHandPinky1-Matrix-animation-input-array" count="64">

0.000000 0.033333 0.066667 0.100000 0.133333 0.166667 0.200000 0.233333 0.266667 0.300000 0.333333 0.366667 0.400000 0.433333 0.466667 0.500000
0.533333 0.566667 0.600000 0.633333 0.666667 0.700000 0.733333 0.766667 0.800000 0.833333 0.866667 0.900000 0.933333 0.966667 1.000000 1.033333
1.066667 1.100000 1.133333 1.166667 1.200000 1.233333 1.266667 1.300000 1.333333 1.366667 1.400000 1.433333 1.466667 1.500000 1.533333 1.566667
1.600000 1.633333 1.666667 1.700000 1.733333 1.766667 1.800000 1.833333 1.866667 1.900000 1.933333 1.966667 2.000000 2.033333 2.066667 2.100000</float_array>
        <technique_common>
          <accessor source="#mixamorig_LeftHandPinky1-Matrix-animation-input-array" count="64">
            <param name="TIME" type="float"/>
          </accessor>
        </technique_common>
      </source>
      <source id="mixamorig_LeftHandPinky1-Matrix-animation-output-transform">
        <float_array id="mixamorig_LeftHandPinky1-Matrix-animation-output-transform-array" count="1024">

0.990012 0.012530 -0.140427 5.731500 -0.028477 0.993285 -0.112130 11.385500 0.138079 0.115009 0.983721 0.770100 0.000000 0.000000 0.000000 1.000000
0.990012 0.012531 -0.140427 5.731500 -0.028477 0.993285 -0.112131 11.385500 0.138079 0.115010 0.983721 0.770100 0.000000 0.000000 0.000000 1.000000
0.990012 0.012530 -0.140427 5.731500 -0.028477 0.993285 -0.112131 11.385500 0.138079 0.115010 0.983721 0.770100 0.000000 0.000000 0.000000 1.000000
0.990012 0.012531 -0.140427 5.731500 -0.028477 0.993285 -0.112131 11.385500 0.138079 0.115010 0.983721 0.770100 0.000000 0.000000 0.000000 1.000000
0.990012 0.012531 -0.140427 5.731500 -0.028477 0.993285 -0.112131 11.385500 0.138079 0.115010 0.983721 0.770100 0.000000 0.000000 0.000000 1.000000
0.990012 0.012531 -0.140427 5.731500 -0.028477 0.993285 -0.112130 11.385500 0.138079 0.115009 0.983721 0.770100 0.000000 0.000000 0.000000 1.000000
0.990012 0.012531 -0.140427 5.731500 -0.028477 0.993285 -0.112131 11.385500 0.138079 0.115010 0.983721 0.770100 0.000000 0.000000 0.000000 1.000000
0.990012 0.012531 -0.140427 5.731500 -0.028477 0.993285 -0.112131 11.385500 0.138079 0.115010 0.983721 0.770100 0.000000 0.000000 0.000000 1.000000
0.990012 0.012530 -0.140427 5.731500 -0.028477 0.993285 -0.112131 11.385500 0.138079 0.115010 0.983721 0.770100 0.000000 0.000000 0.000000 1.000000
0.990012 0.012531 -0.140427 5.731500 -0.028477 0.993285 -0.112131 11.385500 0.138079 0.115010 0.983721 0.770100 0.000000 0.000000 0.000000 1.000000
0.990012 0.012530 -0.140427 5.731500 -0.028477 0.993285 -0.112131 11.385500 0.138079 0.115010 0.983721 0.770100 0.000000 0.000000 0.000000 1.000000
0.990012 0.012531 -0.140427 5.731500 -0.028477 0.993285 -0.112131 11.385500 0.138079 0.115010 0.983721 0.770100 0.000000 0.000000 0.000000 1.000000
0.990012 0.012531 -0.140427 5.731500 -0.028477 0.993285 -0.112131 11.385500 0.138079 0.115010 0.983721 0.770100 0.000000 0.000000 0.000000 1.000000
0.990012 0.012531 -0.140427 5.731500 -0.028477 0.993285 -0.112131 11.385500 0.138079 0.115010 0.983721 0.770100 0.000000 0.000000 0.000000 1.000000
0.990012 0.012531 -0.140427 5.731500 -0.028477 0.993285 -0.112131 11.385500 0.138079 0.115010 0.983721 0.770100 0.000000 0.000000 0.000000 1.000000
0.990012 0.012531 -0.140427 5.731500 -0.028477 0.993285 -0.112131 11.385500 0.138079 0.115010 0.983721 0.770100 0.000000 0.000000 0.000000 1.000000
0.990012 0.012531 -0.140427 5.731500 -0.028477 0.993285 -0.112131 11.385500 0.138079 0.115010 0.983721 0.770100 0.000000 0.000000 0.000000 1.000000
0.990012 0.012531 -0.140427 5.731500 -0.028477 0.993285 -0.112130 11.385500 0.138079 0.115009 0.983721 0.770100 0.000000 0.000000 0.000000 1.000000
0.990012 0.012531 -0.140427 5.731500 -0.028477 0.993285 -0.112131 11.385500 0.138079 0.115010 0.983721 0.770100 0.000000 0.000000 0.000000 1.000000
0.990012 0.012531 -0.140427 5.731500 -0.028477 0.993285 -0.112131 11.385500 0.138079 0.115010 0.983721 0.770100 0.000000 0.000000 0.000000 1.000000
0.990012 0.012531 -0.140427 5.731500 -0.028477 0.993285 -0.112131 11.385500 0.138079 0.115010 0.983721 0.770100 0.000000 0.000000 0.000000 1.000000
0.990012 0.012531 -0.140427 5.731500 -0.028477 0.993285 -0.112130 11.385500 0.138079 0.115009 0.983721 0.770100 0.000000 0.000000 0.000000 1.000000
0.990012 0.012531 -0.140427 5.731500 -0.028477 0.993285 -0.112131 11.385500 0.138079 0.115010 0.983721 0.770100 0.000000 0.000000 0.000000 1.000000
0.990012 0.012531 -0.140427 5.731500 -0.028477 0.993285 -0.112130 11.385500 0.138079 0.115009 0.983721 0.770100 0.000000 0.000000 0.000000 1.000000
0.990012 0.012531 -0.140427 5.731500 -0.028477 0.993285 -0.112131 11.385500 0.138079 0.115010 0.983721 0.770100 0.000000 0.000000 0.000000 1.000000
0.990012 0.012530 -0.140427 5.731500 -0.028477 0.993285 -0.112131 11.385500 0.138079 0.115010 0.983721 0.770100 0.000000 0.000000 0.000000 1.000000
0.990012 0.012531 -0.140427 5.731500 -0.028477 0.993285 -0.112130 11.385500 0.138079 0.115009 0.983721 0.770100 0.000000 0.000000 0.000000 1.000000
0.990012 0.012531 -0.140427 5.731500 -0.028477 0.993285 -0.112131 11.385500 0.138079 0.115010 0.983721 0.770100 0.000000 0.000000 0.000000 1.000000
0.990012 0.012531 -0.140427 5.731500 -0.028477 0.993285 -0.112131 11.385500 0.138079 0.115010 0.983721 0.770100 0.000000 0.000000 0.000000 1.000000
0.990012 0.012531 -0.140427 5.731500 -0.028477 0.993285 -0.112131 11.385500 0.138079 0.115009 0.983721 0.770100 0.000000 0.000000 0.000000 1.000000
0.990012 0.012530 -0.140427 5.731500 -0.028477 0.993285 -0.112131 11.385500 0.138079 0.115010 0.983721 0.770100 0.000000 0.000000 0.000000 1.000000
0.990012 0.012530 -0.140427 5.731500 -0.028477 0.993285 -0.112131 11.385500 0.138079 0.115010 0.983721 0.770100 0.000000 0.000000 0.000000 1.000000
0.990012 0.012531 -0.140427 5.731500 -0.028477 0.993285 -0.112131 11.385500 0.138079 0.115010 0.983721 0.770100 0.000000 0.000000 0.000000 1.000000
0.990012 0.012531 -0.140427 5.731500 -0.028477 0.993285 -0.112131 11.385500 0.138079 0.115009 0.983721 0.770100 0.000000 0.000000 0.000000 1.000000
0.990012 0.012531 -0.140427 5.731500 -0.028478 0.993285 -0.112131 11.385500 0.138079 0.115010 0.983721 0.770100 0.000000 0.000000 0.000000 1.000000
0.990012 0.012531 -0.140427 5.731500 -0.028477 0.993285 -0.112131 11.385500 0.138079 0.115010 0.983721 0.770100 0.000000 0.000000 0.000000 1.000000
0.990012 0.012531 -0.140427 5.731500 -0.028477 0.993285 -0.112131 11.385500 0.138079 0.115010 0.983721 0.770100 0.000000 0.000000 0.000000 1.000000
0.990012 0.012531 -0.140427 5.731500 -0.028477 0.993285 -0.112130 11.385500 0.138079 0.115009 0.983721 0.770100 0.000000 0.000000 0.000000 1.000000
0.990012 0.012531 -0.140427 5.731500 -0.028477 0.993285 -0.112131 11.385500 0.138079 0.115010 0.983721 0.770100 0.000000 0.000000 0.000000 1.000000
0.990012 0.012531 -0.140428 5.731500 -0.028477 0.993285 -0.112131 11.385500 0.138080 0.115010 0.983721 0.770100 0.000000 0.000000 0.000000 1.000000
0.990012 0.012530 -0.140427 5.731500 -0.028477 0.993285 -0.112131 11.385500 0.138080 0.115010 0.983721 0.770100 0.000000 0.000000 0.000000 1.000000
0.990012 0.012531 -0.140427 5.731500 -0.028477 0.993285 -0.112130 11.385500 0.138079 0.115009 0.983721 0.770100 0.000000 0.000000 0.000000 1.000000
0.990012 0.012531 -0.140427 5.731500 -0.028477 0.993285 -0.112131 11.385500 0.138079 0.115010 0.983721 0.770100 0.000000 0.000000 0.000000 1.000000
0.990012 0.012530 -0.140427 5.731500 -0.028477 0.993285 -0.112131 11.385500 0.138079 0.115010 0.983721 0.770100 0.000000 0.000000 0.000000 1.000000
0.990012 0.012531 -0.140427 5.731500 -0.028477 0.993285 -0.112130 11.385500 0.138079 0.115009 0.983721 0.770100 0.000000 0.000000 0.000000 1.000000
0.990012 0.012531 -0.140427 5.731500 -0.028477 0.993285 -0.112130 11.385500 0.138079 0.115009 0.983721 0.770100 0.000000 0.000000 0.000000 1.000000
0.990012 0.012531 -0.140427 5.731500 -0.028477 0.993285 -0.112131 11.385500 0.138079 0.115010 0.983721 0.770100 0.000000 0.000000 0.000000 1.000000
0.990012 0.012531 -0.140427 5.731500 -0.028477 0.993285 -0.112131 11.385500 0.138079 0.115010 0.983721 0.770100 0.000000 0.000000 0.000000 1.000000
0.990012 0.012530 -0.140427 5.731500 -0.028477 0.993285 -0.112131 11.385500 0.138079 0.115010 0.983721 0.770100 0.000000 0.000000 0.000000 1.000000
0.990012 0.012531 -0.140427 5.731500 -0.028477 0.993285 -0.112131 11.385500 0.138079 0.115010 0.983721 0.770100 0.000000 0.000000 0.000000 1.000000
0.990012 0.012530 -0.140427 5.731500 -0.028477 0.993285 -0.112131 11.385500 0.138079 0.115010 0.983721 0.770100 0.000000 0.000000 0.000000 1.000000
0.990012 0.012531 -0.140427 5.731500 -0.028477 0.993285 -0.112131 11.385500 0.138079 0.115010 0.983721 0.770100 0.000000 0.000000 0.000000 1.000000
0.990012 0.012531 -0.140427 5.731500 -0.028477 0.993285 -0.112131 11.385500 0.138079 0.115010 0.983721 0.770100 0.000000 0.000000 0.000000 1.000000
0.990012 0.012530 -0.140427 5.731500 -0.028477 0.993285 -0.112131 11.385500 0.138079 0.115010 0.983721 0.770100 0.000000 0.000000 0.000000 1.000000
0.990012 0.012531 -0.140427 5.731500 -0.028478 0.993285 -0.112131 11.385500 0.138079 0.115010 0.983721 0.770100 0.000000 0.000000 0.000000 1.000000
0.990012 0.012530 -0.140427 5.731500 -0.028477 0.993285 -0.112131 11.385500 0.138079 0.115010 0.983721 0.770100 0.000000 0.000000 0.000000 1.000000
0.990012 0.012531 -0.140427 5.731500 -0.028477 0.993285 -0.112131 11.385500 0.138079 0.115010 0.983721 0.770100 0.000000 0.000000 0.000000 1.000000
0.990012 0.012531 -0.140427 5.731500 -0.028477 0.993285 -0.112131 11.385500 0.138079 0.115010 0.983721 0.770100 0.000000 0.000000 0.000000 1.000000
0.990012 0.012531 -0.140427 5.731500 -0.028477 0.993285 -0.112131 11.385500 0.138079 0.115010 0.983721 0.770100 0.000000 0.000000 0.000000 1.000000
0.990012 0.012531 -0.140427 5.731500 -0.028477 0.993285 -0.112131 11.385500 0.138079 0.115010 0.983721 0.770100 0.000000 0.000000 0.000000 1.000000
0.990012 0.012530 -0.140427 5.731500 -0.028477 0.993285 -0.112131 11.385500 0.138079 0.115010 0.983721 0.770100 0.000000 0.000000 0.000000 1.000000
0.990012 0.012530 -0.140427 5.731500 -0.028477 0.993285 -0.112131 11.385500 0.138079 0.115009 0.983721 0.770100 0.000000 0.000000 0.000000 1.000000
0.990012 0.012531 -0.140427 5.731500 -0.028477 0.993285 -0.112131 11.385500 0.138079 0.115010 0.983721 0.770100 0.000000 0.000000 0.000000 1.000000
0.990012 0.012531 -0.140427 5.731500 -0.028477 0.993285 -0.112131 11.385500 0.138079 0.115010 0.983721 0.770100 0.000000 0.000000 0.000000 1.000000</float_array>
        <technique_common>
          <accessor source="#mixamorig_LeftHandPinky1-Matrix-animation-output-transform-array" count="64" stride="16">
            <param type="float4x4"/>
          </accessor>
        </technique_common>
      </source>
      <source id="mixamorig_LeftHandPinky1-Interpolations">
        <Name_array id="mixamorig_LeftHandPinky1-Interpolations-array" count="64">
 LINEAR LINEAR LINEAR LINEAR LINEAR LINEAR LINEAR LINEAR LINEAR LINEAR LINEAR
LINEAR LINEAR LINEAR LINEAR LINEAR LINEAR LINEAR LINEAR LINEAR LINEAR LINEAR LINEAR
LINEAR LINEAR LINEAR LINEAR LINEAR LINEAR LINEAR LINEAR LINEAR LINEAR LINEAR LINEAR
LINEAR LINEAR LINEAR LINEAR LINEAR LINEAR LINEAR LINEAR LINEAR LINEAR LINEAR LINEAR
LINEAR LINEAR LINEAR LINEAR LINEAR LINEAR LINEAR LINEAR LINEAR LINEAR LINEAR LINEAR
LINEAR LINEAR LINEAR LINEAR LINEAR</Name_array>
        <technique_common>
          <accessor source="#mixamorig_LeftHandPinky1-Interpolations-array" count="64">
            <param type="name"/>
          </accessor>
        </technique_common>
      </source>
      <sampler id="mixamorig_LeftHandPinky1-Matrix-animation-transform">
        <input semantic="INPUT" source="#mixamorig_LeftHandPinky1-Matrix-animation-input"/>
        <input semantic="OUTPUT" source="#mixamorig_LeftHandPinky1-Matrix-animation-output-transform"/>
        <input semantic="INTERPOLATION" source="#mixamorig_LeftHandPinky1-Interpolations"/>
      </sampler>
      <channel source="#mixamorig_LeftHandPinky1-Matrix-animation-transform" target="mixamorig_LeftHandPinky1/matrix"/>
    </animation>
    <animation id="mixamorig_LeftHandPinky2-anim" name="mixamorig_LeftHandPinky2">
      <source id="mixamorig_LeftHandPinky2-Matrix-animation-input">
        <float_array id="mixamorig_LeftHandPinky2-Matrix-animation-input-array" count="64">

0.000000 0.033333 0.066667 0.100000 0.133333 0.166667 0.200000 0.233333 0.266667 0.300000 0.333333 0.366667 0.400000 0.433333 0.466667 0.500000
0.533333 0.566667 0.600000 0.633333 0.666667 0.700000 0.733333 0.766667 0.800000 0.833333 0.866667 0.900000 0.933333 0.966667 1.000000 1.033333
1.066667 1.100000 1.133333 1.166667 1.200000 1.233333 1.266667 1.300000 1.333333 1.366667 1.400000 1.433333 1.466667 1.500000 1.533333 1.566667
1.600000 1.633333 1.666667 1.700000 1.733333 1.766667 1.800000 1.833333 1.866667 1.900000 1.933333 1.966667 2.000000 2.033333 2.066667 2.100000</float_array>
        <technique_common>
          <accessor source="#mixamorig_LeftHandPinky2-Matrix-animation-input-array" count="64">
            <param name="TIME" type="float"/>
          </accessor>
        </technique_common>
      </source>
      <source id="mixamorig_LeftHandPinky2-Matrix-animation-output-transform">
        <float_array id="mixamorig_LeftHandPinky2-Matrix-animation-output-transform-array" count="1024">

0.996088 0.079626 -0.038312 0.000000 -0.079626 0.620862 -0.779866 2.856200 -0.038312 0.779866 0.624774 0.000000 0.000000 0.000000 0.000000 1.000000
0.996088 0.079627 -0.038312 0.000000 -0.079627 0.620861 -0.779866 2.856200 -0.038312 0.779866 0.624773 -0.000000 0.000000 0.000000 0.000000 1.000000
0.996088 0.079626 -0.038312 -0.000000 -0.079626 0.620862 -0.779865 2.856200 -0.038312 0.779865 0.624774 0.000000 0.000000 0.000000 0.000000 1.000000
0.996088 0.079627 -0.038312 -0.000000 -0.079627 0.620862 -0.779866 2.856200 -0.038312 0.779866 0.624773 -0.000000 0.000000 0.000000 0.000000 1.000000
0.996088 0.079626 -0.038312 0.000000 -0.079626 0.620862 -0.779866 2.856200 -0.038311 0.779866 0.624774 0.000000 0.000000 0.000000 0.000000 1.000000
0.996088 0.079627 -0.038312 0.000000 -0.079627 0.620862 -0.779866 2.856200 -0.038312 0.779866 0.624773 0.000000 0.000000 0.000000 0.000000 1.000000
0.996088 0.079627 -0.038312 0.000000 -0.079627 0.620862 -0.779865 2.856200 -0.038312 0.779865 0.624774 0.000000 0.000000 0.000000 0.000000 1.000000
0.996088 0.079627 -0.038312 0.000000 -0.079627 0.620861 -0.779866 2.856200 -0.038311 0.779866 0.624773 0.000000 0.000000 0.000000 0.000000 1.000000
0.996088 0.079627 -0.038312 0.000000 -0.079627 0.620862 -0.779866 2.856200 -0.038312 0.779866 0.624773 0.000000 0.000000 0.000000 0.000000 1.000000
0.996088 0.079626 -0.038312 0.000000 -0.079626 0.620862 -0.779866 2.856200 -0.038312 0.779866 0.624774 0.000000 0.000000 0.000000 0.000000 1.000000
0.996088 0.079626 -0.038312 -0.000000 -0.079626 0.620862 -0.779866 2.856200 -0.038312 0.779866 0.624774 0.000000 0.000000 0.000000 0.000000 1.000000
0.996088 0.079627 -0.038312 0.000000 -0.079627 0.620862 -0.779865 2.856200 -0.038312 0.779865 0.624774 -0.000000 0.000000 0.000000 0.000000 1.000000
0.996088 0.079627 -0.038312 0.000000 -0.079627 0.620862 -0.779866 2.856200 -0.038311 0.779866 0.624773 0.000000 0.000000 0.000000 0.000000 1.000000
0.996088 0.079627 -0.038312 0.000000 -0.079627 0.620862 -0.779866 2.856200 -0.038312 0.779866 0.624774 0.000000 0.000000 0.000000 0.000000 1.000000
0.996088 0.079627 -0.038312 0.000000 -0.079626 0.620862 -0.779866 2.856200 -0.038312 0.779866 0.624773 0.000000 0.000000 0.000000 0.000000 1.000000
0.996088 0.079627 -0.038312 -0.000000 -0.079627 0.620862 -0.779866 2.856200 -0.038312 0.779866 0.624774 0.000000 0.000000 0.000000 0.000000 1.000000
0.996088 0.079626 -0.038312 -0.000000 -0.079627 0.620861 -0.779866 2.856200 -0.038311 0.779866 0.624773 0.000000 0.000000 0.000000 0.000000 1.000000
0.996088 0.079626 -0.038312 0.000000 -0.079627 0.620861 -0.779866 2.856200 -0.038311 0.779866 0.624773 0.000000 0.000000 0.000000 0.000000 1.000000
0.996088 0.079627 -0.038312 -0.000000 -0.079627 0.620862 -0.779866 2.856200 -0.038311 0.779866 0.624773 0.000000 0.000000 0.000000 0.000000 1.000000
0.996088 0.079627 -0.038312 0.000000 -0.079627 0.620862 -0.779866 2.856200 -0.038312 0.779866 0.624774 0.000000 0.000000 0.000000 0.000000 1.000000
0.996088 0.079626 -0.038312 -0.000000 -0.079626 0.620862 -0.779866 2.856200 -0.038311 0.779866 0.624773 0.000000 0.000000 0.000000 0.000000 1.000000
0.996088 0.079626 -0.038312 -0.000000 -0.079626 0.620861 -0.779866 2.856200 -0.038311 0.779866 0.624773 0.000000 0.000000 0.000000 0.000000 1.000000
0.996088 0.079627 -0.038312 0.000000 -0.079627 0.620862 -0.779866 2.856200 -0.038312 0.779866 0.624774 0.000000 0.000000 0.000000 0.000000 1.000000
0.996088 0.079627 -0.038312 0.000000 -0.079627 0.620861 -0.779866 2.856200 -0.038312 0.779866 0.624773 -0.000000 0.000000 0.000000 0.000000 1.000000
0.996088 0.079626 -0.038312 -0.000000 -0.079626 0.620861 -0.779866 2.856200 -0.038311 0.779866 0.624773 0.000000 0.000000 0.000000 0.000000 1.000000
0.996088 0.079626 -0.038312 0.000000 -0.079627 0.620862 -0.779866 2.856200 -0.038311 0.779866 0.624773 0.000000 0.000000 0.000000 0.000000 1.000000
0.996088 0.079627 -0.038312 -0.000000 -0.079627 0.620862 -0.779866 2.856200 -0.038312 0.779866 0.624773 0.000000 0.000000 0.000000 0.000000 1.000000
0.996088 0.079626 -0.038312 -0.000000 -0.079626 0.620861 -0.779866 2.856200 -0.038312 0.779866 0.624773 0.000000 0.000000 0.000000 0.000000 1.000000
0.996088 0.079626 -0.038312 0.000000 -0.079626 0.620861 -0.779866 2.856200 -0.038311 0.779866 0.624773 0.000000 0.000000 0.000000 0.000000 1.000000
0.996088 0.079626 -0.038312 -0.000000 -0.079627 0.620862 -0.779866 2.856200 -0.038311 0.779866 0.624774 0.000000 0.000000 0.000000 0.000000 1.000000
0.996088 0.079626 -0.038312 -0.000000 -0.079627 0.620861 -0.779866 2.856200 -0.038311 0.779866 0.624773 -0.000000 0.000000 0.000000 0.000000 1.000000
0.996088 0.079627 -0.038312 -0.000000 -0.079627 0.620862 -0.779866 2.856200 -0.038312 0.779866 0.624773 0.000000 0.000000 0.000000 0.000000 1.000000
0.996088 0.079626 -0.038312 -0.000000 -0.079627 0.620861 -0.779866 2.856200 -0.038311 0.779866 0.624773 0.000000 0.000000 0.000000 0.000000 1.000000
0.996088 0.079626 -0.038312 -0.000000 -0.079626 0.620862 -0.779866 2.856200 -0.038311 0.779866 0.624773 0.000000 0.000000 0.000000 0.000000 1.000000
0.996088 0.079626 -0.038311 0.000000 -0.079626 0.620861 -0.779866 2.856200 -0.038311 0.779866 0.624773 -0.000000 0.000000 0.000000 0.000000 1.000000
0.996088 0.079626 -0.038312 -0.000000 -0.079627 0.620862 -0.779866 2.856200 -0.038312 0.779866 0.624773 -0.000000 0.000000 0.000000 0.000000 1.000000
0.996088 0.079626 -0.038312 -0.000000 -0.079626 0.620861 -0.779866 2.856200 -0.038311 0.779866 0.624773 -0.000000 0.000000 0.000000 0.000000 1.000000
0.996088 0.079626 -0.038312 0.000000 -0.079626 0.620861 -0.779866 2.856200 -0.038311 0.779866 0.624773 0.000000 0.000000 0.000000 0.000000 1.000000
0.996088 0.079626 -0.038312 -0.000000 -0.079626 0.620861 -0.779866 2.856200 -0.038311 0.779866 0.624773 0.000000 0.000000 0.000000 0.000000 1.000000
0.996088 0.079627 -0.038312 0.000000 -0.079627 0.620862 -0.779865 2.856200 -0.038312 0.779865 0.624774 0.000000 0.000000 0.000000 0.000000 1.000000
0.996088 0.079626 -0.038312 0.000000 -0.079626 0.620862 -0.779866 2.856200 -0.038312 0.779866 0.624773 0.000000 0.000000 0.000000 0.000000 1.000000
0.996088 0.079626 -0.038312 0.000000 -0.079627 0.620861 -0.779866 2.856200 -0.038311 0.779866 0.624773 -0.000000 0.000000 0.000000 0.000000 1.000000
0.996088 0.079626 -0.038312 -0.000000 -0.079626 0.620861 -0.779866 2.856200 -0.038312 0.779866 0.624773 0.000000 0.000000 0.000000 0.000000 1.000000
0.996088 0.079626 -0.038312 -0.000000 -0.079626 0.620861 -0.779866 2.856200 -0.038311 0.779866 0.624773 0.000000 0.000000 0.000000 0.000000 1.000000
0.996088 0.079626 -0.038312 -0.000000 -0.079626 0.620861 -0.779866 2.856200 -0.038311 0.779866 0.624773 0.000000 0.000000 0.000000 0.000000 1.000000
0.996088 0.079627 -0.038312 0.000000 -0.079627 0.620861 -0.779866 2.856200 -0.038312 0.779866 0.624773 0.000000 0.000000 0.000000 0.000000 1.000000
0.996088 0.079626 -0.038312 -0.000000 -0.079626 0.620862 -0.779866 2.856200 -0.038312 0.779866 0.624773 0.000000 0.000000 0.000000 0.000000 1.000000
0.996088 0.079627 -0.038312 0.000000 -0.079627 0.620862 -0.779866 2.856200 -0.038312 0.779866 0.624773 0.000000 0.000000 0.000000 0.000000 1.000000
0.996088 0.079626 -0.038312 0.000000 -0.079626 0.620861 -0.779866 2.856200 -0.038311 0.779866 0.624773 0.000000 0.000000 0.000000 0.000000 1.000000
0.996088 0.079626 -0.038312 0.000000 -0.079626 0.620861 -0.779866 2.856200 -0.038311 0.779866 0.624773 0.000000 0.000000 0.000000 0.000000 1.000000
0.996088 0.079627 -0.038312 0.000000 -0.079627 0.620862 -0.779866 2.856200 -0.038312 0.779866 0.624773 0.000000 0.000000 0.000000 0.000000 1.000000
0.996088 0.079626 -0.038312 0.000000 -0.079626 0.620861 -0.779866 2.856200 -0.038311 0.779866 0.624773 0.000000 0.000000 0.000000 0.000000 1.000000
0.996088 0.079627 -0.038312 -0.000000 -0.079627 0.620862 -0.779865 2.856200 -0.038312 0.779865 0.624774 0.000000 0.000000 0.000000 0.000000 1.000000
0.996088 0.079626 -0.038312 -0.000000 -0.079626 0.620862 -0.779866 2.856200 -0.038311 0.779866 0.624773 0.000000 0.000000 0.000000 0.000000 1.000000
0.996088 0.079626 -0.038312 -0.000000 -0.079626 0.620862 -0.779866 2.856200 -0.038311 0.779866 0.624773 -0.000000 0.000000 0.000000 0.000000 1.000000
0.996088 0.079626 -0.038312 -0.000000 -0.079627 0.620861 -0.779866 2.856200 -0.038311 0.779866 0.624773 0.000000 0.000000 0.000000 0.000000 1.000000
0.996088 0.079626 -0.038312 0.000000 -0.079626 0.620862 -0.779866 2.856200 -0.038311 0.779866 0.624773 0.000000 0.000000 0.000000 0.000000 1.000000
0.996088 0.079626 -0.038312 -0.000000 -0.079626 0.620862 -0.779865 2.856200 -0.038311 0.779865 0.624774 -0.000000 0.000000 0.000000 0.000000 1.000000
0.996088 0.079626 -0.038312 -0.000000 -0.079626 0.620861 -0.779866 2.856200 -0.038312 0.779866 0.624773 -0.000000 0.000000 0.000000 0.000000 1.000000
0.996088 0.079626 -0.038312 -0.000000 -0.079626 0.620861 -0.779866 2.856200 -0.038311 0.779866 0.624773 0.000000 0.000000 0.000000 0.000000 1.000000
0.996088 0.079626 -0.038312 0.000000 -0.079627 0.620861 -0.779866 2.856200 -0.038311 0.779866 0.624773 0.000000 0.000000 0.000000 0.000000 1.000000
0.996088 0.079626 -0.038311 0.000000 -0.079626 0.620862 -0.779866 2.856200 -0.038311 0.779866 0.624773 0.000000 0.000000 0.000000 0.000000 1.000000
0.996088 0.079626 -0.038311 0.000000 -0.079626 0.620861 -0.779866 2.856200 -0.038311 0.779866 0.624773 0.000000 0.000000 0.000000 0.000000 1.000000
0.996088 0.079626 -0.038312 0.000000 -0.079626 0.620861 -0.779866 2.856200 -0.038311 0.779866 0.624773 -0.000000 0.000000 0.000000 0.000000 1.000000</float_array>
        <technique_common>
          <accessor source="#mixamorig_LeftHandPinky2-Matrix-animation-output-transform-array" count="64" stride="16">
            <param type="float4x4"/>
          </accessor>
        </technique_common>
      </source>
      <source id="mixamorig_LeftHandPinky2-Interpolations">
        <Name_array id="mixamorig_LeftHandPinky2-Interpolations-array" count="64">
 LINEAR LINEAR LINEAR LINEAR LINEAR LINEAR LINEAR LINEAR LINEAR LINEAR LINEAR
LINEAR LINEAR LINEAR LINEAR LINEAR LINEAR LINEAR LINEAR LINEAR LINEAR LINEAR LINEAR
LINEAR LINEAR LINEAR LINEAR LINEAR LINEAR LINEAR LINEAR LINEAR LINEAR LINEAR LINEAR
LINEAR LINEAR LINEAR LINEAR LINEAR LINEAR LINEAR LINEAR LINEAR LINEAR LINEAR LINEAR
LINEAR LINEAR LINEAR LINEAR LINEAR LINEAR LINEAR LINEAR LINEAR LINEAR LINEAR LINEAR
LINEAR LINEAR LINEAR LINEAR LINEAR</Name_array>
        <technique_common>
          <accessor source="#mixamorig_LeftHandPinky2-Interpolations-array" count="64">
            <param type="name"/>
          </accessor>
        </technique_common>
      </source>
      <sampler id="mixamorig_LeftHandPinky2-Matrix-animation-transform">
        <input semantic="INPUT" source="#mixamorig_LeftHandPinky2-Matrix-animation-input"/>
        <input semantic="OUTPUT" source="#mixamorig_LeftHandPinky2-Matrix-animation-output-transform"/>
        <input semantic="INTERPOLATION" source="#mixamorig_LeftHandPinky2-Interpolations"/>
      </sampler>
      <channel source="#mixamorig_LeftHandPinky2-Matrix-animation-transform" target="mixamorig_LeftHandPinky2/matrix"/>
    </animation>
    <animation id="mixamorig_LeftHandPinky3-anim" name="mixamorig_LeftHandPinky3">
      <source id="mixamorig_LeftHandPinky3-Matrix-animation-input">
        <float_array id="mixamorig_LeftHandPinky3-Matrix-animation-input-array" count="64">

0.000000 0.033333 0.066667 0.100000 0.133333 0.166667 0.200000 0.233333 0.266667 0.300000 0.333333 0.366667 0.400000 0.433333 0.466667 0.500000
0.533333 0.566667 0.600000 0.633333 0.666667 0.700000 0.733333 0.766667 0.800000 0.833333 0.866667 0.900000 0.933333 0.966667 1.000000 1.033333
1.066667 1.100000 1.133333 1.166667 1.200000 1.233333 1.266667 1.300000 1.333333 1.366667 1.400000 1.433333 1.466667 1.500000 1.533333 1.566667
1.600000 1.633333 1.666667 1.700000 1.733333 1.766667 1.800000 1.833333 1.866667 1.900000 1.933333 1.966667 2.000000 2.033333 2.066667 2.100000</float_array>
        <technique_common>
          <accessor source="#mixamorig_LeftHandPinky3-Matrix-animation-input-array" count="64">
            <param name="TIME" type="float"/>
          </accessor>
        </technique_common>
      </source>
      <source id="mixamorig_LeftHandPinky3-Matrix-animation-output-transform">
        <float_array id="mixamorig_LeftHandPinky3-Matrix-animation-output-transform-array" count="1024">

0.998433 0.053815 -0.015347 -0.000000 -0.053815 0.848118 -0.527067 2.868000 -0.015348 0.527067 0.849685 0.000000 0.000000 0.000000 0.000000 1.000000
0.998433 0.053815 -0.015347 0.000000 -0.053815 0.848119 -0.527066 2.868000 -0.015348 0.527066 0.849686 0.000000 0.000000 0.000000 0.000000 1.000000
0.998433 0.053815 -0.015347 0.000000 -0.053815 0.848118 -0.527067 2.868000 -0.015348 0.527067 0.849685 -0.000000 0.000000 0.000000 0.000000 1.000000
0.998433 0.053816 -0.015347 -0.000000 -0.053815 0.848118 -0.527066 2.868000 -0.015348 0.527066 0.849686 -0.000000 0.000000 0.000000 0.000000 1.000000
0.998433 0.053815 -0.015347 -0.000000 -0.053815 0.848118 -0.527067 2.868000 -0.015348 0.527067 0.849685 0.000000 0.000000 0.000000 0.000000 1.000000
0.998433 0.053815 -0.015348 -0.000000 -0.053815 0.848118 -0.527067 2.868000 -0.015348 0.527067 0.849685 0.000000 0.000000 0.000000 0.000000 1.000000
0.998433 0.053815 -0.015347 0.000000 -0.053815 0.848118 -0.527067 2.868000 -0.015348 0.527067 0.849685 0.000000 0.000000 0.000000 0.000000 1.000000
0.998433 0.053816 -0.015347 0.000000 -0.053815 0.848118 -0.527067 2.868000 -0.015348 0.527067 0.849685 0.000000 0.000000 0.000000 0.000000 1.000000
0.998433 0.053816 -0.015347 -0.000000 -0.053815 0.848118 -0.527067 2.868000 -0.015348 0.527067 0.849685 -0.000000 0.000000 0.000000 0.000000 1.000000
0.998433 0.053815 -0.015348 0.000000 -0.053815 0.848118 -0.527068 2.868000 -0.015348 0.527068 0.849685 0.000000 0.000000 0.000000 0.000000 1.000000
0.998433 0.053815 -0.015348 0.000000 -0.053815 0.848118 -0.527068 2.868000 -0.015348 0.527068 0.849685 0.000000 0.000000 0.000000 0.000000 1.000000
0.998433 0.053815 -0.015347 -0.000000 -0.053815 0.848118 -0.527067 2.868000 -0.015348 0.527067 0.849685 -0.000000 0.000000 0.000000 0.000000 1.000000
0.998433 0.053815 -0.015347 0.000000 -0.053815 0.848118 -0.527067 2.868000 -0.015348 0.527067 0.849685 -0.000000 0.000000 0.000000 0.000000 1.000000
0.998433 0.053815 -0.015347 -0.000000 -0.053815 0.848118 -0.527067 2.868000 -0.015348 0.527067 0.849685 0.000000 0.000000 0.000000 0.000000 1.000000
0.998433 0.053815 -0.015348 -0.000000 -0.053815 0.848118 -0.527067 2.868000 -0.015348 0.527067 0.849685 0.000000 0.000000 0.000000 0.000000 1.000000
0.998433 0.053815 -0.015347 0.000000 -0.053815 0.848118 -0.527067 2.868000 -0.015348 0.527067 0.849685 0.000000 0.000000 0.000000 0.000000 1.000000
0.998433 0.053815 -0.015348 0.000000 -0.053815 0.848118 -0.527068 2.868000 -0.015348 0.527068 0.849685 0.000000 0.000000 0.000000 0.000000 1.000000
0.998433 0.053815 -0.015348 0.000000 -0.053815 0.848118 -0.527067 2.868000 -0.015348 0.527067 0.849685 -0.000000 0.000000 0.000000 0.000000 1.000000
0.998433 0.053815 -0.015347 0.000000 -0.053815 0.848118 -0.527067 2.868000 -0.015348 0.527067 0.849685 -0.000000 0.000000 0.000000 0.000000 1.000000
0.998433 0.053815 -0.015348 -0.000000 -0.053815 0.848118 -0.527067 2.868000 -0.015348 0.527067 0.849685 0.000000 0.000000 0.000000 0.000000 1.000000
0.998433 0.053815 -0.015347 0.000000 -0.053815 0.848118 -0.527067 2.868000 -0.015348 0.527067 0.849685 -0.000000 0.000000 0.000000 0.000000 1.000000
0.998433 0.053815 -0.015348 0.000000 -0.053815 0.848118 -0.527067 2.868000 -0.015348 0.527067 0.849685 0.000000 0.000000 0.000000 0.000000 1.000000
0.998433 0.053815 -0.015347 0.000000 -0.053815 0.848118 -0.527066 2.868000 -0.015348 0.527066 0.849685 0.000000 0.000000 0.000000 0.000000 1.000000
0.998433 0.053815 -0.015347 0.000000 -0.053815 0.848118 -0.527068 2.868000 -0.015348 0.527068 0.849685 0.000000 0.000000 0.000000 0.000000 1.000000
0.998433 0.053815 -0.015348 -0.000000 -0.053815 0.848118 -0.527067 2.868000 -0.015348 0.527067 0.849685 -0.000000 0.000000 0.000000 0.000000 1.000000
0.998433 0.053815 -0.015347 0.000000 -0.053815 0.848118 -0.527067 2.868000 -0.015348 0.527067 0.849685 0.000000 0.000000 0.000000 0.000000 1.000000
0.998433 0.053815 -0.015347 0.000000 -0.053815 0.848118 -0.527067 2.868000 -0.015348 0.527067 0.849685 0.000000 0.000000 0.000000 0.000000 1.000000
0.998433 0.053815 -0.015348 0.000000 -0.053815 0.848118 -0.527067 2.868000 -0.015348 0.527067 0.849685 0.000000 0.000000 0.000000 0.000000 1.000000
0.998433 0.053815 -0.015347 0.000000 -0.053815 0.848118 -0.527067 2.868000 -0.015348 0.527067 0.849685 0.000000 0.000000 0.000000 0.000000 1.000000
0.998433 0.053816 -0.015348 0.000000 -0.053816 0.848118 -0.527067 2.868000 -0.015348 0.527067 0.849685 -0.000000 0.000000 0.000000 0.000000 1.000000
0.998433 0.053815 -0.015348 0.000000 -0.053815 0.848118 -0.527067 2.868000 -0.015348 0.527067 0.849685 0.000000 0.000000 0.000000 0.000000 1.000000
0.998433 0.053815 -0.015348 0.000000 -0.053815 0.848118 -0.527067 2.868000 -0.015347 0.527067 0.849685 -0.000000 0.000000 0.000000 0.000000 1.000000
0.998433 0.053815 -0.015347 0.000000 -0.053815 0.848118 -0.527067 2.868000 -0.015348 0.527067 0.849685 0.000000 0.000000 0.000000 0.000000 1.000000
0.998433 0.053815 -0.015347 0.000000 -0.053815 0.848118 -0.527067 2.868000 -0.015348 0.527067 0.849685 -0.000000 0.000000 0.000000 0.000000 1.000000
0.998433 0.053815 -0.015347 0.000000 -0.053815 0.848118 -0.527067 2.868000 -0.015348 0.527067 0.849685 0.000000 0.000000 0.000000 0.000000 1.000000
0.998433 0.053816 -0.015347 0.000000 -0.053815 0.848118 -0.527067 2.868000 -0.015348 0.527067 0.849685 -0.000000 0.000000 0.000000 0.000000 1.000000
0.998433 0.053815 -0.015348 0.000000 -0.053815 0.848118 -0.527067 2.868000 -0.015347 0.527067 0.849685 0.000000 0.000000 0.000000 0.000000 1.000000
0.998433 0.053815 -0.015347 -0.000000 -0.053815 0.848118 -0.527067 2.868000 -0.015348 0.527067 0.849685 -0.000000 0.000000 0.000000 0.000000 1.000000
0.998433 0.053815 -0.015348 0.000000 -0.053815 0.848118 -0.527067 2.868000 -0.015348 0.527067 0.849685 0.000000 0.000000 0.000000 0.000000 1.000000
0.998433 0.053815 -0.015347 0.000000 -0.053815 0.848118 -0.527067 2.868000 -0.015348 0.527067 0.849685 0.000000 0.000000 0.000000 0.000000 1.000000
0.998433 0.053815 -0.015347 -0.000000 -0.053815 0.848118 -0.527067 2.868000 -0.015348 0.527067 0.849685 0.000000 0.000000 0.000000 0.000000 1.000000
0.998433 0.053815 -0.015348 -0.000000 -0.053815 0.848118 -0.527067 2.868000 -0.015348 0.527067 0.849685 0.000000 0.000000 0.000000 0.000000 1.000000
0.998433 0.053815 -0.015347 0.000000 -0.053815 0.848118 -0.527067 2.868000 -0.015348 0.527067 0.849685 0.000000 0.000000 0.000000 0.000000 1.000000
0.998433 0.053815 -0.015347 0.000000 -0.053815 0.848118 -0.527067 2.868000 -0.015348 0.527067 0.849685 0.000000 0.000000 0.000000 0.000000 1.000000
0.998433 0.053815 -0.015348 0.000000 -0.053815 0.848118 -0.527067 2.868000 -0.015348 0.527067 0.849685 0.000000 0.000000 0.000000 0.000000 1.000000
0.998433 0.053815 -0.015347 0.000000 -0.053815 0.848118 -0.527067 2.868000 -0.015348 0.527067 0.849685 -0.000000 0.000000 0.000000 0.000000 1.000000
0.998433 0.053815 -0.015348 0.000000 -0.053815 0.848118 -0.527067 2.868000 -0.015348 0.527067 0.849685 0.000000 0.000000 0.000000 0.000000 1.000000
0.998433 0.053815 -0.015347 0.000000 -0.053815 0.848118 -0.527067 2.868000 -0.015348 0.527067 0.849685 -0.000000 0.000000 0.000000 0.000000 1.000000
0.998433 0.053815 -0.015347 -0.000000 -0.053815 0.848118 -0.527067 2.868000 -0.015348 0.527067 0.849685 0.000000 0.000000 0.000000 0.000000 1.000000
0.998433 0.053815 -0.015347 -0.000000 -0.053815 0.848118 -0.527067 2.868000 -0.015348 0.527067 0.849685 0.000000 0.000000 0.000000 0.000000 1.000000
0.998433 0.053815 -0.015347 0.000000 -0.053815 0.848118 -0.527067 2.868000 -0.015348 0.527067 0.849685 0.000000 0.000000 0.000000 0.000000 1.000000
0.998433 0.053816 -0.015347 0.000000 -0.053815 0.848118 -0.527067 2.868000 -0.015348 0.527067 0.849685 0.000000 0.000000 0.000000 0.000000 1.000000
0.998433 0.053815 -0.015347 0.000000 -0.053815 0.848118 -0.527067 2.868000 -0.015348 0.527067 0.849685 -0.000000 0.000000 0.000000 0.000000 1.000000
0.998433 0.053815 -0.015348 0.000000 -0.053815 0.848118 -0.527067 2.868000 -0.015348 0.527067 0.849685 0.000000 0.000000 0.000000 0.000000 1.000000
0.998433 0.053815 -0.015347 0.000000 -0.053815 0.848118 -0.527067 2.868000 -0.015348 0.527067 0.849685 0.000000 0.000000 0.000000 0.000000 1.000000
0.998433 0.053816 -0.015348 0.000000 -0.053816 0.848118 -0.527067 2.868000 -0.015348 0.527067 0.849685 -0.000000 0.000000 0.000000 0.000000 1.000000
0.998433 0.053815 -0.015347 0.000000 -0.053815 0.848118 -0.527067 2.868000 -0.015348 0.527067 0.849685 0.000000 0.000000 0.000000 0.000000 1.000000
0.998433 0.053815 -0.015347 0.000000 -0.053815 0.848118 -0.527067 2.868000 -0.015348 0.527067 0.849685 0.000000 0.000000 0.000000 0.000000 1.000000
0.998433 0.053815 -0.015347 0.000000 -0.053815 0.848118 -0.527067 2.868000 -0.015348 0.527067 0.849685 0.000000 0.000000 0.000000 0.000000 1.000000
0.998433 0.053815 -0.015347 0.000000 -0.053815 0.848118 -0.527067 2.868000 -0.015348 0.527067 0.849685 0.000000 0.000000 0.000000 0.000000 1.000000
0.998433 0.053816 -0.015347 0.000000 -0.053815 0.848118 -0.527067 2.868000 -0.015348 0.527067 0.849685 0.000000 0.000000 0.000000 0.000000 1.000000
0.998433 0.053815 -0.015347 -0.000000 -0.053815 0.848118 -0.527067 2.868000 -0.015348 0.527067 0.849685 0.000000 0.000000 0.000000 0.000000 1.000000
0.998433 0.053815 -0.015348 0.000000 -0.053815 0.848118 -0.527067 2.868000 -0.015348 0.527067 0.849685 -0.000000 0.000000 0.000000 0.000000 1.000000
0.998433 0.053815 -0.015347 -0.000000 -0.053815 0.848118 -0.527067 2.868000 -0.015348 0.527067 0.849685 -0.000000 0.000000 0.000000 0.000000 1.000000</float_array>
        <technique_common>
          <accessor source="#mixamorig_LeftHandPinky3-Matrix-animation-output-transform-array" count="64" stride="16">
            <param type="float4x4"/>
          </accessor>
        </technique_common>
      </source>
      <source id="mixamorig_LeftHandPinky3-Interpolations">
        <Name_array id="mixamorig_LeftHandPinky3-Interpolations-array" count="64">
 LINEAR LINEAR LINEAR LINEAR LINEAR LINEAR LINEAR LINEAR LINEAR LINEAR LINEAR
LINEAR LINEAR LINEAR LINEAR LINEAR LINEAR LINEAR LINEAR LINEAR LINEAR LINEAR LINEAR
LINEAR LINEAR LINEAR LINEAR LINEAR LINEAR LINEAR LINEAR LINEAR LINEAR LINEAR LINEAR
LINEAR LINEAR LINEAR LINEAR LINEAR LINEAR LINEAR LINEAR LINEAR LINEAR LINEAR LINEAR
LINEAR LINEAR LINEAR LINEAR LINEAR LINEAR LINEAR LINEAR LINEAR LINEAR LINEAR LINEAR
LINEAR LINEAR LINEAR LINEAR LINEAR</Name_array>
        <technique_common>
          <accessor source="#mixamorig_LeftHandPinky3-Interpolations-array" count="64">
            <param type="name"/>
          </accessor>
        </technique_common>
      </source>
      <sampler id="mixamorig_LeftHandPinky3-Matrix-animation-transform">
        <input semantic="INPUT" source="#mixamorig_LeftHandPinky3-Matrix-animation-input"/>
        <input semantic="OUTPUT" source="#mixamorig_LeftHandPinky3-Matrix-animation-output-transform"/>
        <input semantic="INTERPOLATION" source="#mixamorig_LeftHandPinky3-Interpolations"/>
      </sampler>
      <channel source="#mixamorig_LeftHandPinky3-Matrix-animation-transform" target="mixamorig_LeftHandPinky3/matrix"/>
    </animation>
    <animation id="mixamorig_RightShoulder-anim" name="mixamorig_RightShoulder">
      <source id="mixamorig_RightShoulder-Matrix-animation-input">
        <float_array id="mixamorig_RightShoulder-Matrix-animation-input-array" count="64">

0.000000 0.033333 0.066667 0.100000 0.133333 0.166667 0.200000 0.233333 0.266667 0.300000 0.333333 0.366667 0.400000 0.433333 0.466667 0.500000
0.533333 0.566667 0.600000 0.633333 0.666667 0.700000 0.733333 0.766667 0.800000 0.833333 0.866667 0.900000 0.933333 0.966667 1.000000 1.033333
1.066667 1.100000 1.133333 1.166667 1.200000 1.233333 1.266667 1.300000 1.333333 1.366667 1.400000 1.433333 1.466667 1.500000 1.533333 1.566667
1.600000 1.633333 1.666667 1.700000 1.733333 1.766667 1.800000 1.833333 1.866667 1.900000 1.933333 1.966667 2.000000 2.033333 2.066667 2.100000</float_array>
        <technique_common>
          <accessor source="#mixamorig_RightShoulder-Matrix-animation-input-array" count="64">
            <param name="TIME" type="float"/>
          </accessor>
        </technique_common>
      </source>
      <source id="mixamorig_RightShoulder-Matrix-animation-output-transform">
        <float_array id="mixamorig_RightShoulder-Matrix-animation-output-transform-array" count="1024">

-0.395112 -0.905510 -0.154719 -4.217400 0.156710 0.099514 -0.982618 16.561300 0.905168 -0.412490 0.102583 -4.061100 0.000000 0.000000 0.000000 1.000000
-0.394971 -0.905574 -0.154708 -4.217400 0.156767 0.099495 -0.982611 16.561300 0.905220 -0.412356 0.102666 -4.061100 0.000000 0.000000 0.000000 1.000000
-0.394328 -0.905864 -0.154648 -4.217400 0.156927 0.099436 -0.982592 16.561300 0.905472 -0.411732 0.102944 -4.061100 0.000000 0.000000 0.000000 1.000000
-0.393256 -0.906347 -0.154545 -4.217400 0.157176 0.099344 -0.982561 16.561300 0.905895 -0.410689 0.103389 -4.061100 0.000000 0.000000 0.000000 1.000000
-0.391695 -0.907049 -0.154391 -4.217400 0.157513 0.099217 -0.982520 16.561300 0.906512 -0.409167 0.104009 -4.061100 0.000000 0.000000 0.000000 1.000000
-0.390110 -0.907758 -0.154238 -4.217400 0.157888 0.099080 -0.982474 16.561300 0.907131 -0.407625 0.104672 -4.061100 0.000000 0.000000 0.000000 1.000000
-0.388038 -0.908681 -0.154028 -4.217400 0.158334 0.098914 -0.982419 16.561300 0.907941 -0.405604 0.105493 -4.061100 0.000000 0.000000 0.000000 1.000000
-0.386114 -0.909533 -0.153837 -4.217400 0.158787 0.098748 -0.982362 16.561300 0.908682 -0.403731 0.106294 -4.061100 0.000000 0.000000 0.000000 1.000000
-0.384056 -0.910439 -0.153630 -4.217400 0.159264 0.098573 -0.982303 16.561300 0.909470 -0.401727 0.107143 -4.061100 0.000000 0.000000 0.000000 1.000000
-0.381891 -0.911387 -0.153407 -4.217400 0.159758 0.098391 -0.982241 16.561300 0.910295 -0.399617 0.108026 -4.061100 0.000000 0.000000 0.000000 1.000000
-0.380080 -0.912174 -0.153225 -4.217400 0.160218 0.098226 -0.982182 16.561300 0.910972 -0.397857 0.108813 -4.061100 0.000000 0.000000 0.000000 1.000000
-0.378146 -0.913011 -0.153024 -4.217400 0.160680 0.098058 -0.982124 16.561300 0.911695 -0.395974 0.109622 -4.061100 0.000000 0.000000 0.000000 1.000000
-0.376713 -0.913627 -0.152881 -4.217400 0.161080 0.097917 -0.982072 16.561300 0.912217 -0.394586 0.110280 -4.061100 0.000000 0.000000 0.000000 1.000000
-0.375530 -0.914134 -0.152763 -4.217400 0.161434 0.097791 -0.982026 16.561300 0.912643 -0.393441 0.110848 -4.061100 0.000000 0.000000 0.000000 1.000000
-0.374962 -0.914375 -0.152717 -4.217400 0.161701 0.097701 -0.981992 16.561300 0.912829 -0.392904 0.111221 -4.061100 0.000000 0.000000 0.000000 1.000000
-0.374595 -0.914529 -0.152690 -4.217400 0.161912 0.097630 -0.981964 16.561300 0.912942 -0.392561 0.111501 -4.061100 0.000000 0.000000 0.000000 1.000000
-0.374891 -0.914398 -0.152752 -4.217400 0.162130 0.097563 -0.981934 16.561300 0.912782 -0.392884 0.111676 -4.061100 0.000000 0.000000 0.000000 1.000000
-0.375377 -0.914181 -0.152854 -4.217400 0.162496 0.097451 -0.981885 16.561300 0.912517 -0.393415 0.111970 -4.061100 0.000000 0.000000 0.000000 1.000000
-0.376111 -0.913855 -0.153004 -4.217400 0.162987 0.097303 -0.981818 16.561300 0.912127 -0.394210 0.112350 -4.061100 0.000000 0.000000 0.000000 1.000000
-0.376953 -0.913478 -0.153180 -4.217400 0.163598 0.097116 -0.981735 16.561300 0.911670 -0.395128 0.112835 -4.061100 0.000000 0.000000 0.000000 1.000000
-0.377974 -0.913021 -0.153392 -4.217400 0.164303 0.096902 -0.981639 16.561300 0.911121 -0.396236 0.113386 -4.061100 0.000000 0.000000 0.000000 1.000000
-0.379263 -0.912443 -0.153649 -4.217400 0.165074 0.096669 -0.981532 16.561300 0.910445 -0.397623 0.113957 -4.061100 0.000000 0.000000 0.000000 1.000000
-0.380662 -0.911812 -0.153930 -4.217400 0.165907 0.096418 -0.981417 16.561300 0.909710 -0.399126 0.114573 -4.061100 0.000000 0.000000 0.000000 1.000000
-0.382250 -0.911095 -0.154244 -4.217400 0.166778 0.096157 -0.981295 16.561300 0.908884 -0.400824 0.115194 -4.061100 0.000000 0.000000 0.000000 1.000000
-0.383770 -0.910403 -0.154556 -4.217400 0.167691 0.095881 -0.981166 16.561300 0.908075 -0.402460 0.115870 -4.061100 0.000000 0.000000 0.000000 1.000000
-0.385214 -0.909740 -0.154864 -4.217400 0.168629 0.095597 -0.981033 16.561300 0.907290 -0.404022 0.116583 -4.061100 0.000000 0.000000 0.000000 1.000000
-0.387002 -0.908920 -0.155220 -4.217400 0.169540 0.095325 -0.980902 16.561300 0.906358 -0.405927 0.117207 -4.061100 0.000000 0.000000 0.000000 1.000000
-0.388602 -0.908180 -0.155554 -4.217400 0.170454 0.095051 -0.980770 16.561300 0.905502 -0.407644 0.117866 -4.061100 0.000000 0.000000 0.000000 1.000000
-0.390182 -0.907446 -0.155884 -4.217400 0.171342 0.094785 -0.980642 16.561300 0.904655 -0.409338 0.118500 -4.061100 0.000000 0.000000 0.000000 1.000000
-0.391711 -0.906732 -0.156206 -4.217400 0.172190 0.094531 -0.980518 16.561300 0.903833 -0.410976 0.119101 -4.061100 0.000000 0.000000 0.000000 1.000000
-0.393174 -0.906045 -0.156514 -4.217400 0.172985 0.094293 -0.980401 16.561300 0.903045 -0.412542 0.119658 -4.061100 0.000000 0.000000 0.000000 1.000000
-0.394535 -0.905403 -0.156802 -4.217400 0.173715 0.094075 -0.980292 16.561300 0.902311 -0.413999 0.120166 -4.061100 0.000000 0.000000 0.000000 1.000000
-0.395787 -0.904811 -0.157067 -4.217400 0.174368 0.093880 -0.980195 16.561300 0.901636 -0.415336 0.120614 -4.061100 0.000000 0.000000 0.000000 1.000000
-0.396893 -0.904286 -0.157301 -4.217400 0.174933 0.093712 -0.980110 16.561300 0.901041 -0.416516 0.120996 -4.061100 0.000000 0.000000 0.000000 1.000000
-0.397836 -0.903837 -0.157499 -4.217400 0.175398 0.093574 -0.980041 16.561300 0.900534 -0.417520 0.121304 -4.061100 0.000000 0.000000 0.000000 1.000000
-0.398585 -0.903479 -0.157655 -4.217400 0.175750 0.093470 -0.979987 16.561300 0.900134 -0.418316 0.121531 -4.061100 0.000000 0.000000 0.000000 1.000000
-0.399125 -0.903222 -0.157765 -4.217400 0.175980 0.093403 -0.979953 16.561300 0.899850 -0.418887 0.121669 -4.061100 0.000000 0.000000 0.000000 1.000000
-0.399435 -0.903075 -0.157822 -4.217400 0.176073 0.093377 -0.979938 16.561300 0.899694 -0.419210 0.121709 -4.061100 0.000000 0.000000 0.000000 1.000000
-0.399517 -0.903038 -0.157827 -4.217400 0.176018 0.093396 -0.979946 16.561300 0.899669 -0.419285 0.121638 -4.061100 0.000000 0.000000 0.000000 1.000000
-0.399484 -0.903058 -0.157794 -4.217400 0.175804 0.093465 -0.979978 16.561300 0.899725 -0.419226 0.121424 -4.061100 0.000000 0.000000 0.000000 1.000000
-0.399381 -0.903114 -0.157731 -4.217400 0.175441 0.093580 -0.980032 16.561300 0.899842 -0.419079 0.121070 -4.061100 0.000000 0.000000 0.000000 1.000000
-0.399241 -0.903192 -0.157645 -4.217400 0.174942 0.093739 -0.980106 16.561300 0.900001 -0.418877 0.120582 -4.061100 0.000000 0.000000 0.000000 1.000000
-0.399033 -0.903303 -0.157533 -4.217400 0.174321 0.093936 -0.980198 16.561300 0.900214 -0.418593 0.119981 -4.061100 0.000000 0.000000 0.000000 1.000000
-0.398776 -0.903439 -0.157399 -4.217400 0.173592 0.094168 -0.980305 16.561300 0.900468 -0.418246 0.119278 -4.061100 0.000000 0.000000 0.000000 1.000000
-0.398475 -0.903599 -0.157247 -4.217400 0.172766 0.094429 -0.980426 16.561300 0.900761 -0.417842 0.118484 -4.061100 0.000000 0.000000 0.000000 1.000000
-0.398141 -0.903775 -0.157081 -4.217400 0.171859 0.094717 -0.980558 16.561300 0.901082 -0.417395 0.117611 -4.061100 0.000000 0.000000 0.000000 1.000000
-0.397784 -0.903963 -0.156903 -4.217400 0.170881 0.095026 -0.980699 16.561300 0.901425 -0.416918 0.116670 -4.061100 0.000000 0.000000 0.000000 1.000000
-0.397422 -0.904155 -0.156717 -4.217400 0.169846 0.095354 -0.980846 16.561300 0.901781 -0.416427 0.115672 -4.061100 0.000000 0.000000 0.000000 1.000000
-0.397064 -0.904345 -0.156527 -4.217400 0.168769 0.095695 -0.980999 16.561300 0.902140 -0.415937 0.114628 -4.061100 0.000000 0.000000 0.000000 1.000000
-0.396704 -0.904536 -0.156334 -4.217400 0.167662 0.096044 -0.981155 16.561300 0.902505 -0.415440 0.113555 -4.061100 0.000000 0.000000 0.000000 1.000000
-0.396352 -0.904724 -0.156141 -4.217400 0.166539 0.096400 -0.981311 16.561300 0.902867 -0.414949 0.112463 -4.061100 0.000000 0.000000 0.000000 1.000000
-0.396036 -0.904894 -0.155953 -4.217400 0.165413 0.096756 -0.981467 16.561300 0.903213 -0.414493 0.111362 -4.061100 0.000000 0.000000 0.000000 1.000000
-0.395731 -0.905059 -0.155770 -4.217400 0.164299 0.097108 -0.981619 16.561300 0.903550 -0.414050 0.110272 -4.061100 0.000000 0.000000 0.000000 1.000000
-0.395458 -0.905209 -0.155593 -4.217400 0.163209 0.097452 -0.981767 16.561300 0.903867 -0.413642 0.109200 -4.061100 0.000000 0.000000 0.000000 1.000000
-0.395219 -0.905342 -0.155428 -4.217400 0.162159 0.097784 -0.981908 16.561300 0.904161 -0.413272 0.108163 -4.061100 0.000000 0.000000 0.000000 1.000000
-0.395019 -0.905456 -0.155275 -4.217400 0.161161 0.098099 -0.982041 16.561300 0.904427 -0.412949 0.107173 -4.061100 0.000000 0.000000 0.000000 1.000000
-0.394859 -0.905549 -0.155135 -4.217400 0.160229 0.098394 -0.982164 16.561300 0.904662 -0.412673 0.106243 -4.061100 0.000000 0.000000 0.000000 1.000000
-0.394742 -0.905621 -0.155012 -4.217400 0.159377 0.098663 -0.982275 16.561300 0.904863 -0.412451 0.105388 -4.061100 0.000000 0.000000 0.000000 1.000000
-0.394676 -0.905668 -0.154907 -4.217400 0.158619 0.098903 -0.982374 16.561300 0.905025 -0.412290 0.104621 -4.061100 0.000000 0.000000 0.000000 1.000000
-0.394659 -0.905690 -0.154822 -4.217400 0.157968 0.099110 -0.982458 16.561300 0.905147 -0.412193 0.103955 -4.061100 0.000000 0.000000 0.000000 1.000000
-0.394688 -0.905688 -0.154758 -4.217400 0.157439 0.099278 -0.982526 16.561300 0.905226 -0.412156 0.103406 -4.061100 0.000000 0.000000 0.000000 1.000000
-0.394782 -0.905654 -0.154720 -4.217400 0.157043 0.099405 -0.982576 16.561300 0.905254 -0.412201 0.102983 -4.061100 0.000000 0.000000 0.000000 1.000000
-0.394920 -0.905596 -0.154706 -4.217400 0.156796 0.099485 -0.982608 16.561300 0.905237 -0.412308 0.102706 -4.061100 0.000000 0.000000 0.000000 1.000000
-0.395117 -0.905508 -0.154719 -4.217400 0.156710 0.099514 -0.982618 16.561300 0.905166 -0.412495 0.102582 -4.061100 0.000000 0.000000 0.000000 1.000000</float_array>
        <technique_common>
          <accessor source="#mixamorig_RightShoulder-Matrix-animation-output-transform-array" count="64" stride="16">
            <param type="float4x4"/>
          </accessor>
        </technique_common>
      </source>
      <source id="mixamorig_RightShoulder-Interpolations">
        <Name_array id="mixamorig_RightShoulder-Interpolations-array" count="64">
 LINEAR LINEAR LINEAR LINEAR LINEAR LINEAR LINEAR LINEAR LINEAR LINEAR LINEAR
LINEAR LINEAR LINEAR LINEAR LINEAR LINEAR LINEAR LINEAR LINEAR LINEAR LINEAR LINEAR
LINEAR LINEAR LINEAR LINEAR LINEAR LINEAR LINEAR LINEAR LINEAR LINEAR LINEAR LINEAR
LINEAR LINEAR LINEAR LINEAR LINEAR LINEAR LINEAR LINEAR LINEAR LINEAR LINEAR LINEAR
LINEAR LINEAR LINEAR LINEAR LINEAR LINEAR LINEAR LINEAR LINEAR LINEAR LINEAR LINEAR
LINEAR LINEAR LINEAR LINEAR LINEAR</Name_array>
        <technique_common>
          <accessor source="#mixamorig_RightShoulder-Interpolations-array" count="64">
            <param type="name"/>
          </accessor>
        </technique_common>
      </source>
      <sampler id="mixamorig_RightShoulder-Matrix-animation-transform">
        <input semantic="INPUT" source="#mixamorig_RightShoulder-Matrix-animation-input"/>
        <input semantic="OUTPUT" source="#mixamorig_RightShoulder-Matrix-animation-output-transform"/>
        <input semantic="INTERPOLATION" source="#mixamorig_RightShoulder-Interpolations"/>
      </sampler>
      <channel source="#mixamorig_RightShoulder-Matrix-animation-transform" target="mixamorig_RightShoulder/matrix"/>
    </animation>
    <animation id="mixamorig_RightArm-anim" name="mixamorig_RightArm">
      <source id="mixamorig_RightArm-Matrix-animation-input">
        <float_array id="mixamorig_RightArm-Matrix-animation-input-array" count="64">

0.000000 0.033333 0.066667 0.100000 0.133333 0.166667 0.200000 0.233333 0.266667 0.300000 0.333333 0.366667 0.400000 0.433333 0.466667 0.500000
0.533333 0.566667 0.600000 0.633333 0.666667 0.700000 0.733333 0.766667 0.800000 0.833333 0.866667 0.900000 0.933333 0.966667 1.000000 1.033333
1.066667 1.100000 1.133333 1.166667 1.200000 1.233333 1.266667 1.300000 1.333333 1.366667 1.400000 1.433333 1.466667 1.500000 1.533333 1.566667
1.600000 1.633333 1.666667 1.700000 1.733333 1.766667 1.800000 1.833333 1.866667 1.900000 1.933333 1.966667 2.000000 2.033333 2.066667 2.100000</float_array>
        <technique_common>
          <accessor source="#mixamorig_RightArm-Matrix-animation-input-array" count="64">
            <param name="TIME" type="float"/>
          </accessor>
        </technique_common>
      </source>
      <source id="mixamorig_RightArm-Matrix-animation-output-transform">
        <float_array id="mixamorig_RightArm-Matrix-animation-output-transform-array" count="1024">

0.417563 0.625086 -0.659475 -0.000000 -0.905650 0.227405 -0.357888 5.607700 -0.073743 0.746695 0.661066 0.000000 0.000000 0.000000 0.000000 1.000000
0.417430 0.625047 -0.659598 0.000000 -0.905614 0.226288 -0.358688 5.607700 -0.074938 0.747068 0.660510 -0.000000 0.000000 0.000000 0.000000 1.000000
0.417758 0.624680 -0.659737 -0.000000 -0.905394 0.225674 -0.359630 5.607700 -0.075768 0.747560 0.659858 -0.000000 0.000000 0.000000 0.000000 1.000000
0.418440 0.624051 -0.659900 0.000000 -0.905042 0.225532 -0.360603 5.607700 -0.076206 0.748128 0.659164 0.000000 0.000000 0.000000 0.000000 1.000000
0.419572 0.623032 -0.660145 -0.000000 -0.904523 0.225967 -0.361630 5.607700 -0.076136 0.748846 0.658356 0.000000 0.000000 0.000000 0.000000 1.000000
0.420773 0.622022 -0.660332 0.000000 -0.903984 0.226587 -0.362590 5.607700 -0.075916 0.749498 0.657640 0.000000 0.000000 0.000000 0.000000 1.000000
0.422589 0.620817 -0.660306 -0.000000 -0.903174 0.227804 -0.363842 5.607700 -0.075459 0.750128 0.656974 0.000000 0.000000 0.000000 0.000000 1.000000
0.424432 0.619721 -0.660154 0.000000 -0.902357 0.229188 -0.365000 5.607700 -0.074899 0.750612 0.656484 -0.000000 0.000000 0.000000 0.000000 1.000000
0.426328 0.618638 -0.659948 0.000000 -0.901516 0.230701 -0.366122 5.607700 -0.074246 0.751042 0.656066 -0.000000 0.000000 0.000000 0.000000 1.000000
0.428414 0.617372 -0.659783 0.000000 -0.900609 0.232558 -0.367179 5.607700 -0.073248 0.751511 0.655642 0.000000 0.000000 0.000000 0.000000 1.000000
0.430127 0.616428 -0.659551 -0.000000 -0.899863 0.234189 -0.367969 5.607700 -0.072367 0.751779 0.655432 0.000000 0.000000 0.000000 0.000000 1.000000
0.432097 0.615543 -0.659090 0.000000 -0.898989 0.236062 -0.368910 5.607700 -0.071494 0.751919 0.655367 0.000000 0.000000 0.000000 0.000000 1.000000
0.433829 0.615042 -0.658419 -0.000000 -0.898211 0.237817 -0.369677 5.607700 -0.070784 0.751775 0.655609 -0.000000 0.000000 0.000000 0.000000 1.000000
0.435466 0.614699 -0.657659 0.000000 -0.897474 0.239587 -0.370322 5.607700 -0.070070 0.751494 0.656008 -0.000000 0.000000 0.000000 0.000000 1.000000
0.436546 0.614794 -0.656853 0.000000 -0.896987 0.240949 -0.370619 5.607700 -0.069586 0.750980 0.656648 0.000000 0.000000 0.000000 0.000000 1.000000
0.437596 0.615113 -0.655855 -0.000000 -0.896503 0.242315 -0.370898 5.607700 -0.069221 0.750280 0.657487 0.000000 0.000000 0.000000 0.000000 1.000000
0.438110 0.615954 -0.654722 0.000000 -0.896252 0.243222 -0.370911 5.607700 -0.069221 0.749296 0.658608 0.000000 0.000000 0.000000 0.000000 1.000000
0.438391 0.616926 -0.653617 0.000000 -0.896107 0.243924 -0.370801 5.607700 -0.069324 0.748267 0.659766 0.000000 0.000000 0.000000 0.000000 1.000000
0.438302 0.617933 -0.652725 -0.000000 -0.896142 0.244333 -0.370446 5.607700 -0.069429 0.747302 0.660848 0.000000 0.000000 0.000000 0.000000 1.000000
0.437942 0.619014 -0.651942 0.000000 -0.896308 0.244536 -0.369910 5.607700 -0.069556 0.746340 0.661920 0.000000 0.000000 0.000000 0.000000 1.000000
0.437592 0.620175 -0.651073 0.000000 -0.896480 0.244900 -0.369254 5.607700 -0.069555 0.745256 0.663141 0.000000 0.000000 0.000000 0.000000 1.000000
0.437359 0.621633 -0.649838 -0.000000 -0.896586 0.245450 -0.368630 5.607700 -0.069650 0.743859 0.664697 0.000000 0.000000 0.000000 0.000000 1.000000
0.437418 0.623254 -0.648243 0.000000 -0.896546 0.246308 -0.368154 5.607700 -0.069786 0.742218 0.666515 0.000000 0.000000 0.000000 0.000000 1.000000
0.437590 0.624907 -0.646534 0.000000 -0.896455 0.247316 -0.367700 5.607700 -0.069880 0.740490 0.668424 0.000000 0.000000 0.000000 0.000000 1.000000
0.437924 0.626311 -0.644947 0.000000 -0.896303 0.248519 -0.367259 5.607700 -0.069737 0.738900 0.670197 0.000000 0.000000 0.000000 0.000000 1.000000
0.438384 0.627539 -0.643440 -0.000000 -0.896102 0.249859 -0.366841 5.607700 -0.069438 0.737405 0.671873 0.000000 0.000000 0.000000 0.000000 1.000000
0.438671 0.628810 -0.642001 -0.000000 -0.895990 0.251140 -0.366238 5.607700 -0.069062 0.735885 0.673575 -0.000000 0.000000 0.000000 0.000000 1.000000
0.439001 0.629902 -0.640704 0.000000 -0.895869 0.252476 -0.365616 5.607700 -0.068540 0.734492 0.675147 0.000000 0.000000 0.000000 0.000000 1.000000
0.439064 0.630773 -0.639803 0.000000 -0.895899 0.253693 -0.364698 5.607700 -0.067728 0.733325 0.676496 0.000000 0.000000 0.000000 0.000000 1.000000
0.438830 0.631511 -0.639235 -0.000000 -0.896087 0.254704 -0.363531 5.607700 -0.066758 0.732339 0.677660 0.000000 0.000000 0.000000 0.000000 1.000000
0.438609 0.632058 -0.638847 -0.000000 -0.896282 0.255782 -0.362291 5.607700 -0.065584 0.731491 0.678690 0.000000 0.000000 0.000000 0.000000 1.000000
0.438484 0.632570 -0.638425 0.000000 -0.896425 0.256891 -0.361150 5.607700 -0.064447 0.730658 0.679695 0.000000 0.000000 0.000000 0.000000 1.000000
0.438563 0.632957 -0.637988 0.000000 -0.896472 0.258156 -0.360129 5.607700 -0.063245 0.729878 0.680646 0.000000 0.000000 0.000000 0.000000 1.000000
0.438771 0.633334 -0.637470 0.000000 -0.896446 0.259431 -0.359277 5.607700 -0.062163 0.729098 0.681581 0.000000 0.000000 0.000000 0.000000 1.000000
0.439115 0.633518 -0.637051 0.000000 -0.896360 0.260807 -0.358494 5.607700 -0.060965 0.728447 0.682384 0.000000 0.000000 0.000000 0.000000 1.000000
0.439468 0.633525 -0.636800 0.000000 -0.896274 0.262168 -0.357716 5.607700 -0.059673 0.727952 0.683026 0.000000 0.000000 0.000000 0.000000 1.000000
0.439813 0.633341 -0.636745 0.000000 -0.896197 0.263500 -0.356930 5.607700 -0.058276 0.727631 0.683489 0.000000 0.000000 0.000000 0.000000 1.000000
0.440188 0.632949 -0.636876 0.000000 -0.896110 0.264834 -0.356161 5.607700 -0.056765 0.727488 0.683768 0.000000 0.000000 0.000000 0.000000 1.000000
0.440624 0.632341 -0.637177 0.000000 -0.895997 0.266198 -0.355427 5.607700 -0.055135 0.727518 0.683869 0.000000 0.000000 0.000000 0.000000 1.000000
0.440988 0.631714 -0.637547 0.000000 -0.895910 0.267402 -0.354740 5.607700 -0.053613 0.727622 0.683880 -0.000000 0.000000 0.000000 0.000000 1.000000
0.441351 0.631085 -0.637919 0.000000 -0.895812 0.268479 -0.354174 5.607700 -0.052246 0.727771 0.683827 -0.000000 0.000000 0.000000 0.000000 1.000000
0.441785 0.630482 -0.638216 0.000000 -0.895664 0.269452 -0.353809 5.607700 -0.051102 0.727935 0.683740 0.000000 0.000000 0.000000 0.000000 1.000000
0.442163 0.629961 -0.638468 0.000000 -0.895525 0.270170 -0.353614 5.607700 -0.050268 0.728119 0.683605 -0.000000 0.000000 0.000000 0.000000 1.000000
0.442587 0.629383 -0.638745 0.000000 -0.895358 0.270834 -0.353530 5.607700 -0.049512 0.728373 0.683390 0.000000 0.000000 0.000000 0.000000 1.000000
0.442929 0.628786 -0.639095 0.000000 -0.895224 0.271328 -0.353489 5.607700 -0.048865 0.728703 0.683084 -0.000000 0.000000 0.000000 0.000000 1.000000
0.443021 0.628161 -0.639645 -0.000000 -0.895206 0.271483 -0.353415 5.607700 -0.048349 0.729185 0.682607 0.000000 0.000000 0.000000 0.000000 1.000000
0.442669 0.627511 -0.640526 -0.000000 -0.895397 0.271061 -0.353257 5.607700 -0.048052 0.729901 0.681862 0.000000 0.000000 0.000000 0.000000 1.000000
0.441908 0.626715 -0.641830 -0.000000 -0.895785 0.270154 -0.352968 5.607700 -0.047817 0.730921 0.680785 -0.000000 0.000000 0.000000 0.000000 1.000000
0.440850 0.625897 -0.643355 -0.000000 -0.896310 0.268839 -0.352640 5.607700 -0.047757 0.732106 0.679515 -0.000000 0.000000 0.000000 0.000000 1.000000
0.439726 0.625184 -0.644815 -0.000000 -0.896848 0.267270 -0.352464 5.607700 -0.048015 0.733288 0.678221 -0.000000 0.000000 0.000000 0.000000 1.000000
0.438737 0.624732 -0.645926 -0.000000 -0.897289 0.265531 -0.352654 5.607700 -0.048800 0.734305 0.677064 0.000000 0.000000 0.000000 0.000000 1.000000
0.437924 0.624496 -0.646705 0.000000 -0.897618 0.263694 -0.353195 5.607700 -0.050037 0.735167 0.676037 -0.000000 0.000000 0.000000 0.000000 1.000000
0.436851 0.624344 -0.647577 0.000000 -0.898059 0.261502 -0.353704 5.607700 -0.051490 0.736079 0.674935 0.000000 0.000000 0.000000 0.000000 1.000000
0.435272 0.624141 -0.648835 0.000000 -0.898742 0.258873 -0.353902 5.607700 -0.052919 0.737179 0.673622 0.000000 0.000000 0.000000 0.000000 1.000000
0.433272 0.623937 -0.650367 0.000000 -0.899621 0.255867 -0.353855 5.607700 -0.054376 0.738400 0.672168 0.000000 0.000000 0.000000 0.000000 1.000000
0.431249 0.623793 -0.651849 0.000000 -0.900496 0.252776 -0.353852 5.607700 -0.055958 0.739586 0.670732 -0.000000 0.000000 0.000000 0.000000 1.000000
0.429369 0.623822 -0.653060 0.000000 -0.901275 0.249656 -0.354085 5.607700 -0.057846 0.740620 0.669430 0.000000 0.000000 0.000000 0.000000 1.000000
0.427622 0.624044 -0.653994 0.000000 -0.901963 0.246523 -0.354527 5.607700 -0.060016 0.741482 0.668283 -0.000000 0.000000 0.000000 0.000000 1.000000
0.425874 0.624363 -0.654830 -0.000000 -0.902633 0.243322 -0.355033 5.607700 -0.062335 0.742271 0.667195 0.000000 0.000000 0.000000 0.000000 1.000000
0.424042 0.624658 -0.655737 0.000000 -0.903335 0.240077 -0.355456 5.607700 -0.064611 0.743079 0.666078 0.000000 0.000000 0.000000 0.000000 1.000000
0.422210 0.625097 -0.656501 0.000000 -0.904020 0.236839 -0.355885 5.607700 -0.066978 0.743748 0.665096 0.000000 0.000000 0.000000 0.000000 1.000000
0.420580 0.625634 -0.657034 0.000000 -0.904598 0.233794 -0.356430 5.607700 -0.069384 0.744259 0.664277 0.000000 0.000000 0.000000 0.000000 1.000000
0.419235 0.625994 -0.657551 -0.000000 -0.905046 0.231002 -0.357114 5.607700 -0.071655 0.744829 0.663397 -0.000000 0.000000 0.000000 0.000000 1.000000
0.417429 0.625105 -0.659542 -0.000000 -0.905709 0.227267 -0.357828 5.607700 -0.073788 0.746721 0.661031 0.000000 0.000000 0.000000 0.000000 1.000000</float_array>
        <technique_common>
          <accessor source="#mixamorig_RightArm-Matrix-animation-output-transform-array" count="64" stride="16">
            <param type="float4x4"/>
          </accessor>
        </technique_common>
      </source>
      <source id="mixamorig_RightArm-Interpolations">
        <Name_array id="mixamorig_RightArm-Interpolations-array" count="64">
 LINEAR LINEAR LINEAR LINEAR LINEAR LINEAR LINEAR LINEAR LINEAR LINEAR LINEAR
LINEAR LINEAR LINEAR LINEAR LINEAR LINEAR LINEAR LINEAR LINEAR LINEAR LINEAR LINEAR
LINEAR LINEAR LINEAR LINEAR LINEAR LINEAR LINEAR LINEAR LINEAR LINEAR LINEAR LINEAR
LINEAR LINEAR LINEAR LINEAR LINEAR LINEAR LINEAR LINEAR LINEAR LINEAR LINEAR LINEAR
LINEAR LINEAR LINEAR LINEAR LINEAR LINEAR LINEAR LINEAR LINEAR LINEAR LINEAR LINEAR
LINEAR LINEAR LINEAR LINEAR LINEAR</Name_array>
        <technique_common>
          <accessor source="#mixamorig_RightArm-Interpolations-array" count="64">
            <param type="name"/>
          </accessor>
        </technique_common>
      </source>
      <sampler id="mixamorig_RightArm-Matrix-animation-transform">
        <input semantic="INPUT" source="#mixamorig_RightArm-Matrix-animation-input"/>
        <input semantic="OUTPUT" source="#mixamorig_RightArm-Matrix-animation-output-transform"/>
        <input semantic="INTERPOLATION" source="#mixamorig_RightArm-Interpolations"/>
      </sampler>
      <channel source="#mixamorig_RightArm-Matrix-animation-transform" target="mixamorig_RightArm/matrix"/>
    </animation>
    <animation id="mixamorig_RightForeArm-anim" name="mixamorig_RightForeArm">
      <source id="mixamorig_RightForeArm-Matrix-animation-input">
        <float_array id="mixamorig_RightForeArm-Matrix-animation-input-array" count="64">

0.000000 0.033333 0.066667 0.100000 0.133333 0.166667 0.200000 0.233333 0.266667 0.300000 0.333333 0.366667 0.400000 0.433333 0.466667 0.500000
0.533333 0.566667 0.600000 0.633333 0.666667 0.700000 0.733333 0.766667 0.800000 0.833333 0.866667 0.900000 0.933333 0.966667 1.000000 1.033333
1.066667 1.100000 1.133333 1.166667 1.200000 1.233333 1.266667 1.300000 1.333333 1.366667 1.400000 1.433333 1.466667 1.500000 1.533333 1.566667
1.600000 1.633333 1.666667 1.700000 1.733333 1.766667 1.800000 1.833333 1.866667 1.900000 1.933333 1.966667 2.000000 2.033333 2.066667 2.100000</float_array>
        <technique_common>
          <accessor source="#mixamorig_RightForeArm-Matrix-animation-input-array" count="64">
            <param name="TIME" type="float"/>
          </accessor>
        </technique_common>
      </source>
      <source id="mixamorig_RightForeArm-Matrix-animation-output-transform">
        <float_array id="mixamorig_RightForeArm-Matrix-animation-output-transform-array" count="1024">

-0.482246 0.875922 0.014104 -0.000000 -0.788556 -0.427021 -0.442529 21.869200 -0.381598 -0.224530 0.896643 0.000000 0.000000 0.000000 0.000000 1.000000
-0.481256 0.876461 0.014427 0.000000 -0.788968 -0.425926 -0.442850 21.869200 -0.381996 -0.224507 0.896479 0.000000 0.000000 0.000000 0.000000 1.000000
-0.480703 0.876765 0.014424 -0.000000 -0.788849 -0.425201 -0.443758 21.869200 -0.382938 -0.224694 0.896031 0.000000 0.000000 0.000000 0.000000 1.000000
-0.480630 0.876810 0.014084 0.000000 -0.788112 -0.424855 -0.445396 21.869200 -0.384544 -0.225170 0.895223 0.000000 0.000000 0.000000 0.000000 1.000000
-0.481091 0.876568 0.013402 -0.000000 -0.786783 -0.424970 -0.447631 21.869200 -0.386683 -0.225896 0.894118 0.000000 0.000000 0.000000 0.000000 1.000000
-0.481801 0.876191 0.012532 -0.000000 -0.785169 -0.425311 -0.450133 21.869200 -0.389073 -0.226714 0.892874 0.000000 0.000000 0.000000 0.000000 1.000000
-0.482831 0.875639 0.011452 0.000000 -0.783409 -0.426057 -0.452489 21.869200 -0.391338 -0.227447 0.891696 0.000000 0.000000 0.000000 0.000000 1.000000
-0.483937 0.875042 0.010313 0.000000 -0.781634 -0.426919 -0.454741 21.869200 -0.393514 -0.228127 0.890564 0.000000 0.000000 0.000000 0.000000 1.000000
-0.485269 0.874318 0.009031 0.000000 -0.779579 -0.427963 -0.457280 21.869200 -0.395943 -0.228944 0.889277 0.000000 0.000000 0.000000 0.000000 1.000000
-0.486963 0.873390 0.007556 0.000000 -0.777112 -0.429302 -0.460213 21.869200 -0.398701 -0.229979 0.887776 0.000000 0.000000 0.000000 0.000000 1.000000
-0.488604 0.872484 0.006122 -0.000000 -0.774605 -0.430540 -0.463273 21.869200 -0.401563 -0.231099 0.886194 0.000000 0.000000 0.000000 0.000000 1.000000
-0.490280 0.871552 0.004710 0.000000 -0.772263 -0.431908 -0.465902 21.869200 -0.404024 -0.232060 0.884824 0.000000 0.000000 0.000000 0.000000 1.000000
-0.491773 0.870716 0.003468 -0.000000 -0.770238 -0.433160 -0.468087 21.869200 -0.406069 -0.232864 0.883675 0.000000 0.000000 0.000000 0.000000 1.000000
-0.493218 0.869903 0.002319 -0.000000 -0.768329 -0.434374 -0.470095 21.869200 -0.407930 -0.233641 0.882613 0.000000 0.000000 0.000000 0.000000 1.000000
-0.494419 0.869223 0.001408 0.000000 -0.766689 -0.435332 -0.471883 21.869200 -0.409558 -0.234387 0.881660 0.000000 0.000000 0.000000 0.000000 1.000000
-0.495499 0.868608 0.000696 0.000000 -0.765414 -0.436252 -0.473103 21.869200 -0.410637 -0.234954 0.881007 0.000000 0.000000 0.000000 0.000000 1.000000
-0.496172 0.868224 0.000305 0.000000 -0.764631 -0.436805 -0.473857 21.869200 -0.411281 -0.235348 0.880602 -0.000000 0.000000 0.000000 0.000000 1.000000
-0.496617 0.867970 0.000090 0.000000 -0.764042 -0.437104 -0.474530 21.869200 -0.411839 -0.235729 0.880239 -0.000000 0.000000 0.000000 0.000000 1.000000
-0.496908 0.867803 0.000004 0.000000 -0.763454 -0.437155 -0.475431 21.869200 -0.412578 -0.236249 0.879753 0.000000 0.000000 0.000000 0.000000 1.000000
-0.497185 0.867644 -0.000063 0.000000 -0.762667 -0.437065 -0.476774 21.869200 -0.413698 -0.236997 0.879026 0.000000 0.000000 0.000000 0.000000 1.000000
-0.497568 0.867425 -0.000208 0.000000 -0.761743 -0.437062 -0.478252 21.869200 -0.414939 -0.237805 0.878223 0.000000 0.000000 0.000000 0.000000 1.000000
-0.497998 0.867178 -0.000420 0.000000 -0.760926 -0.437213 -0.479413 21.869200 -0.415920 -0.238427 0.877589 0.000000 0.000000 0.000000 0.000000 1.000000
-0.498442 0.866923 -0.000634 -0.000000 -0.760401 -0.437548 -0.479940 21.869200 -0.416349 -0.238739 0.877301 0.000000 0.000000 0.000000 0.000000 1.000000
-0.498806 0.866713 -0.000782 0.000000 -0.760190 -0.437933 -0.479923 21.869200 -0.416298 -0.238794 0.877310 0.000000 0.000000 0.000000 0.000000 1.000000
-0.499227 0.866471 -0.000948 0.000000 -0.760028 -0.438424 -0.479731 21.869200 -0.416088 -0.238774 0.877415 0.000000 0.000000 0.000000 0.000000 1.000000
-0.499715 0.866189 -0.001147 -0.000000 -0.759865 -0.439011 -0.479452 21.869200 -0.415799 -0.238718 0.877568 0.000000 0.000000 0.000000 0.000000 1.000000
-0.500063 0.865988 -0.001236 0.000000 -0.759913 -0.439493 -0.478934 21.869200 -0.415295 -0.238558 0.877850 0.000000 0.000000 0.000000 0.000000 1.000000
-0.500412 0.865787 -0.001336 0.000000 -0.759883 -0.439939 -0.478573 21.869200 -0.414929 -0.238468 0.878047 0.000000 0.000000 0.000000 0.000000 1.000000
-0.500872 0.865520 -0.001563 -0.000000 -0.759354 -0.440299 -0.479081 21.869200 -0.415342 -0.238772 0.877769 -0.000000 0.000000 0.000000 0.000000 1.000000
-0.501421 0.865201 -0.001943 0.000000 -0.758317 -0.440556 -0.480485 21.869200 -0.416573 -0.239451 0.877001 0.000000 0.000000 0.000000 0.000000 1.000000
-0.501971 0.864881 -0.002357 -0.000000 -0.757213 -0.440795 -0.482005 21.869200 -0.417916 -0.240168 0.876166 -0.000000 0.000000 0.000000 0.000000 1.000000
-0.502394 0.864634 -0.002689 0.000000 -0.756376 -0.440994 -0.483135 21.869200 -0.418921 -0.240690 0.875542 0.000000 0.000000 0.000000 0.000000 1.000000
-0.502724 0.864442 -0.002920 0.000000 -0.755876 -0.441221 -0.483711 21.869200 -0.419428 -0.240966 0.875223 -0.000000 0.000000 0.000000 0.000000 1.000000
-0.502929 0.864322 -0.003030 0.000000 -0.755715 -0.441429 -0.483771 21.869200 -0.419472 -0.241013 0.875189 0.000000 0.000000 0.000000 0.000000 1.000000
-0.503095 0.864226 -0.003060 0.000000 -0.755747 -0.441657 -0.483514 21.869200 -0.419217 -0.240941 0.875331 0.000000 0.000000 0.000000 0.000000 1.000000
-0.503280 0.864118 -0.003101 0.000000 -0.755737 -0.441891 -0.483316 21.869200 -0.419013 -0.240900 0.875440 0.000000 0.000000 0.000000 0.000000 1.000000
-0.503572 0.863947 -0.003237 0.000000 -0.755542 -0.442197 -0.483340 21.869200 -0.419012 -0.240951 0.875427 -0.000000 0.000000 0.000000 0.000000 1.000000
-0.504041 0.863673 -0.003516 0.000000 -0.755114 -0.442654 -0.483591 21.869200 -0.419221 -0.241095 0.875287 0.000000 0.000000 0.000000 0.000000 1.000000
-0.504704 0.863284 -0.003932 0.000000 -0.754473 -0.443294 -0.484005 21.869200 -0.419577 -0.241312 0.875056 0.000000 0.000000 0.000000 0.000000 1.000000
-0.505353 0.862902 -0.004332 0.000000 -0.753895 -0.443945 -0.484309 21.869200 -0.419834 -0.241481 0.874886 0.000000 0.000000 0.000000 0.000000 1.000000
-0.505829 0.862622 -0.004544 0.000000 -0.753742 -0.444533 -0.484008 21.869200 -0.419536 -0.241400 0.875052 0.000000 0.000000 0.000000 0.000000 1.000000
-0.506043 0.862497 -0.004468 0.000000 -0.754197 -0.445003 -0.482866 21.869200 -0.418459 -0.240981 0.875683 0.000000 0.000000 0.000000 0.000000 1.000000
-0.505992 0.862528 -0.004134 -0.000000 -0.755177 -0.445322 -0.481036 21.869200 -0.416748 -0.240278 0.876691 -0.000000 0.000000 0.000000 0.000000 1.000000
-0.505923 0.862570 -0.003730 -0.000000 -0.756362 -0.445700 -0.478819 21.869200 -0.414678 -0.239425 0.877906 -0.000000 0.000000 0.000000 0.000000 1.000000
-0.505931 0.862567 -0.003384 0.000000 -0.757487 -0.446167 -0.476600 21.869200 -0.412610 -0.238563 0.879114 -0.000000 0.000000 0.000000 0.000000 1.000000
-0.505851 0.862616 -0.003020 0.000000 -0.758594 -0.446512 -0.474513 21.869200 -0.410671 -0.237742 0.880243 0.000000 0.000000 0.000000 0.000000 1.000000
-0.505474 0.862838 -0.002511 0.000000 -0.759820 -0.446498 -0.472561 21.869200 -0.408865 -0.236959 0.881294 0.000000 0.000000 0.000000 0.000000 1.000000
-0.504891 0.863181 -0.001912 -0.000000 -0.761046 -0.446193 -0.470873 21.869200 -0.407302 -0.236284 0.882199 -0.000000 0.000000 0.000000 0.000000 1.000000
-0.504259 0.863551 -0.001324 0.000000 -0.762175 -0.445782 -0.469433 21.869200 -0.405969 -0.235706 0.882967 -0.000000 0.000000 0.000000 0.000000 1.000000
-0.503501 0.863994 -0.000646 0.000000 -0.763558 -0.445320 -0.467621 21.869200 -0.404310 -0.234954 0.883929 0.000000 0.000000 0.000000 0.000000 1.000000
-0.502410 0.864630 0.000300 0.000000 -0.765685 -0.444755 -0.464671 21.869200 -0.401635 -0.233685 0.885483 0.000000 0.000000 0.000000 0.000000 1.000000
-0.501008 0.865442 0.001466 -0.000000 -0.768473 -0.444092 -0.460686 21.869200 -0.398046 -0.231934 0.887562 0.000000 0.000000 0.000000 0.000000 1.000000
-0.499487 0.866318 0.002591 0.000000 -0.771134 -0.443240 -0.457045 21.869200 -0.394798 -0.230286 0.889440 0.000000 0.000000 0.000000 0.000000 1.000000
-0.498149 0.867085 0.003419 0.000000 -0.772929 -0.442262 -0.454956 21.869200 -0.392973 -0.229278 0.890508 0.000000 0.000000 0.000000 0.000000 1.000000
-0.496945 0.867773 0.004007 -0.000000 -0.774026 -0.441163 -0.454157 21.869200 -0.392337 -0.228792 0.890913 0.000000 0.000000 0.000000 0.000000 1.000000
-0.495658 0.868506 0.004584 0.000000 -0.775112 -0.439965 -0.453468 21.869200 -0.391822 -0.228318 0.891261 0.000000 0.000000 0.000000 0.000000 1.000000
-0.494133 0.869370 0.005302 0.000000 -0.776607 -0.438651 -0.452180 21.869200 -0.390786 -0.227554 0.891911 -0.000000 0.000000 0.000000 0.000000 1.000000
-0.492402 0.870346 0.006164 0.000000 -0.778449 -0.437221 -0.450394 21.869200 -0.389304 -0.226574 0.892809 0.000000 0.000000 0.000000 0.000000 1.000000
-0.490589 0.871362 0.007093 0.000000 -0.780322 -0.435679 -0.448644 21.869200 -0.387841 -0.225635 0.893682 0.000000 0.000000 0.000000 0.000000 1.000000
-0.488796 0.872362 0.007983 0.000000 -0.781945 -0.434041 -0.447404 21.869200 -0.386833 -0.224931 0.894296 0.000000 0.000000 0.000000 0.000000 1.000000
-0.486961 0.873380 0.008723 0.000000 -0.783339 -0.432297 -0.446654 21.869200 -0.386328 -0.224336 0.894664 0.000000 0.000000 0.000000 0.000000 1.000000
-0.485041 0.874441 0.009381 0.000000 -0.784731 -0.430495 -0.445950 21.869200 -0.385919 -0.223666 0.895008 0.000000 0.000000 0.000000 0.000000 1.000000
-0.483174 0.875462 0.010411 0.000000 -0.786267 -0.428655 -0.445016 21.869200 -0.385132 -0.223206 0.895462 0.000000 0.000000 0.000000 0.000000 1.000000
-0.482306 0.875886 0.014290 0.000000 -0.788656 -0.427056 -0.442318 21.869200 -0.381317 -0.224602 0.896745 0.000000 0.000000 0.000000 0.000000 1.000000</float_array>
        <technique_common>
          <accessor source="#mixamorig_RightForeArm-Matrix-animation-output-transform-array" count="64" stride="16">
            <param type="float4x4"/>
          </accessor>
        </technique_common>
      </source>
      <source id="mixamorig_RightForeArm-Interpolations">
        <Name_array id="mixamorig_RightForeArm-Interpolations-array" count="64">
 LINEAR LINEAR LINEAR LINEAR LINEAR LINEAR LINEAR LINEAR LINEAR LINEAR LINEAR
LINEAR LINEAR LINEAR LINEAR LINEAR LINEAR LINEAR LINEAR LINEAR LINEAR LINEAR LINEAR
LINEAR LINEAR LINEAR LINEAR LINEAR LINEAR LINEAR LINEAR LINEAR LINEAR LINEAR LINEAR
LINEAR LINEAR LINEAR LINEAR LINEAR LINEAR LINEAR LINEAR LINEAR LINEAR LINEAR LINEAR
LINEAR LINEAR LINEAR LINEAR LINEAR LINEAR LINEAR LINEAR LINEAR LINEAR LINEAR LINEAR
LINEAR LINEAR LINEAR LINEAR LINEAR</Name_array>
        <technique_common>
          <accessor source="#mixamorig_RightForeArm-Interpolations-array" count="64">
            <param type="name"/>
          </accessor>
        </technique_common>
      </source>
      <sampler id="mixamorig_RightForeArm-Matrix-animation-transform">
        <input semantic="INPUT" source="#mixamorig_RightForeArm-Matrix-animation-input"/>
        <input semantic="OUTPUT" source="#mixamorig_RightForeArm-Matrix-animation-output-transform"/>
        <input semantic="INTERPOLATION" source="#mixamorig_RightForeArm-Interpolations"/>
      </sampler>
      <channel source="#mixamorig_RightForeArm-Matrix-animation-transform" target="mixamorig_RightForeArm/matrix"/>
    </animation>
    <animation id="mixamorig_RightHand-anim" name="mixamorig_RightHand">
      <source id="mixamorig_RightHand-Matrix-animation-input">
        <float_array id="mixamorig_RightHand-Matrix-animation-input-array" count="64">

0.000000 0.033333 0.066667 0.100000 0.133333 0.166667 0.200000 0.233333 0.266667 0.300000 0.333333 0.366667 0.400000 0.433333 0.466667 0.500000
0.533333 0.566667 0.600000 0.633333 0.666667 0.700000 0.733333 0.766667 0.800000 0.833333 0.866667 0.900000 0.933333 0.966667 1.000000 1.033333
1.066667 1.100000 1.133333 1.166667 1.200000 1.233333 1.266667 1.300000 1.333333 1.366667 1.400000 1.433333 1.466667 1.500000 1.533333 1.566667
1.600000 1.633333 1.666667 1.700000 1.733333 1.766667 1.800000 1.833333 1.866667 1.900000 1.933333 1.966667 2.000000 2.033333 2.066667 2.100000</float_array>
        <technique_common>
          <accessor source="#mixamorig_RightHand-Matrix-animation-input-array" count="64">
            <param name="TIME" type="float"/>
          </accessor>
        </technique_common>
      </source>
      <source id="mixamorig_RightHand-Matrix-animation-output-transform">
        <float_array id="mixamorig_RightHand-Matrix-animation-output-transform-array" count="1024">

0.963666 0.222514 0.147769 0.000000 -0.255490 0.929248 0.266876 23.865299 -0.077930 -0.294932 0.952335 -0.000000 0.000000 0.000000 0.000000 1.000000
0.963880 0.221302 0.148194 -0.000000 -0.254348 0.929908 0.265664 23.865299 -0.079015 -0.293761 0.952607 0.000000 0.000000 0.000000 0.000000 1.000000
0.964223 0.220256 0.147516 0.000000 -0.253048 0.930569 0.264590 23.865299 -0.078996 -0.292452 0.953012 -0.000000 0.000000 0.000000 0.000000 1.000000
0.964710 0.219380 0.145623 0.000000 -0.251566 0.931240 0.263643 23.865299 -0.077772 -0.290973 0.953565 -0.000000 0.000000 0.000000 0.000000 1.000000
0.965330 0.218632 0.142614 0.000000 -0.249901 0.931895 0.262910 23.865299 -0.075421 -0.289434 0.954222 0.000000 0.000000 0.000000 0.000000 1.000000
0.965966 0.218038 0.139173 0.000000 -0.248279 0.932487 0.262345 23.865299 -0.072576 -0.287970 0.954885 0.000000 0.000000 0.000000 0.000000 1.000000
0.966597 0.217398 0.135747 0.000000 -0.246645 0.933001 0.262058 23.865299 -0.069681 -0.286786 0.955457 0.000000 0.000000 0.000000 0.000000 1.000000
0.967155 0.216877 0.132574 0.000000 -0.245222 0.933389 0.262013 23.865299 -0.066919 -0.285917 0.955915 -0.000000 0.000000 0.000000 0.000000 1.000000
0.967741 0.216476 0.128899 0.000000 -0.243778 0.933755 0.262056 23.865299 -0.063632 -0.285025 0.956406 0.000000 0.000000 0.000000 0.000000 1.000000
0.968347 0.216309 0.124556 0.000000 -0.242387 0.934048 0.262304 23.865299 -0.059603 -0.284192 0.956913 -0.000000 0.000000 0.000000 0.000000 1.000000
0.968896 0.216322 0.120190 0.000000 -0.241167 0.934284 0.262588 23.865299 -0.055489 -0.283406 0.957393 0.000000 0.000000 0.000000 0.000000 1.000000
0.969373 0.216287 0.116342 -0.000000 -0.240065 0.934427 0.263087 23.865299 -0.051811 -0.282959 0.957732 0.000000 0.000000 0.000000 0.000000 1.000000
0.969692 0.216437 0.113369 0.000000 -0.239399 0.934405 0.263772 23.865299 -0.048842 -0.282918 0.957900 0.000000 0.000000 0.000000 0.000000 1.000000
0.969890 0.216861 0.110835 0.000000 -0.239122 0.934272 0.264495 23.865299 -0.046192 -0.283034 0.957997 0.000000 0.000000 0.000000 0.000000 1.000000
0.969976 0.217489 0.108839 0.000000 -0.239193 0.934051 0.265210 23.865299 -0.043981 -0.283281 0.958028 0.000000 0.000000 0.000000 0.000000 1.000000
0.969957 0.218145 0.107688 -0.000000 -0.239534 0.933727 0.266042 23.865299 -0.042515 -0.283844 0.957928 0.000000 0.000000 0.000000 0.000000 1.000000
0.969798 0.218940 0.107501 0.000000 -0.240284 0.933287 0.266905 23.865299 -0.041893 -0.284675 0.957708 0.000000 0.000000 0.000000 0.000000 1.000000
0.969589 0.219829 0.107575 0.000000 -0.241198 0.932800 0.267783 23.865299 -0.041480 -0.285587 0.957455 0.000000 0.000000 0.000000 0.000000 1.000000
0.969359 0.220923 0.107406 -0.000000 -0.242238 0.932292 0.268614 23.865299 -0.040791 -0.286401 0.957241 0.000000 0.000000 0.000000 0.000000 1.000000
0.969138 0.222248 0.106666 0.000000 -0.243330 0.931791 0.269362 23.865299 -0.039525 -0.287004 0.957114 0.000000 0.000000 0.000000 0.000000 1.000000
0.968863 0.223813 0.105885 0.000000 -0.244649 0.931160 0.270349 23.865299 -0.038088 -0.287836 0.956922 0.000000 0.000000 0.000000 0.000000 1.000000
0.968476 0.225574 0.105694 0.000000 -0.246338 0.930326 0.271681 23.865299 -0.037045 -0.289153 0.956566 0.000000 0.000000 0.000000 0.000000 1.000000
0.967969 0.227385 0.106451 -0.000000 -0.248362 0.929300 0.273345 23.865299 -0.036770 -0.291028 0.956008 0.000000 0.000000 0.000000 0.000000 1.000000
0.967354 0.229272 0.107986 -0.000000 -0.250695 0.928129 0.275187 23.865299 -0.037132 -0.293275 0.955307 0.000000 0.000000 0.000000 0.000000 1.000000
0.966696 0.231274 0.109593 0.000000 -0.253164 0.926897 0.277075 23.865299 -0.037501 -0.295593 0.954578 -0.000000 0.000000 0.000000 0.000000 1.000000
0.966006 0.233412 0.111141 0.000000 -0.255748 0.925623 0.278954 23.865299 -0.037763 -0.297895 0.953851 0.000000 0.000000 0.000000 0.000000 1.000000
0.965207 0.235767 0.113093 0.000000 -0.258668 0.924228 0.280881 23.865299 -0.038301 -0.300362 0.953056 0.000000 0.000000 0.000000 0.000000 1.000000
0.964398 0.238297 0.114677 0.000000 -0.261643 0.922832 0.282708 23.865299 -0.038460 -0.302648 0.952326 0.000000 0.000000 0.000000 0.000000 1.000000
0.963630 0.241260 0.114942 0.000000 -0.264622 0.921484 0.284329 23.865299 -0.037320 -0.304404 0.951812 0.000000 0.000000 0.000000 0.000000 1.000000
0.962913 0.244621 0.113836 0.000000 -0.267548 0.920220 0.285680 23.865299 -0.034871 -0.305542 0.951540 0.000000 0.000000 0.000000 0.000000 1.000000
0.962174 0.248134 0.112477 0.000000 -0.270533 0.918939 0.286990 23.865299 -0.032148 -0.306563 0.951307 0.000000 0.000000 0.000000 0.000000 1.000000
0.961394 0.251546 0.111562 0.000000 -0.273551 0.917640 0.288284 23.865299 -0.029857 -0.307672 0.951024 -0.000000 0.000000 0.000000 0.000000 1.000000
0.960573 0.254777 0.111298 -0.000000 -0.276594 0.916296 0.289652 23.865299 -0.028186 -0.309016 0.950639 0.000000 0.000000 0.000000 0.000000 1.000000
0.959737 0.257779 0.111603 -0.000000 -0.279590 0.914963 0.290985 23.865299 -0.027103 -0.310472 0.950196 0.000000 0.000000 0.000000 0.000000 1.000000
0.958895 0.260641 0.112192 0.000000 -0.282539 0.913642 0.292284 23.865299 -0.026322 -0.311968 0.949728 0.000000 0.000000 0.000000 0.000000 1.000000
0.958086 0.263466 0.112501 -0.000000 -0.285357 0.912400 0.293424 23.865299 -0.025339 -0.313228 0.949340 0.000000 0.000000 0.000000 0.000000 1.000000
0.957355 0.266203 0.112282 0.000000 -0.287920 0.911279 0.294403 23.865299 -0.023949 -0.314176 0.949063 0.000000 0.000000 0.000000 0.000000 1.000000
0.956729 0.268768 0.111502 0.000000 -0.290135 0.910303 0.295247 23.865299 -0.022148 -0.314822 0.948892 0.000000 0.000000 0.000000 0.000000 1.000000
0.956210 0.271135 0.110217 0.000000 -0.291997 0.909468 0.295982 23.865299 -0.019988 -0.315204 0.948813 -0.000000 0.000000 0.000000 0.000000 1.000000
0.955770 0.273197 0.108936 0.000000 -0.293565 0.908777 0.296554 23.865299 -0.017981 -0.315417 0.948783 -0.000000 0.000000 0.000000 0.000000 1.000000
0.955376 0.274752 0.108485 0.000000 -0.294909 0.908188 0.297023 23.865299 -0.016918 -0.315761 0.948688 0.000000 0.000000 0.000000 0.000000 1.000000
0.954998 0.275720 0.109346 0.000000 -0.296109 0.907676 0.297394 23.865299 -0.017253 -0.316389 0.948472 0.000000 0.000000 0.000000 0.000000 1.000000
0.954655 0.276137 0.111276 0.000000 -0.297121 0.907289 0.297567 23.865299 -0.018790 -0.317136 0.948194 0.000000 0.000000 0.000000 0.000000 1.000000
0.954357 0.276180 0.113701 0.000000 -0.297937 0.906977 0.297701 23.865299 -0.020905 -0.317989 0.947864 0.000000 0.000000 0.000000 0.000000 1.000000
0.954151 0.275954 0.115952 0.000000 -0.298441 0.906801 0.297734 23.865299 -0.022984 -0.318688 0.947581 0.000000 0.000000 0.000000 0.000000 1.000000
0.954059 0.275448 0.117899 0.000000 -0.298578 0.906829 0.297510 23.865299 -0.024965 -0.319044 0.947411 0.000000 0.000000 0.000000 0.000000 1.000000
0.954092 0.274613 0.119568 0.000000 -0.298300 0.907133 0.296862 23.865299 -0.026942 -0.318901 0.947405 0.000000 0.000000 0.000000 0.000000 1.000000
0.954260 0.273499 0.120776 -0.000000 -0.297597 0.907695 0.295846 23.865299 -0.028714 -0.318257 0.947570 -0.000000 0.000000 0.000000 0.000000 1.000000
0.954578 0.272046 0.121537 -0.000000 -0.296418 0.908494 0.294576 23.865299 -0.030278 -0.317222 0.947868 0.000000 0.000000 0.000000 0.000000 1.000000
0.954992 0.270015 0.122807 0.000000 -0.294843 0.909446 0.293216 23.865299 -0.032513 -0.316228 0.948126 0.000000 0.000000 0.000000 0.000000 1.000000
0.955415 0.267165 0.125716 0.000000 -0.293005 0.910458 0.291916 23.865299 -0.036469 -0.315737 0.948146 0.000000 0.000000 0.000000 0.000000 1.000000
0.955810 0.263615 0.130128 -0.000000 -0.290973 0.911487 0.290733 23.865299 -0.041968 -0.315749 0.947914 -0.000000 0.000000 0.000000 0.000000 1.000000
0.956285 0.259863 0.134128 0.000000 -0.288599 0.912677 0.289363 23.865299 -0.047221 -0.315422 0.947776 0.000000 0.000000 0.000000 0.000000 1.000000
0.956951 0.256408 0.136013 -0.000000 -0.285809 0.914096 0.287648 23.865299 -0.050574 -0.314139 0.948029 0.000000 0.000000 0.000000 0.000000 1.000000
0.957785 0.253188 0.136173 0.000000 -0.282674 0.915696 0.285650 23.865299 -0.052370 -0.312084 0.948610 0.000000 0.000000 0.000000 0.000000 1.000000
0.958640 0.249861 0.136305 0.000000 -0.279420 0.917320 0.283635 23.865299 -0.054166 -0.309990 0.949196 0.000000 0.000000 0.000000 0.000000 1.000000
0.959426 0.246240 0.137359 0.000000 -0.276170 0.918892 0.281721 23.865299 -0.056847 -0.308225 0.949613 -0.000000 0.000000 0.000000 0.000000 1.000000
0.960138 0.242389 0.139219 -0.000000 -0.272944 0.920417 0.279882 23.865299 -0.060300 -0.306724 0.949886 0.000000 0.000000 0.000000 0.000000 1.000000
0.960817 0.238565 0.141129 0.000000 -0.269743 0.921930 0.278001 23.865299 -0.063790 -0.305177 0.950157 0.000000 0.000000 0.000000 0.000000 1.000000
0.961501 0.234991 0.142458 0.000000 -0.266587 0.923433 0.276048 23.865299 -0.066682 -0.303398 0.950528 0.000000 0.000000 0.000000 0.000000 1.000000
0.962163 0.231733 0.143324 0.000000 -0.263581 0.924882 0.274078 23.865299 -0.069045 -0.301485 0.950968 0.000000 0.000000 0.000000 0.000000 1.000000
0.962739 0.228706 0.144315 -0.000000 -0.260838 0.926190 0.272277 23.865299 -0.071392 -0.299774 0.951335 0.000000 0.000000 0.000000 0.000000 1.000000
0.963197 0.225866 0.145728 -0.000000 -0.258392 0.927413 0.270442 23.865299 -0.074067 -0.298144 0.951643 -0.000000 0.000000 0.000000 0.000000 1.000000
0.963748 0.222177 0.147742 -0.000000 -0.255165 0.929306 0.266984 23.865299 -0.077980 -0.295004 0.952309 0.000000 0.000000 0.000000 0.000000 1.000000</float_array>
        <technique_common>
          <accessor source="#mixamorig_RightHand-Matrix-animation-output-transform-array" count="64" stride="16">
            <param type="float4x4"/>
          </accessor>
        </technique_common>
      </source>
      <source id="mixamorig_RightHand-Interpolations">
        <Name_array id="mixamorig_RightHand-Interpolations-array" count="64">
 LINEAR LINEAR LINEAR LINEAR LINEAR LINEAR LINEAR LINEAR LINEAR LINEAR LINEAR
LINEAR LINEAR LINEAR LINEAR LINEAR LINEAR LINEAR LINEAR LINEAR LINEAR LINEAR LINEAR
LINEAR LINEAR LINEAR LINEAR LINEAR LINEAR LINEAR LINEAR LINEAR LINEAR LINEAR LINEAR
LINEAR LINEAR LINEAR LINEAR LINEAR LINEAR LINEAR LINEAR LINEAR LINEAR LINEAR LINEAR
LINEAR LINEAR LINEAR LINEAR LINEAR LINEAR LINEAR LINEAR LINEAR LINEAR LINEAR LINEAR
LINEAR LINEAR LINEAR LINEAR LINEAR</Name_array>
        <technique_common>
          <accessor source="#mixamorig_RightHand-Interpolations-array" count="64">
            <param type="name"/>
          </accessor>
        </technique_common>
      </source>
      <sampler id="mixamorig_RightHand-Matrix-animation-transform">
        <input semantic="INPUT" source="#mixamorig_RightHand-Matrix-animation-input"/>
        <input semantic="OUTPUT" source="#mixamorig_RightHand-Matrix-animation-output-transform"/>
        <input semantic="INTERPOLATION" source="#mixamorig_RightHand-Interpolations"/>
      </sampler>
      <channel source="#mixamorig_RightHand-Matrix-animation-transform" target="mixamorig_RightHand/matrix"/>
    </animation>
    <animation id="mixamorig_RightHandThumb1-anim" name="mixamorig_RightHandThumb1">
      <source id="mixamorig_RightHandThumb1-Matrix-animation-input">
        <float_array id="mixamorig_RightHandThumb1-Matrix-animation-input-array" count="64">

0.000000 0.033333 0.066667 0.100000 0.133333 0.166667 0.200000 0.233333 0.266667 0.300000 0.333333 0.366667 0.400000 0.433333 0.466667 0.500000
0.533333 0.566667 0.600000 0.633333 0.666667 0.700000 0.733333 0.766667 0.800000 0.833333 0.866667 0.900000 0.933333 0.966667 1.000000 1.033333
1.066667 1.100000 1.133333 1.166667 1.200000 1.233333 1.266667 1.300000 1.333333 1.366667 1.400000 1.433333 1.466667 1.500000 1.533333 1.566667
1.600000 1.633333 1.666667 1.700000 1.733333 1.766667 1.800000 1.833333 1.866667 1.900000 1.933333 1.966667 2.000000 2.033333 2.066667 2.100000</float_array>
        <technique_common>
          <accessor source="#mixamorig_RightHandThumb1-Matrix-animation-input-array" count="64">
            <param name="TIME" type="float"/>
          </accessor>
        </technique_common>
      </source>
      <source id="mixamorig_RightHandThumb1-Matrix-animation-output-transform">
        <float_array id="mixamorig_RightHandThumb1-Matrix-animation-output-transform-array" count="1024">

0.854819 0.283701 -0.434508 3.107300 -0.437537 0.844238 -0.309554 4.377200 0.279007 0.454727 0.845801 2.079000 0.000000 0.000000 0.000000 1.000000
0.854819 0.283701 -0.434509 3.107300 -0.437537 0.844238 -0.309553 4.377200 0.279008 0.454726 0.845801 2.079000 0.000000 0.000000 0.000000 1.000000
0.854819 0.283701 -0.434509 3.107300 -0.437537 0.844238 -0.309554 4.377200 0.279008 0.454727 0.845800 2.079000 0.000000 0.000000 0.000000 1.000000
0.854819 0.283701 -0.434509 3.107300 -0.437537 0.844238 -0.309554 4.377200 0.279008 0.454726 0.845800 2.079000 0.000000 0.000000 0.000000 1.000000
0.854819 0.283701 -0.434508 3.107300 -0.437537 0.844238 -0.309554 4.377200 0.279007 0.454726 0.845801 2.079000 0.000000 0.000000 0.000000 1.000000
0.854819 0.283701 -0.434508 3.107300 -0.437537 0.844238 -0.309554 4.377200 0.279008 0.454726 0.845801 2.079000 0.000000 0.000000 0.000000 1.000000
0.854819 0.283701 -0.434509 3.107300 -0.437537 0.844238 -0.309554 4.377200 0.279008 0.454726 0.845801 2.079000 0.000000 0.000000 0.000000 1.000000
0.854819 0.283701 -0.434509 3.107300 -0.437537 0.844238 -0.309554 4.377200 0.279008 0.454726 0.845800 2.079000 0.000000 0.000000 0.000000 1.000000
0.854819 0.283701 -0.434508 3.107300 -0.437537 0.844238 -0.309554 4.377200 0.279007 0.454727 0.845800 2.079000 0.000000 0.000000 0.000000 1.000000
0.854819 0.283701 -0.434509 3.107300 -0.437537 0.844238 -0.309554 4.377200 0.279008 0.454726 0.845801 2.079000 0.000000 0.000000 0.000000 1.000000
0.854819 0.283701 -0.434508 3.107300 -0.437537 0.844238 -0.309554 4.377200 0.279008 0.454726 0.845801 2.079000 0.000000 0.000000 0.000000 1.000000
0.854819 0.283701 -0.434508 3.107300 -0.437537 0.844238 -0.309554 4.377200 0.279008 0.454726 0.845801 2.079000 0.000000 0.000000 0.000000 1.000000
0.854819 0.283701 -0.434509 3.107300 -0.437537 0.844238 -0.309554 4.377200 0.279008 0.454726 0.845801 2.079000 0.000000 0.000000 0.000000 1.000000
0.854819 0.283701 -0.434509 3.107300 -0.437537 0.844238 -0.309554 4.377200 0.279008 0.454726 0.845801 2.079000 0.000000 0.000000 0.000000 1.000000
0.854819 0.283701 -0.434509 3.107300 -0.437537 0.844238 -0.309554 4.377200 0.279008 0.454726 0.845801 2.079000 0.000000 0.000000 0.000000 1.000000
0.854819 0.283701 -0.434509 3.107300 -0.437537 0.844238 -0.309554 4.377200 0.279008 0.454726 0.845801 2.079000 0.000000 0.000000 0.000000 1.000000
0.854819 0.283701 -0.434509 3.107300 -0.437537 0.844238 -0.309554 4.377200 0.279008 0.454726 0.845801 2.079000 0.000000 0.000000 0.000000 1.000000
0.854819 0.283701 -0.434509 3.107300 -0.437537 0.844238 -0.309554 4.377200 0.279008 0.454726 0.845801 2.079000 0.000000 0.000000 0.000000 1.000000
0.854819 0.283701 -0.434509 3.107300 -0.437537 0.844238 -0.309554 4.377200 0.279008 0.454727 0.845800 2.079000 0.000000 0.000000 0.000000 1.000000
0.854819 0.283701 -0.434509 3.107300 -0.437537 0.844238 -0.309554 4.377200 0.279008 0.454727 0.845800 2.079000 0.000000 0.000000 0.000000 1.000000
0.854819 0.283701 -0.434508 3.107300 -0.437537 0.844238 -0.309554 4.377200 0.279007 0.454726 0.845801 2.079000 0.000000 0.000000 0.000000 1.000000
0.854819 0.283701 -0.434509 3.107300 -0.437537 0.844238 -0.309554 4.377200 0.279008 0.454726 0.845800 2.079000 0.000000 0.000000 0.000000 1.000000
0.854819 0.283700 -0.434509 3.107300 -0.437537 0.844238 -0.309554 4.377200 0.279008 0.454727 0.845800 2.079000 0.000000 0.000000 0.000000 1.000000
0.854819 0.283702 -0.434508 3.107300 -0.437537 0.844238 -0.309553 4.377200 0.279008 0.454726 0.845801 2.079000 0.000000 0.000000 0.000000 1.000000
0.854819 0.283701 -0.434508 3.107300 -0.437537 0.844238 -0.309554 4.377200 0.279007 0.454726 0.845801 2.079000 0.000000 0.000000 0.000000 1.000000
0.854819 0.283701 -0.434509 3.107300 -0.437537 0.844238 -0.309554 4.377200 0.279008 0.454726 0.845801 2.079000 0.000000 0.000000 0.000000 1.000000
0.854819 0.283701 -0.434508 3.107300 -0.437537 0.844238 -0.309554 4.377200 0.279008 0.454726 0.845801 2.079000 0.000000 0.000000 0.000000 1.000000
0.854819 0.283701 -0.434508 3.107300 -0.437537 0.844238 -0.309554 4.377200 0.279008 0.454726 0.845801 2.079000 0.000000 0.000000 0.000000 1.000000
0.854819 0.283701 -0.434509 3.107300 -0.437537 0.844238 -0.309554 4.377200 0.279008 0.454727 0.845800 2.079000 0.000000 0.000000 0.000000 1.000000
0.854819 0.283702 -0.434509 3.107300 -0.437538 0.844237 -0.309554 4.377200 0.279007 0.454727 0.845800 2.079000 0.000000 0.000000 0.000000 1.000000
0.854819 0.283701 -0.434509 3.107300 -0.437537 0.844238 -0.309554 4.377200 0.279008 0.454727 0.845800 2.079000 0.000000 0.000000 0.000000 1.000000
0.854819 0.283701 -0.434509 3.107300 -0.437537 0.844238 -0.309554 4.377200 0.279008 0.454727 0.845800 2.079000 0.000000 0.000000 0.000000 1.000000
0.854820 0.283701 -0.434508 3.107300 -0.437537 0.844238 -0.309554 4.377200 0.279007 0.454726 0.845801 2.079000 0.000000 0.000000 0.000000 1.000000
0.854819 0.283701 -0.434509 3.107300 -0.437537 0.844238 -0.309554 4.377200 0.279008 0.454727 0.845800 2.079000 0.000000 0.000000 0.000000 1.000000
0.854819 0.283701 -0.434508 3.107300 -0.437537 0.844238 -0.309554 4.377200 0.279007 0.454726 0.845801 2.079000 0.000000 0.000000 0.000000 1.000000
0.854819 0.283701 -0.434508 3.107300 -0.437537 0.844238 -0.309554 4.377200 0.279008 0.454726 0.845801 2.079000 0.000000 0.000000 0.000000 1.000000
0.854819 0.283701 -0.434508 3.107300 -0.437537 0.844238 -0.309554 4.377200 0.279007 0.454727 0.845801 2.079000 0.000000 0.000000 0.000000 1.000000
0.854819 0.283701 -0.434509 3.107300 -0.437537 0.844238 -0.309554 4.377200 0.279008 0.454726 0.845800 2.079000 0.000000 0.000000 0.000000 1.000000
0.854819 0.283701 -0.434509 3.107300 -0.437537 0.844238 -0.309554 4.377200 0.279008 0.454727 0.845800 2.079000 0.000000 0.000000 0.000000 1.000000
0.854819 0.283701 -0.434509 3.107300 -0.437537 0.844238 -0.309554 4.377200 0.279008 0.454726 0.845801 2.079000 0.000000 0.000000 0.000000 1.000000
0.854819 0.283701 -0.434508 3.107300 -0.437537 0.844238 -0.309554 4.377200 0.279008 0.454727 0.845800 2.079000 0.000000 0.000000 0.000000 1.000000
0.854819 0.283701 -0.434508 3.107300 -0.437537 0.844238 -0.309554 4.377200 0.279008 0.454727 0.845801 2.079000 0.000000 0.000000 0.000000 1.000000
0.854819 0.283701 -0.434508 3.107300 -0.437537 0.844238 -0.309554 4.377200 0.279008 0.454726 0.845801 2.079000 0.000000 0.000000 0.000000 1.000000
0.854819 0.283701 -0.434508 3.107300 -0.437537 0.844238 -0.309554 4.377200 0.279007 0.454726 0.845801 2.079000 0.000000 0.000000 0.000000 1.000000
0.854819 0.283701 -0.434509 3.107300 -0.437537 0.844238 -0.309554 4.377200 0.279008 0.454727 0.845800 2.079000 0.000000 0.000000 0.000000 1.000000
0.854819 0.283701 -0.434509 3.107300 -0.437537 0.844238 -0.309555 4.377200 0.279008 0.454727 0.845800 2.079000 0.000000 0.000000 0.000000 1.000000
0.854819 0.283701 -0.434509 3.107300 -0.437537 0.844238 -0.309554 4.377200 0.279008 0.454727 0.845800 2.079000 0.000000 0.000000 0.000000 1.000000
0.854819 0.283701 -0.434509 3.107300 -0.437537 0.844238 -0.309555 4.377200 0.279008 0.454727 0.845800 2.079000 0.000000 0.000000 0.000000 1.000000
0.854819 0.283701 -0.434509 3.107300 -0.437538 0.844238 -0.309554 4.377200 0.279008 0.454727 0.845800 2.079000 0.000000 0.000000 0.000000 1.000000
0.854819 0.283701 -0.434508 3.107300 -0.437537 0.844238 -0.309554 4.377200 0.279007 0.454726 0.845801 2.079000 0.000000 0.000000 0.000000 1.000000
0.854819 0.283701 -0.434509 3.107300 -0.437537 0.844238 -0.309554 4.377200 0.279008 0.454727 0.845800 2.079000 0.000000 0.000000 0.000000 1.000000
0.854819 0.283701 -0.434509 3.107300 -0.437537 0.844238 -0.309554 4.377200 0.279008 0.454726 0.845801 2.079000 0.000000 0.000000 0.000000 1.000000
0.854819 0.283701 -0.434508 3.107300 -0.437537 0.844238 -0.309554 4.377200 0.279008 0.454726 0.845801 2.079000 0.000000 0.000000 0.000000 1.000000
0.854819 0.283701 -0.434509 3.107300 -0.437537 0.844238 -0.309554 4.377200 0.279008 0.454727 0.845800 2.079000 0.000000 0.000000 0.000000 1.000000
0.854819 0.283701 -0.434508 3.107300 -0.437537 0.844238 -0.309554 4.377200 0.279008 0.454726 0.845801 2.079000 0.000000 0.000000 0.000000 1.000000
0.854819 0.283701 -0.434509 3.107300 -0.437537 0.844238 -0.309554 4.377200 0.279008 0.454726 0.845800 2.079000 0.000000 0.000000 0.000000 1.000000
0.854819 0.283701 -0.434509 3.107300 -0.437537 0.844238 -0.309554 4.377200 0.279008 0.454726 0.845801 2.079000 0.000000 0.000000 0.000000 1.000000
0.854819 0.283701 -0.434509 3.107300 -0.437537 0.844238 -0.309554 4.377200 0.279008 0.454726 0.845801 2.079000 0.000000 0.000000 0.000000 1.000000
0.854819 0.283701 -0.434508 3.107300 -0.437537 0.844238 -0.309554 4.377200 0.279007 0.454726 0.845801 2.079000 0.000000 0.000000 0.000000 1.000000
0.854819 0.283701 -0.434508 3.107300 -0.437537 0.844238 -0.309554 4.377200 0.279008 0.454726 0.845801 2.079000 0.000000 0.000000 0.000000 1.000000
0.854819 0.283701 -0.434508 3.107300 -0.437537 0.844238 -0.309554 4.377200 0.279007 0.454727 0.845801 2.079000 0.000000 0.000000 0.000000 1.000000
0.854819 0.283701 -0.434508 3.107300 -0.437537 0.844238 -0.309554 4.377200 0.279008 0.454726 0.845801 2.079000 0.000000 0.000000 0.000000 1.000000
0.854819 0.283701 -0.434508 3.107300 -0.437537 0.844238 -0.309554 4.377200 0.279008 0.454726 0.845801 2.079000 0.000000 0.000000 0.000000 1.000000
0.854819 0.283702 -0.434509 3.107300 -0.437537 0.844238 -0.309553 4.377200 0.279008 0.454726 0.845801 2.079000 0.000000 0.000000 0.000000 1.000000</float_array>
        <technique_common>
          <accessor source="#mixamorig_RightHandThumb1-Matrix-animation-output-transform-array" count="64" stride="16">
            <param type="float4x4"/>
          </accessor>
        </technique_common>
      </source>
      <source id="mixamorig_RightHandThumb1-Interpolations">
        <Name_array id="mixamorig_RightHandThumb1-Interpolations-array" count="64">
 LINEAR LINEAR LINEAR LINEAR LINEAR LINEAR LINEAR LINEAR LINEAR LINEAR LINEAR
LINEAR LINEAR LINEAR LINEAR LINEAR LINEAR LINEAR LINEAR LINEAR LINEAR LINEAR LINEAR
LINEAR LINEAR LINEAR LINEAR LINEAR LINEAR LINEAR LINEAR LINEAR LINEAR LINEAR LINEAR
LINEAR LINEAR LINEAR LINEAR LINEAR LINEAR LINEAR LINEAR LINEAR LINEAR LINEAR LINEAR
LINEAR LINEAR LINEAR LINEAR LINEAR LINEAR LINEAR LINEAR LINEAR LINEAR LINEAR LINEAR
LINEAR LINEAR LINEAR LINEAR LINEAR</Name_array>
        <technique_common>
          <accessor source="#mixamorig_RightHandThumb1-Interpolations-array" count="64">
            <param type="name"/>
          </accessor>
        </technique_common>
      </source>
      <sampler id="mixamorig_RightHandThumb1-Matrix-animation-transform">
        <input semantic="INPUT" source="#mixamorig_RightHandThumb1-Matrix-animation-input"/>
        <input semantic="OUTPUT" source="#mixamorig_RightHandThumb1-Matrix-animation-output-transform"/>
        <input semantic="INTERPOLATION" source="#mixamorig_RightHandThumb1-Interpolations"/>
      </sampler>
      <channel source="#mixamorig_RightHandThumb1-Matrix-animation-transform" target="mixamorig_RightHandThumb1/matrix"/>
    </animation>
    <animation id="mixamorig_RightHandThumb2-anim" name="mixamorig_RightHandThumb2">
      <source id="mixamorig_RightHandThumb2-Matrix-animation-input">
        <float_array id="mixamorig_RightHandThumb2-Matrix-animation-input-array" count="64">

0.000000 0.033333 0.066667 0.100000 0.133333 0.166667 0.200000 0.233333 0.266667 0.300000 0.333333 0.366667 0.400000 0.433333 0.466667 0.500000
0.533333 0.566667 0.600000 0.633333 0.666667 0.700000 0.733333 0.766667 0.800000 0.833333 0.866667 0.900000 0.933333 0.966667 1.000000 1.033333
1.066667 1.100000 1.133333 1.166667 1.200000 1.233333 1.266667 1.300000 1.333333 1.366667 1.400000 1.433333 1.466667 1.500000 1.533333 1.566667
1.600000 1.633333 1.666667 1.700000 1.733333 1.766667 1.800000 1.833333 1.866667 1.900000 1.933333 1.966667 2.000000 2.033333 2.066667 2.100000</float_array>
        <technique_common>
          <accessor source="#mixamorig_RightHandThumb2-Matrix-animation-input-array" count="64">
            <param name="TIME" type="float"/>
          </accessor>
        </technique_common>
      </source>
      <source id="mixamorig_RightHandThumb2-Matrix-animation-output-transform">
        <float_array id="mixamorig_RightHandThumb2-Matrix-animation-output-transform-array" count="1024">

0.925677 -0.377047 0.030944 0.000000 0.377466 0.925981 -0.008848 4.021500 -0.025317 0.019870 0.999482 0.000000 0.000000 0.000000 0.000000 1.000000
0.925677 -0.377047 0.030943 0.000000 0.377466 0.925981 -0.008848 4.021500 -0.025317 0.019870 0.999482 0.000000 0.000000 0.000000 0.000000 1.000000
0.925677 -0.377047 0.030943 -0.000000 0.377466 0.925981 -0.008847 4.021500 -0.025317 0.019870 0.999482 0.000000 0.000000 0.000000 0.000000 1.000000
0.925677 -0.377046 0.030943 -0.000000 0.377466 0.925981 -0.008847 4.021500 -0.025317 0.019869 0.999482 0.000000 0.000000 0.000000 0.000000 1.000000
0.925677 -0.377047 0.030943 0.000000 0.377466 0.925981 -0.008847 4.021500 -0.025317 0.019870 0.999482 0.000000 0.000000 0.000000 0.000000 1.000000
0.925677 -0.377046 0.030943 0.000000 0.377466 0.925981 -0.008847 4.021500 -0.025317 0.019869 0.999482 0.000000 0.000000 0.000000 0.000000 1.000000
0.925677 -0.377047 0.030943 0.000000 0.377466 0.925981 -0.008847 4.021500 -0.025317 0.019870 0.999482 0.000000 0.000000 0.000000 0.000000 1.000000
0.925677 -0.377048 0.030944 0.000000 0.377467 0.925981 -0.008847 4.021500 -0.025318 0.019870 0.999482 -0.000000 0.000000 0.000000 0.000000 1.000000
0.925677 -0.377047 0.030942 -0.000000 0.377466 0.925981 -0.008848 4.021500 -0.025316 0.019870 0.999482 0.000000 0.000000 0.000000 0.000000 1.000000
0.925677 -0.377046 0.030943 0.000000 0.377466 0.925981 -0.008847 4.021500 -0.025317 0.019869 0.999482 -0.000000 0.000000 0.000000 0.000000 1.000000
0.925677 -0.377046 0.030943 0.000000 0.377466 0.925981 -0.008847 4.021500 -0.025317 0.019870 0.999482 0.000000 0.000000 0.000000 0.000000 1.000000
0.925677 -0.377047 0.030943 0.000000 0.377466 0.925981 -0.008847 4.021500 -0.025317 0.019870 0.999482 0.000000 0.000000 0.000000 0.000000 1.000000
0.925677 -0.377046 0.030943 0.000000 0.377466 0.925981 -0.008847 4.021500 -0.025317 0.019869 0.999482 0.000000 0.000000 0.000000 0.000000 1.000000
0.925677 -0.377047 0.030943 0.000000 0.377467 0.925981 -0.008847 4.021500 -0.025317 0.019870 0.999482 0.000000 0.000000 0.000000 0.000000 1.000000
0.925677 -0.377047 0.030943 -0.000000 0.377466 0.925981 -0.008847 4.021500 -0.025317 0.019870 0.999482 -0.000000 0.000000 0.000000 0.000000 1.000000
0.925677 -0.377046 0.030943 0.000000 0.377466 0.925981 -0.008847 4.021500 -0.025317 0.019869 0.999482 0.000000 0.000000 0.000000 0.000000 1.000000
0.925677 -0.377046 0.030943 0.000000 0.377466 0.925981 -0.008847 4.021500 -0.025317 0.019869 0.999482 -0.000000 0.000000 0.000000 0.000000 1.000000
0.925677 -0.377046 0.030943 0.000000 0.377466 0.925981 -0.008847 4.021500 -0.025317 0.019869 0.999482 -0.000000 0.000000 0.000000 0.000000 1.000000
0.925677 -0.377047 0.030943 0.000000 0.377466 0.925981 -0.008847 4.021500 -0.025317 0.019869 0.999482 0.000000 0.000000 0.000000 0.000000 1.000000
0.925677 -0.377046 0.030943 0.000000 0.377466 0.925981 -0.008847 4.021500 -0.025317 0.019869 0.999482 -0.000000 0.000000 0.000000 0.000000 1.000000
0.925677 -0.377047 0.030943 -0.000000 0.377467 0.925981 -0.008846 4.021500 -0.025317 0.019868 0.999482 0.000000 0.000000 0.000000 0.000000 1.000000
0.925677 -0.377046 0.030943 0.000000 0.377466 0.925981 -0.008848 4.021500 -0.025317 0.019870 0.999482 0.000000 0.000000 0.000000 0.000000 1.000000
0.925677 -0.377046 0.030944 0.000000 0.377466 0.925981 -0.008847 4.021500 -0.025318 0.019870 0.999482 -0.000000 0.000000 0.000000 0.000000 1.000000
0.925677 -0.377046 0.030944 0.000000 0.377466 0.925981 -0.008847 4.021500 -0.025317 0.019870 0.999482 0.000000 0.000000 0.000000 0.000000 1.000000
0.925678 -0.377046 0.030943 0.000000 0.377465 0.925981 -0.008847 4.021500 -0.025317 0.019870 0.999482 0.000000 0.000000 0.000000 0.000000 1.000000
0.925677 -0.377046 0.030943 0.000000 0.377466 0.925981 -0.008847 4.021500 -0.025317 0.019869 0.999482 0.000000 0.000000 0.000000 0.000000 1.000000
0.925677 -0.377047 0.030943 0.000000 0.377466 0.925981 -0.008847 4.021500 -0.025317 0.019869 0.999482 0.000000 0.000000 0.000000 0.000000 1.000000
0.925677 -0.377046 0.030942 0.000000 0.377466 0.925981 -0.008847 4.021500 -0.025316 0.019869 0.999482 0.000000 0.000000 0.000000 0.000000 1.000000
0.925677 -0.377046 0.030942 0.000000 0.377466 0.925981 -0.008847 4.021500 -0.025316 0.019870 0.999482 0.000000 0.000000 0.000000 0.000000 1.000000
0.925677 -0.377046 0.030943 0.000000 0.377466 0.925981 -0.008847 4.021500 -0.025317 0.019869 0.999482 0.000000 0.000000 0.000000 0.000000 1.000000
0.925677 -0.377047 0.030943 0.000000 0.377466 0.925981 -0.008848 4.021500 -0.025317 0.019870 0.999482 -0.000000 0.000000 0.000000 0.000000 1.000000
0.925677 -0.377047 0.030943 0.000000 0.377466 0.925981 -0.008847 4.021500 -0.025317 0.019870 0.999482 0.000000 0.000000 0.000000 0.000000 1.000000
0.925677 -0.377047 0.030943 0.000000 0.377466 0.925981 -0.008847 4.021500 -0.025317 0.019869 0.999482 -0.000000 0.000000 0.000000 0.000000 1.000000
0.925677 -0.377047 0.030944 0.000000 0.377466 0.925981 -0.008847 4.021500 -0.025318 0.019869 0.999482 0.000000 0.000000 0.000000 0.000000 1.000000
0.925678 -0.377046 0.030942 0.000000 0.377466 0.925981 -0.008847 4.021500 -0.025316 0.019869 0.999482 0.000000 0.000000 0.000000 0.000000 1.000000
0.925677 -0.377046 0.030944 0.000000 0.377466 0.925981 -0.008847 4.021500 -0.025317 0.019870 0.999482 0.000000 0.000000 0.000000 0.000000 1.000000
0.925677 -0.377046 0.030943 0.000000 0.377466 0.925981 -0.008847 4.021500 -0.025317 0.019870 0.999482 0.000000 0.000000 0.000000 0.000000 1.000000
0.925677 -0.377046 0.030943 0.000000 0.377466 0.925981 -0.008847 4.021500 -0.025317 0.019869 0.999482 0.000000 0.000000 0.000000 0.000000 1.000000
0.925677 -0.377046 0.030943 0.000000 0.377466 0.925981 -0.008847 4.021500 -0.025317 0.019869 0.999482 0.000000 0.000000 0.000000 0.000000 1.000000
0.925677 -0.377046 0.030943 0.000000 0.377466 0.925981 -0.008847 4.021500 -0.025317 0.019870 0.999482 0.000000 0.000000 0.000000 0.000000 1.000000
0.925677 -0.377047 0.030943 -0.000000 0.377466 0.925981 -0.008848 4.021500 -0.025316 0.019870 0.999482 -0.000000 0.000000 0.000000 0.000000 1.000000
0.925677 -0.377047 0.030943 0.000000 0.377466 0.925981 -0.008848 4.021500 -0.025316 0.019870 0.999482 0.000000 0.000000 0.000000 0.000000 1.000000
0.925677 -0.377047 0.030943 0.000000 0.377466 0.925981 -0.008848 4.021500 -0.025317 0.019870 0.999482 0.000000 0.000000 0.000000 0.000000 1.000000
0.925677 -0.377047 0.030943 -0.000000 0.377466 0.925981 -0.008847 4.021500 -0.025317 0.019870 0.999482 0.000000 0.000000 0.000000 0.000000 1.000000
0.925677 -0.377047 0.030944 0.000000 0.377466 0.925981 -0.008847 4.021500 -0.025317 0.019870 0.999482 0.000000 0.000000 0.000000 0.000000 1.000000
0.925677 -0.377046 0.030944 -0.000000 0.377466 0.925981 -0.008847 4.021500 -0.025318 0.019869 0.999482 0.000000 0.000000 0.000000 0.000000 1.000000
0.925677 -0.377047 0.030944 0.000000 0.377466 0.925981 -0.008848 4.021500 -0.025318 0.019870 0.999482 -0.000000 0.000000 0.000000 0.000000 1.000000
0.925677 -0.377047 0.030943 -0.000000 0.377466 0.925981 -0.008847 4.021500 -0.025316 0.019870 0.999482 0.000000 0.000000 0.000000 0.000000 1.000000
0.925677 -0.377047 0.030943 0.000000 0.377466 0.925981 -0.008847 4.021500 -0.025317 0.019869 0.999482 -0.000000 0.000000 0.000000 0.000000 1.000000
0.925677 -0.377047 0.030943 0.000000 0.377467 0.925981 -0.008848 4.021500 -0.025316 0.019870 0.999482 0.000000 0.000000 0.000000 0.000000 1.000000
0.925677 -0.377047 0.030943 0.000000 0.377466 0.925981 -0.008847 4.021500 -0.025317 0.019870 0.999482 -0.000000 0.000000 0.000000 0.000000 1.000000
0.925677 -0.377047 0.030943 0.000000 0.377466 0.925981 -0.008848 4.021500 -0.025316 0.019870 0.999482 0.000000 0.000000 0.000000 0.000000 1.000000
0.925677 -0.377047 0.030943 0.000000 0.377466 0.925981 -0.008848 4.021500 -0.025317 0.019870 0.999482 0.000000 0.000000 0.000000 0.000000 1.000000
0.925677 -0.377046 0.030944 -0.000000 0.377466 0.925981 -0.008847 4.021500 -0.025318 0.019869 0.999482 0.000000 0.000000 0.000000 0.000000 1.000000
0.925677 -0.377047 0.030944 0.000000 0.377466 0.925981 -0.008847 4.021500 -0.025317 0.019870 0.999482 0.000000 0.000000 0.000000 0.000000 1.000000
0.925677 -0.377047 0.030943 0.000000 0.377466 0.925981 -0.008847 4.021500 -0.025317 0.019869 0.999482 0.000000 0.000000 0.000000 0.000000 1.000000
0.925677 -0.377047 0.030943 0.000000 0.377466 0.925981 -0.008847 4.021500 -0.025317 0.019870 0.999482 0.000000 0.000000 0.000000 0.000000 1.000000
0.925677 -0.377046 0.030943 0.000000 0.377466 0.925981 -0.008847 4.021500 -0.025317 0.019870 0.999482 0.000000 0.000000 0.000000 0.000000 1.000000
0.925677 -0.377046 0.030943 0.000000 0.377466 0.925981 -0.008847 4.021500 -0.025317 0.019870 0.999482 0.000000 0.000000 0.000000 0.000000 1.000000
0.925677 -0.377047 0.030944 0.000000 0.377466 0.925981 -0.008848 4.021500 -0.025317 0.019870 0.999482 -0.000000 0.000000 0.000000 0.000000 1.000000
0.925677 -0.377047 0.030944 0.000000 0.377466 0.925981 -0.008847 4.021500 -0.025318 0.019869 0.999482 0.000000 0.000000 0.000000 0.000000 1.000000
0.925677 -0.377046 0.030943 0.000000 0.377466 0.925981 -0.008847 4.021500 -0.025317 0.019870 0.999482 -0.000000 0.000000 0.000000 0.000000 1.000000
0.925677 -0.377046 0.030943 -0.000000 0.377466 0.925981 -0.008847 4.021500 -0.025317 0.019869 0.999482 -0.000000 0.000000 0.000000 0.000000 1.000000
0.925677 -0.377046 0.030943 0.000000 0.377466 0.925981 -0.008847 4.021500 -0.025317 0.019869 0.999482 0.000000 0.000000 0.000000 0.000000 1.000000</float_array>
        <technique_common>
          <accessor source="#mixamorig_RightHandThumb2-Matrix-animation-output-transform-array" count="64" stride="16">
            <param type="float4x4"/>
          </accessor>
        </technique_common>
      </source>
      <source id="mixamorig_RightHandThumb2-Interpolations">
        <Name_array id="mixamorig_RightHandThumb2-Interpolations-array" count="64">
 LINEAR LINEAR LINEAR LINEAR LINEAR LINEAR LINEAR LINEAR LINEAR LINEAR LINEAR
LINEAR LINEAR LINEAR LINEAR LINEAR LINEAR LINEAR LINEAR LINEAR LINEAR LINEAR LINEAR
LINEAR LINEAR LINEAR LINEAR LINEAR LINEAR LINEAR LINEAR LINEAR LINEAR LINEAR LINEAR
LINEAR LINEAR LINEAR LINEAR LINEAR LINEAR LINEAR LINEAR LINEAR LINEAR LINEAR LINEAR
LINEAR LINEAR LINEAR LINEAR LINEAR LINEAR LINEAR LINEAR LINEAR LINEAR LINEAR LINEAR
LINEAR LINEAR LINEAR LINEAR LINEAR</Name_array>
        <technique_common>
          <accessor source="#mixamorig_RightHandThumb2-Interpolations-array" count="64">
            <param type="name"/>
          </accessor>
        </technique_common>
      </source>
      <sampler id="mixamorig_RightHandThumb2-Matrix-animation-transform">
        <input semantic="INPUT" source="#mixamorig_RightHandThumb2-Matrix-animation-input"/>
        <input semantic="OUTPUT" source="#mixamorig_RightHandThumb2-Matrix-animation-output-transform"/>
        <input semantic="INTERPOLATION" source="#mixamorig_RightHandThumb2-Interpolations"/>
      </sampler>
      <channel source="#mixamorig_RightHandThumb2-Matrix-animation-transform" target="mixamorig_RightHandThumb2/matrix"/>
    </animation>
    <animation id="mixamorig_RightHandThumb3-anim" name="mixamorig_RightHandThumb3">
      <source id="mixamorig_RightHandThumb3-Matrix-animation-input">
        <float_array id="mixamorig_RightHandThumb3-Matrix-animation-input-array" count="64">

0.000000 0.033333 0.066667 0.100000 0.133333 0.166667 0.200000 0.233333 0.266667 0.300000 0.333333 0.366667 0.400000 0.433333 0.466667 0.500000
0.533333 0.566667 0.600000 0.633333 0.666667 0.700000 0.733333 0.766667 0.800000 0.833333 0.866667 0.900000 0.933333 0.966667 1.000000 1.033333
1.066667 1.100000 1.133333 1.166667 1.200000 1.233333 1.266667 1.300000 1.333333 1.366667 1.400000 1.433333 1.466667 1.500000 1.533333 1.566667
1.600000 1.633333 1.666667 1.700000 1.733333 1.766667 1.800000 1.833333 1.866667 1.900000 1.933333 1.966667 2.000000 2.033333 2.066667 2.100000</float_array>
        <technique_common>
          <accessor source="#mixamorig_RightHandThumb3-Matrix-animation-input-array" count="64">
            <param name="TIME" type="float"/>
          </accessor>
        </technique_common>
      </source>
      <source id="mixamorig_RightHandThumb3-Matrix-animation-output-transform">
        <float_array id="mixamorig_RightHandThumb3-Matrix-animation-output-transform-array" count="1024">

0.889994 -0.455865 -0.009895 0.000000 0.443558 0.860530 0.250490 3.952700 -0.105674 -0.227324 0.968069 0.000000 0.000000 0.000000 0.000000 1.000000
0.889994 -0.455865 -0.009895 -0.000000 0.443558 0.860530 0.250490 3.952700 -0.105675 -0.227323 0.968069 0.000000 0.000000 0.000000 0.000000 1.000000
0.889994 -0.455865 -0.009895 0.000000 0.443558 0.860530 0.250490 3.952700 -0.105675 -0.227324 0.968069 0.000000 0.000000 0.000000 0.000000 1.000000
0.889994 -0.455865 -0.009895 -0.000000 0.443558 0.860530 0.250490 3.952700 -0.105674 -0.227324 0.968069 0.000000 0.000000 0.000000 0.000000 1.000000
0.889994 -0.455865 -0.009895 0.000000 0.443558 0.860529 0.250491 3.952700 -0.105675 -0.227324 0.968068 0.000000 0.000000 0.000000 0.000000 1.000000
0.889994 -0.455865 -0.009895 0.000000 0.443558 0.860530 0.250490 3.952700 -0.105674 -0.227323 0.968069 -0.000000 0.000000 0.000000 0.000000 1.000000
0.889994 -0.455865 -0.009896 -0.000000 0.443558 0.860530 0.250490 3.952700 -0.105674 -0.227324 0.968069 0.000000 0.000000 0.000000 0.000000 1.000000
0.889994 -0.455865 -0.009895 -0.000000 0.443558 0.860529 0.250490 3.952700 -0.105675 -0.227324 0.968069 0.000000 0.000000 0.000000 0.000000 1.000000
0.889994 -0.455865 -0.009895 0.000000 0.443558 0.860529 0.250490 3.952700 -0.105675 -0.227324 0.968069 -0.000000 0.000000 0.000000 0.000000 1.000000
0.889994 -0.455865 -0.009895 0.000000 0.443558 0.860530 0.250490 3.952700 -0.105675 -0.227324 0.968069 0.000000 0.000000 0.000000 0.000000 1.000000
0.889994 -0.455865 -0.009895 -0.000000 0.443558 0.860530 0.250491 3.952700 -0.105675 -0.227324 0.968068 0.000000 0.000000 0.000000 0.000000 1.000000
0.889994 -0.455864 -0.009895 0.000000 0.443557 0.860530 0.250491 3.952700 -0.105675 -0.227324 0.968068 0.000000 0.000000 0.000000 0.000000 1.000000
0.889994 -0.455865 -0.009895 0.000000 0.443558 0.860529 0.250491 3.952700 -0.105675 -0.227324 0.968068 0.000000 0.000000 0.000000 0.000000 1.000000
0.889994 -0.455865 -0.009895 0.000000 0.443558 0.860530 0.250490 3.952700 -0.105675 -0.227324 0.968069 0.000000 0.000000 0.000000 0.000000 1.000000
0.889994 -0.455865 -0.009895 0.000000 0.443558 0.860530 0.250490 3.952700 -0.105674 -0.227324 0.968069 0.000000 0.000000 0.000000 0.000000 1.000000
0.889994 -0.455865 -0.009895 -0.000000 0.443558 0.860529 0.250490 3.952700 -0.105674 -0.227324 0.968069 0.000000 0.000000 0.000000 0.000000 1.000000
0.889994 -0.455865 -0.009895 -0.000000 0.443558 0.860530 0.250490 3.952700 -0.105675 -0.227324 0.968069 0.000000 0.000000 0.000000 0.000000 1.000000
0.889994 -0.455865 -0.009895 -0.000000 0.443558 0.860529 0.250490 3.952700 -0.105674 -0.227324 0.968069 0.000000 0.000000 0.000000 0.000000 1.000000
0.889994 -0.455865 -0.009896 -0.000000 0.443558 0.860529 0.250490 3.952700 -0.105674 -0.227324 0.968069 0.000000 0.000000 0.000000 0.000000 1.000000
0.889994 -0.455865 -0.009895 0.000000 0.443558 0.860529 0.250490 3.952700 -0.105674 -0.227323 0.968069 -0.000000 0.000000 0.000000 0.000000 1.000000
0.889994 -0.455864 -0.009894 0.000000 0.443557 0.860530 0.250490 3.952700 -0.105675 -0.227323 0.968069 0.000000 0.000000 0.000000 0.000000 1.000000
0.889994 -0.455865 -0.009895 -0.000000 0.443558 0.860529 0.250491 3.952700 -0.105675 -0.227324 0.968068 -0.000000 0.000000 0.000000 0.000000 1.000000
0.889994 -0.455865 -0.009895 -0.000000 0.443558 0.860530 0.250491 3.952700 -0.105675 -0.227324 0.968068 0.000000 0.000000 0.000000 0.000000 1.000000
0.889994 -0.455864 -0.009895 0.000000 0.443557 0.860530 0.250491 3.952700 -0.105675 -0.227324 0.968068 -0.000000 0.000000 0.000000 0.000000 1.000000
0.889994 -0.455865 -0.009895 -0.000000 0.443558 0.860529 0.250490 3.952700 -0.105674 -0.227324 0.968068 0.000000 0.000000 0.000000 0.000000 1.000000
0.889994 -0.455865 -0.009895 -0.000000 0.443558 0.860530 0.250490 3.952700 -0.105675 -0.227324 0.968069 0.000000 0.000000 0.000000 0.000000 1.000000
0.889994 -0.455864 -0.009895 -0.000000 0.443557 0.860530 0.250490 3.952700 -0.105674 -0.227323 0.968069 -0.000000 0.000000 0.000000 0.000000 1.000000
0.889994 -0.455865 -0.009895 0.000000 0.443558 0.860530 0.250490 3.952700 -0.105674 -0.227324 0.968069 0.000000 0.000000 0.000000 0.000000 1.000000
0.889994 -0.455865 -0.009896 -0.000000 0.443558 0.860529 0.250491 3.952700 -0.105674 -0.227324 0.968068 0.000000 0.000000 0.000000 0.000000 1.000000
0.889994 -0.455865 -0.009895 0.000000 0.443558 0.860530 0.250490 3.952700 -0.105674 -0.227324 0.968069 0.000000 0.000000 0.000000 0.000000 1.000000
0.889994 -0.455865 -0.009895 0.000000 0.443558 0.860530 0.250490 3.952700 -0.105675 -0.227324 0.968069 -0.000000 0.000000 0.000000 0.000000 1.000000
0.889994 -0.455865 -0.009895 0.000000 0.443558 0.860530 0.250491 3.952700 -0.105675 -0.227324 0.968068 -0.000000 0.000000 0.000000 0.000000 1.000000
0.889994 -0.455865 -0.009896 -0.000000 0.443558 0.860529 0.250490 3.952700 -0.105674 -0.227324 0.968069 0.000000 0.000000 0.000000 0.000000 1.000000
0.889994 -0.455865 -0.009896 0.000000 0.443558 0.860530 0.250490 3.952700 -0.105674 -0.227324 0.968069 0.000000 0.000000 0.000000 0.000000 1.000000
0.889994 -0.455865 -0.009895 0.000000 0.443558 0.860529 0.250490 3.952700 -0.105675 -0.227324 0.968068 0.000000 0.000000 0.000000 0.000000 1.000000
0.889994 -0.455865 -0.009896 -0.000000 0.443558 0.860529 0.250490 3.952700 -0.105674 -0.227324 0.968069 -0.000000 0.000000 0.000000 0.000000 1.000000
0.889994 -0.455865 -0.009895 0.000000 0.443558 0.860529 0.250490 3.952700 -0.105674 -0.227324 0.968069 0.000000 0.000000 0.000000 0.000000 1.000000
0.889994 -0.455865 -0.009895 -0.000000 0.443558 0.860530 0.250490 3.952700 -0.105674 -0.227324 0.968069 0.000000 0.000000 0.000000 0.000000 1.000000
0.889994 -0.455865 -0.009895 0.000000 0.443558 0.860530 0.250490 3.952700 -0.105674 -0.227324 0.968069 0.000000 0.000000 0.000000 0.000000 1.000000
0.889994 -0.455865 -0.009895 0.000000 0.443558 0.860530 0.250490 3.952700 -0.105675 -0.227324 0.968069 0.000000 0.000000 0.000000 0.000000 1.000000
0.889994 -0.455865 -0.009895 0.000000 0.443558 0.860529 0.250490 3.952700 -0.105675 -0.227324 0.968069 0.000000 0.000000 0.000000 0.000000 1.000000
0.889994 -0.455865 -0.009896 -0.000000 0.443558 0.860530 0.250490 3.952700 -0.105674 -0.227324 0.968069 0.000000 0.000000 0.000000 0.000000 1.000000
0.889994 -0.455865 -0.009896 0.000000 0.443558 0.860529 0.250490 3.952700 -0.105674 -0.227324 0.968069 0.000000 0.000000 0.000000 0.000000 1.000000
0.889994 -0.455865 -0.009896 -0.000000 0.443558 0.860530 0.250490 3.952700 -0.105674 -0.227324 0.968069 0.000000 0.000000 0.000000 0.000000 1.000000
0.889994 -0.455865 -0.009894 0.000000 0.443557 0.860530 0.250491 3.952700 -0.105675 -0.227324 0.968068 0.000000 0.000000 0.000000 0.000000 1.000000
0.889994 -0.455865 -0.009895 -0.000000 0.443558 0.860530 0.250490 3.952700 -0.105674 -0.227324 0.968069 0.000000 0.000000 0.000000 0.000000 1.000000
0.889994 -0.455865 -0.009896 -0.000000 0.443558 0.860529 0.250491 3.952700 -0.105674 -0.227325 0.968068 0.000000 0.000000 0.000000 0.000000 1.000000
0.889994 -0.455865 -0.009895 0.000000 0.443558 0.860529 0.250491 3.952700 -0.105675 -0.227324 0.968068 -0.000000 0.000000 0.000000 0.000000 1.000000
0.889994 -0.455865 -0.009896 0.000000 0.443558 0.860530 0.250490 3.952700 -0.105674 -0.227324 0.968068 0.000000 0.000000 0.000000 0.000000 1.000000
0.889994 -0.455865 -0.009895 0.000000 0.443558 0.860529 0.250491 3.952700 -0.105675 -0.227324 0.968068 -0.000000 0.000000 0.000000 0.000000 1.000000
0.889994 -0.455865 -0.009895 -0.000000 0.443558 0.860530 0.250490 3.952700 -0.105674 -0.227324 0.968069 -0.000000 0.000000 0.000000 0.000000 1.000000
0.889994 -0.455865 -0.009896 0.000000 0.443558 0.860529 0.250490 3.952700 -0.105674 -0.227324 0.968069 0.000000 0.000000 0.000000 0.000000 1.000000
0.889994 -0.455865 -0.009896 0.000000 0.443558 0.860530 0.250490 3.952700 -0.105674 -0.227324 0.968069 0.000000 0.000000 0.000000 0.000000 1.000000
0.889994 -0.455865 -0.009896 -0.000000 0.443558 0.860530 0.250490 3.952700 -0.105674 -0.227324 0.968069 0.000000 0.000000 0.000000 0.000000 1.000000
0.889994 -0.455865 -0.009896 0.000000 0.443558 0.860529 0.250490 3.952700 -0.105674 -0.227324 0.968068 0.000000 0.000000 0.000000 0.000000 1.000000
0.889994 -0.455865 -0.009895 0.000000 0.443558 0.860530 0.250490 3.952700 -0.105675 -0.227324 0.968069 0.000000 0.000000 0.000000 0.000000 1.000000
0.889994 -0.455865 -0.009895 0.000000 0.443558 0.860530 0.250490 3.952700 -0.105675 -0.227324 0.968069 0.000000 0.000000 0.000000 0.000000 1.000000
0.889994 -0.455865 -0.009896 -0.000000 0.443558 0.860530 0.250491 3.952700 -0.105674 -0.227325 0.968068 0.000000 0.000000 0.000000 0.000000 1.000000
0.889994 -0.455865 -0.009895 0.000000 0.443558 0.860530 0.250490 3.952700 -0.105674 -0.227324 0.968069 0.000000 0.000000 0.000000 0.000000 1.000000
0.889994 -0.455865 -0.009896 -0.000000 0.443558 0.860529 0.250490 3.952700 -0.105674 -0.227324 0.968068 0.000000 0.000000 0.000000 0.000000 1.000000
0.889994 -0.455865 -0.009896 0.000000 0.443558 0.860530 0.250490 3.952700 -0.105674 -0.227324 0.968068 0.000000 0.000000 0.000000 0.000000 1.000000
0.889994 -0.455865 -0.009894 0.000000 0.443558 0.860530 0.250490 3.952700 -0.105675 -0.227323 0.968069 0.000000 0.000000 0.000000 0.000000 1.000000
0.889994 -0.455865 -0.009896 0.000000 0.443558 0.860530 0.250491 3.952700 -0.105674 -0.227324 0.968068 0.000000 0.000000 0.000000 0.000000 1.000000
0.889994 -0.455865 -0.009895 -0.000000 0.443558 0.860529 0.250491 3.952700 -0.105675 -0.227324 0.968068 0.000000 0.000000 0.000000 0.000000 1.000000</float_array>
        <technique_common>
          <accessor source="#mixamorig_RightHandThumb3-Matrix-animation-output-transform-array" count="64" stride="16">
            <param type="float4x4"/>
          </accessor>
        </technique_common>
      </source>
      <source id="mixamorig_RightHandThumb3-Interpolations">
        <Name_array id="mixamorig_RightHandThumb3-Interpolations-array" count="64">
 LINEAR LINEAR LINEAR LINEAR LINEAR LINEAR LINEAR LINEAR LINEAR LINEAR LINEAR
LINEAR LINEAR LINEAR LINEAR LINEAR LINEAR LINEAR LINEAR LINEAR LINEAR LINEAR LINEAR
LINEAR LINEAR LINEAR LINEAR LINEAR LINEAR LINEAR LINEAR LINEAR LINEAR LINEAR LINEAR
LINEAR LINEAR LINEAR LINEAR LINEAR LINEAR LINEAR LINEAR LINEAR LINEAR LINEAR LINEAR
LINEAR LINEAR LINEAR LINEAR LINEAR LINEAR LINEAR LINEAR LINEAR LINEAR LINEAR LINEAR
LINEAR LINEAR LINEAR LINEAR LINEAR</Name_array>
        <technique_common>
          <accessor source="#mixamorig_RightHandThumb3-Interpolations-array" count="64">
            <param type="name"/>
          </accessor>
        </technique_common>
      </source>
      <sampler id="mixamorig_RightHandThumb3-Matrix-animation-transform">
        <input semantic="INPUT" source="#mixamorig_RightHandThumb3-Matrix-animation-input"/>
        <input semantic="OUTPUT" source="#mixamorig_RightHandThumb3-Matrix-animation-output-transform"/>
        <input semantic="INTERPOLATION" source="#mixamorig_RightHandThumb3-Interpolations"/>
      </sampler>
      <channel source="#mixamorig_RightHandThumb3-Matrix-animation-transform" target="mixamorig_RightHandThumb3/matrix"/>
    </animation>
    <animation id="mixamorig_RightHandIndex1-anim" name="mixamorig_RightHandIndex1">
      <source id="mixamorig_RightHandIndex1-Matrix-animation-input">
        <float_array id="mixamorig_RightHandIndex1-Matrix-animation-input-array" count="64">

0.000000 0.033333 0.066667 0.100000 0.133333 0.166667 0.200000 0.233333 0.266667 0.300000 0.333333 0.366667 0.400000 0.433333 0.466667 0.500000
0.533333 0.566667 0.600000 0.633333 0.666667 0.700000 0.733333 0.766667 0.800000 0.833333 0.866667 0.900000 0.933333 0.966667 1.000000 1.033333
1.066667 1.100000 1.133333 1.166667 1.200000 1.233333 1.266667 1.300000 1.333333 1.366667 1.400000 1.433333 1.466667 1.500000 1.533333 1.566667
1.600000 1.633333 1.666667 1.700000 1.733333 1.766667 1.800000 1.833333 1.866667 1.900000 1.933333 1.966667 2.000000 2.033333 2.066667 2.100000</float_array>
        <technique_common>
          <accessor source="#mixamorig_RightHandIndex1-Matrix-animation-input-array" count="64">
            <param name="TIME" type="float"/>
          </accessor>
        </technique_common>
      </source>
      <source id="mixamorig_RightHandIndex1-Matrix-animation-output-transform">
        <float_array id="mixamorig_RightHandIndex1-Matrix-animation-output-transform-array" count="1024">

0.994749 -0.102300 0.003000 3.728800 0.102161 0.990789 -0.088880 12.149100 0.006120 0.088720 0.996038 0.680000 0.000000 0.000000 0.000000 1.000000
0.994749 -0.102300 0.003001 3.728800 0.102161 0.990789 -0.088879 12.149100 0.006120 0.088719 0.996038 0.680000 0.000000 0.000000 0.000000 1.000000
0.994749 -0.102300 0.003000 3.728800 0.102161 0.990789 -0.088880 12.149100 0.006120 0.088720 0.996038 0.680000 0.000000 0.000000 0.000000 1.000000
0.994749 -0.102300 0.003000 3.728800 0.102161 0.990789 -0.088880 12.149100 0.006120 0.088719 0.996038 0.680000 0.000000 0.000000 0.000000 1.000000
0.994749 -0.102300 0.003000 3.728800 0.102161 0.990789 -0.088880 12.149100 0.006120 0.088719 0.996038 0.680000 0.000000 0.000000 0.000000 1.000000
0.994749 -0.102300 0.003001 3.728800 0.102161 0.990789 -0.088880 12.149100 0.006119 0.088719 0.996038 0.680000 0.000000 0.000000 0.000000 1.000000
0.994749 -0.102300 0.003000 3.728800 0.102161 0.990789 -0.088880 12.149100 0.006120 0.088719 0.996038 0.680000 0.000000 0.000000 0.000000 1.000000
0.994749 -0.102300 0.003000 3.728800 0.102161 0.990789 -0.088880 12.149100 0.006120 0.088720 0.996038 0.680000 0.000000 0.000000 0.000000 1.000000
0.994749 -0.102300 0.003000 3.728800 0.102161 0.990789 -0.088880 12.149100 0.006120 0.088720 0.996038 0.680000 0.000000 0.000000 0.000000 1.000000
0.994749 -0.102300 0.003000 3.728800 0.102161 0.990789 -0.088880 12.149100 0.006120 0.088720 0.996038 0.680000 0.000000 0.000000 0.000000 1.000000
0.994749 -0.102301 0.003000 3.728800 0.102162 0.990789 -0.088879 12.149100 0.006120 0.088719 0.996038 0.680000 0.000000 0.000000 0.000000 1.000000
0.994749 -0.102301 0.003000 3.728800 0.102162 0.990789 -0.088880 12.149100 0.006120 0.088720 0.996038 0.680000 0.000000 0.000000 0.000000 1.000000
0.994749 -0.102301 0.003001 3.728800 0.102161 0.990789 -0.088879 12.149100 0.006119 0.088719 0.996038 0.680000 0.000000 0.000000 0.000000 1.000000
0.994749 -0.102300 0.003000 3.728800 0.102161 0.990789 -0.088880 12.149100 0.006120 0.088719 0.996038 0.680000 0.000000 0.000000 0.000000 1.000000
0.994749 -0.102300 0.003001 3.728800 0.102161 0.990789 -0.088880 12.149100 0.006119 0.088719 0.996038 0.680000 0.000000 0.000000 0.000000 1.000000
0.994749 -0.102300 0.003001 3.728800 0.102161 0.990789 -0.088880 12.149100 0.006119 0.088720 0.996038 0.680000 0.000000 0.000000 0.000000 1.000000
0.994749 -0.102300 0.003001 3.728800 0.102161 0.990789 -0.088879 12.149100 0.006119 0.088719 0.996038 0.680000 0.000000 0.000000 0.000000 1.000000
0.994749 -0.102300 0.003001 3.728800 0.102161 0.990789 -0.088880 12.149100 0.006119 0.088719 0.996038 0.680000 0.000000 0.000000 0.000000 1.000000
0.994749 -0.102301 0.003000 3.728800 0.102161 0.990789 -0.088880 12.149100 0.006120 0.088720 0.996038 0.680000 0.000000 0.000000 0.000000 1.000000
0.994749 -0.102301 0.003000 3.728800 0.102162 0.990789 -0.088879 12.149100 0.006120 0.088719 0.996038 0.680000 0.000000 0.000000 0.000000 1.000000
0.994749 -0.102301 0.003001 3.728800 0.102161 0.990789 -0.088880 12.149100 0.006119 0.088719 0.996038 0.680000 0.000000 0.000000 0.000000 1.000000
0.994749 -0.102301 0.003000 3.728800 0.102161 0.990789 -0.088880 12.149100 0.006120 0.088720 0.996038 0.680000 0.000000 0.000000 0.000000 1.000000
0.994749 -0.102300 0.003001 3.728800 0.102161 0.990789 -0.088880 12.149100 0.006120 0.088720 0.996038 0.680000 0.000000 0.000000 0.000000 1.000000
0.994749 -0.102300 0.003001 3.728800 0.102161 0.990789 -0.088880 12.149100 0.006119 0.088719 0.996038 0.680000 0.000000 0.000000 0.000000 1.000000
0.994749 -0.102301 0.003001 3.728800 0.102162 0.990789 -0.088880 12.149100 0.006119 0.088720 0.996038 0.680000 0.000000 0.000000 0.000000 1.000000
0.994749 -0.102301 0.003000 3.728800 0.102161 0.990789 -0.088880 12.149100 0.006120 0.088720 0.996038 0.680000 0.000000 0.000000 0.000000 1.000000
0.994749 -0.102300 0.003001 3.728800 0.102161 0.990789 -0.088879 12.149100 0.006119 0.088719 0.996038 0.680000 0.000000 0.000000 0.000000 1.000000
0.994749 -0.102301 0.003000 3.728800 0.102162 0.990789 -0.088879 12.149100 0.006120 0.088719 0.996038 0.680000 0.000000 0.000000 0.000000 1.000000
0.994749 -0.102300 0.003000 3.728800 0.102161 0.990789 -0.088880 12.149100 0.006120 0.088720 0.996038 0.680000 0.000000 0.000000 0.000000 1.000000
0.994749 -0.102300 0.003001 3.728800 0.102161 0.990789 -0.088880 12.149100 0.006119 0.088719 0.996038 0.680000 0.000000 0.000000 0.000000 1.000000
0.994749 -0.102300 0.003000 3.728800 0.102161 0.990789 -0.088879 12.149100 0.006120 0.088719 0.996038 0.680000 0.000000 0.000000 0.000000 1.000000
0.994749 -0.102300 0.003000 3.728800 0.102161 0.990789 -0.088879 12.149100 0.006120 0.088719 0.996038 0.680000 0.000000 0.000000 0.000000 1.000000
0.994749 -0.102300 0.003001 3.728800 0.102161 0.990789 -0.088880 12.149100 0.006119 0.088720 0.996038 0.680000 0.000000 0.000000 0.000000 1.000000
0.994749 -0.102300 0.003000 3.728800 0.102161 0.990789 -0.088880 12.149100 0.006120 0.088720 0.996038 0.680000 0.000000 0.000000 0.000000 1.000000
0.994749 -0.102301 0.003001 3.728800 0.102161 0.990789 -0.088880 12.149100 0.006120 0.088720 0.996038 0.680000 0.000000 0.000000 0.000000 1.000000
0.994749 -0.102300 0.003001 3.728800 0.102161 0.990789 -0.088880 12.149100 0.006119 0.088720 0.996038 0.680000 0.000000 0.000000 0.000000 1.000000
0.994749 -0.102301 0.003001 3.728800 0.102161 0.990789 -0.088879 12.149100 0.006120 0.088719 0.996038 0.680000 0.000000 0.000000 0.000000 1.000000
0.994749 -0.102300 0.003000 3.728800 0.102161 0.990789 -0.088880 12.149100 0.006120 0.088719 0.996038 0.680000 0.000000 0.000000 0.000000 1.000000
0.994749 -0.102300 0.003000 3.728800 0.102161 0.990789 -0.088879 12.149100 0.006120 0.088719 0.996038 0.680000 0.000000 0.000000 0.000000 1.000000
0.994749 -0.102300 0.003000 3.728800 0.102161 0.990789 -0.088880 12.149100 0.006120 0.088720 0.996038 0.680000 0.000000 0.000000 0.000000 1.000000
0.994749 -0.102300 0.003001 3.728800 0.102161 0.990789 -0.088880 12.149100 0.006119 0.088719 0.996038 0.680000 0.000000 0.000000 0.000000 1.000000
0.994749 -0.102301 0.003000 3.728800 0.102162 0.990789 -0.088880 12.149100 0.006120 0.088720 0.996038 0.680000 0.000000 0.000000 0.000000 1.000000
0.994749 -0.102301 0.003000 3.728800 0.102161 0.990789 -0.088880 12.149100 0.006120 0.088720 0.996038 0.680000 0.000000 0.000000 0.000000 1.000000
0.994749 -0.102300 0.003000 3.728800 0.102161 0.990789 -0.088879 12.149100 0.006120 0.088719 0.996038 0.680000 0.000000 0.000000 0.000000 1.000000
0.994749 -0.102300 0.003001 3.728800 0.102161 0.990789 -0.088880 12.149100 0.006119 0.088720 0.996038 0.680000 0.000000 0.000000 0.000000 1.000000
0.994749 -0.102300 0.003001 3.728800 0.102161 0.990789 -0.088880 12.149100 0.006119 0.088720 0.996038 0.680000 0.000000 0.000000 0.000000 1.000000
0.994749 -0.102300 0.003000 3.728800 0.102161 0.990789 -0.088879 12.149100 0.006120 0.088719 0.996038 0.680000 0.000000 0.000000 0.000000 1.000000
0.994749 -0.102301 0.003000 3.728800 0.102162 0.990789 -0.088880 12.149100 0.006120 0.088720 0.996038 0.680000 0.000000 0.000000 0.000000 1.000000
0.994749 -0.102300 0.003000 3.728800 0.102161 0.990789 -0.088880 12.149100 0.006120 0.088720 0.996038 0.680000 0.000000 0.000000 0.000000 1.000000
0.994749 -0.102300 0.003000 3.728800 0.102161 0.990789 -0.088880 12.149100 0.006120 0.088720 0.996038 0.680000 0.000000 0.000000 0.000000 1.000000
0.994749 -0.102301 0.003001 3.728800 0.102162 0.990789 -0.088880 12.149100 0.006119 0.088719 0.996038 0.680000 0.000000 0.000000 0.000000 1.000000
0.994749 -0.102300 0.003001 3.728800 0.102161 0.990789 -0.088880 12.149100 0.006119 0.088719 0.996038 0.680000 0.000000 0.000000 0.000000 1.000000
0.994749 -0.102300 0.003000 3.728800 0.102161 0.990789 -0.088880 12.149100 0.006120 0.088719 0.996038 0.680000 0.000000 0.000000 0.000000 1.000000
0.994749 -0.102300 0.003000 3.728800 0.102161 0.990789 -0.088879 12.149100 0.006120 0.088719 0.996038 0.680000 0.000000 0.000000 0.000000 1.000000
0.994749 -0.102300 0.003000 3.728800 0.102161 0.990789 -0.088880 12.149100 0.006120 0.088719 0.996038 0.680000 0.000000 0.000000 0.000000 1.000000
0.994749 -0.102300 0.003000 3.728800 0.102161 0.990789 -0.088879 12.149100 0.006120 0.088719 0.996038 0.680000 0.000000 0.000000 0.000000 1.000000
0.994749 -0.102300 0.003001 3.728800 0.102161 0.990789 -0.088879 12.149100 0.006119 0.088719 0.996038 0.680000 0.000000 0.000000 0.000000 1.000000
0.994749 -0.102301 0.003000 3.728800 0.102161 0.990789 -0.088879 12.149100 0.006120 0.088719 0.996038 0.680000 0.000000 0.000000 0.000000 1.000000
0.994749 -0.102300 0.003000 3.728800 0.102161 0.990789 -0.088880 12.149100 0.006120 0.088719 0.996038 0.680000 0.000000 0.000000 0.000000 1.000000
0.994749 -0.102300 0.003000 3.728800 0.102161 0.990789 -0.088880 12.149100 0.006120 0.088719 0.996038 0.680000 0.000000 0.000000 0.000000 1.000000
0.994749 -0.102300 0.003001 3.728800 0.102161 0.990789 -0.088880 12.149100 0.006119 0.088720 0.996038 0.680000 0.000000 0.000000 0.000000 1.000000
0.994749 -0.102300 0.003000 3.728800 0.102161 0.990789 -0.088880 12.149100 0.006120 0.088720 0.996038 0.680000 0.000000 0.000000 0.000000 1.000000
0.994749 -0.102300 0.003000 3.728800 0.102161 0.990789 -0.088880 12.149100 0.006120 0.088719 0.996038 0.680000 0.000000 0.000000 0.000000 1.000000
0.994749 -0.102300 0.003001 3.728800 0.102161 0.990789 -0.088879 12.149100 0.006119 0.088719 0.996038 0.680000 0.000000 0.000000 0.000000 1.000000</float_array>
        <technique_common>
          <accessor source="#mixamorig_RightHandIndex1-Matrix-animation-output-transform-array" count="64" stride="16">
            <param type="float4x4"/>
          </accessor>
        </technique_common>
      </source>
      <source id="mixamorig_RightHandIndex1-Interpolations">
        <Name_array id="mixamorig_RightHandIndex1-Interpolations-array" count="64">
 LINEAR LINEAR LINEAR LINEAR LINEAR LINEAR LINEAR LINEAR LINEAR LINEAR LINEAR
LINEAR LINEAR LINEAR LINEAR LINEAR LINEAR LINEAR LINEAR LINEAR LINEAR LINEAR LINEAR
LINEAR LINEAR LINEAR LINEAR LINEAR LINEAR LINEAR LINEAR LINEAR LINEAR LINEAR LINEAR
LINEAR LINEAR LINEAR LINEAR LINEAR LINEAR LINEAR LINEAR LINEAR LINEAR LINEAR LINEAR
LINEAR LINEAR LINEAR LINEAR LINEAR LINEAR LINEAR LINEAR LINEAR LINEAR LINEAR LINEAR
LINEAR LINEAR LINEAR LINEAR LINEAR</Name_array>
        <technique_common>
          <accessor source="#mixamorig_RightHandIndex1-Interpolations-array" count="64">
            <param type="name"/>
          </accessor>
        </technique_common>
      </source>
      <sampler id="mixamorig_RightHandIndex1-Matrix-animation-transform">
        <input semantic="INPUT" source="#mixamorig_RightHandIndex1-Matrix-animation-input"/>
        <input semantic="OUTPUT" source="#mixamorig_RightHandIndex1-Matrix-animation-output-transform"/>
        <input semantic="INTERPOLATION" source="#mixamorig_RightHandIndex1-Interpolations"/>
      </sampler>
      <channel source="#mixamorig_RightHandIndex1-Matrix-animation-transform" target="mixamorig_RightHandIndex1/matrix"/>
    </animation>
    <animation id="mixamorig_RightHandIndex2-anim" name="mixamorig_RightHandIndex2">
      <source id="mixamorig_RightHandIndex2-Matrix-animation-input">
        <float_array id="mixamorig_RightHandIndex2-Matrix-animation-input-array" count="64">

0.000000 0.033333 0.066667 0.100000 0.133333 0.166667 0.200000 0.233333 0.266667 0.300000 0.333333 0.366667 0.400000 0.433333 0.466667 0.500000
0.533333 0.566667 0.600000 0.633333 0.666667 0.700000 0.733333 0.766667 0.800000 0.833333 0.866667 0.900000 0.933333 0.966667 1.000000 1.033333
1.066667 1.100000 1.133333 1.166667 1.200000 1.233333 1.266667 1.300000 1.333333 1.366667 1.400000 1.433333 1.466667 1.500000 1.533333 1.566667
1.600000 1.633333 1.666667 1.700000 1.733333 1.766667 1.800000 1.833333 1.866667 1.900000 1.933333 1.966667 2.000000 2.033333 2.066667 2.100000</float_array>
        <technique_common>
          <accessor source="#mixamorig_RightHandIndex2-Matrix-animation-input-array" count="64">
            <param name="TIME" type="float"/>
          </accessor>
        </technique_common>
      </source>
      <source id="mixamorig_RightHandIndex2-Matrix-animation-output-transform">
        <float_array id="mixamorig_RightHandIndex2-Matrix-animation-output-transform-array" count="1024">

0.999867 -0.016218 0.001639 -0.000000 0.016218 0.979656 -0.200029 3.278100 0.001638 0.200029 0.979789 0.000000 0.000000 0.000000 0.000000 1.000000
0.999867 -0.016218 0.001639 0.000000 0.016218 0.979656 -0.200029 3.278100 0.001638 0.200029 0.979789 0.000000 0.000000 0.000000 0.000000 1.000000
0.999867 -0.016218 0.001639 0.000000 0.016218 0.979656 -0.200029 3.278100 0.001638 0.200029 0.979789 0.000000 0.000000 0.000000 0.000000 1.000000
0.999867 -0.016218 0.001639 0.000000 0.016218 0.979656 -0.200028 3.278100 0.001638 0.200028 0.979789 0.000000 0.000000 0.000000 0.000000 1.000000
0.999867 -0.016218 0.001639 -0.000000 0.016218 0.979656 -0.200029 3.278100 0.001639 0.200029 0.979789 -0.000000 0.000000 0.000000 0.000000 1.000000
0.999867 -0.016217 0.001638 0.000000 0.016217 0.979656 -0.200029 3.278100 0.001639 0.200029 0.979789 0.000000 0.000000 0.000000 0.000000 1.000000
0.999867 -0.016218 0.001639 0.000000 0.016218 0.979656 -0.200029 3.278100 0.001638 0.200029 0.979789 0.000000 0.000000 0.000000 0.000000 1.000000
0.999867 -0.016218 0.001638 0.000000 0.016218 0.979656 -0.200029 3.278100 0.001639 0.200029 0.979789 -0.000000 0.000000 0.000000 0.000000 1.000000
0.999867 -0.016218 0.001639 0.000000 0.016218 0.979656 -0.200029 3.278100 0.001638 0.200029 0.979789 0.000000 0.000000 0.000000 0.000000 1.000000
0.999867 -0.016218 0.001639 -0.000000 0.016218 0.979656 -0.200029 3.278100 0.001639 0.200029 0.979789 0.000000 0.000000 0.000000 0.000000 1.000000
0.999867 -0.016218 0.001639 -0.000000 0.016218 0.979656 -0.200028 3.278100 0.001638 0.200028 0.979789 0.000000 0.000000 0.000000 0.000000 1.000000
0.999867 -0.016217 0.001639 0.000000 0.016218 0.979656 -0.200029 3.278100 0.001638 0.200029 0.979789 0.000000 0.000000 0.000000 0.000000 1.000000
0.999867 -0.016218 0.001639 0.000000 0.016218 0.979656 -0.200029 3.278100 0.001639 0.200029 0.979789 0.000000 0.000000 0.000000 0.000000 1.000000
0.999867 -0.016218 0.001639 0.000000 0.016218 0.979656 -0.200029 3.278100 0.001639 0.200029 0.979789 -0.000000 0.000000 0.000000 0.000000 1.000000
0.999867 -0.016217 0.001639 0.000000 0.016217 0.979656 -0.200029 3.278100 0.001639 0.200029 0.979789 0.000000 0.000000 0.000000 0.000000 1.000000
0.999867 -0.016218 0.001639 0.000000 0.016218 0.979656 -0.200029 3.278100 0.001639 0.200029 0.979789 0.000000 0.000000 0.000000 0.000000 1.000000
0.999867 -0.016218 0.001639 -0.000000 0.016218 0.979656 -0.200029 3.278100 0.001639 0.200029 0.979789 0.000000 0.000000 0.000000 0.000000 1.000000
0.999867 -0.016218 0.001639 0.000000 0.016218 0.979656 -0.200029 3.278100 0.001639 0.200029 0.979789 0.000000 0.000000 0.000000 0.000000 1.000000
0.999867 -0.016218 0.001639 -0.000000 0.016218 0.979656 -0.200029 3.278100 0.001639 0.200029 0.979789 0.000000 0.000000 0.000000 0.000000 1.000000
0.999867 -0.016218 0.001638 0.000000 0.016218 0.979656 -0.200029 3.278100 0.001639 0.200029 0.979789 -0.000000 0.000000 0.000000 0.000000 1.000000
0.999867 -0.016217 0.001639 0.000000 0.016218 0.979656 -0.200029 3.278100 0.001638 0.200029 0.979789 0.000000 0.000000 0.000000 0.000000 1.000000
0.999867 -0.016218 0.001639 0.000000 0.016218 0.979656 -0.200029 3.278100 0.001639 0.200029 0.979789 0.000000 0.000000 0.000000 0.000000 1.000000
0.999867 -0.016218 0.001638 0.000000 0.016218 0.979656 -0.200029 3.278100 0.001639 0.200029 0.979789 0.000000 0.000000 0.000000 0.000000 1.000000
0.999867 -0.016218 0.001639 0.000000 0.016218 0.979656 -0.200029 3.278100 0.001638 0.200029 0.979789 -0.000000 0.000000 0.000000 0.000000 1.000000
0.999867 -0.016218 0.001639 0.000000 0.016218 0.979656 -0.200029 3.278100 0.001639 0.200029 0.979789 0.000000 0.000000 0.000000 0.000000 1.000000
0.999867 -0.016218 0.001639 0.000000 0.016218 0.979656 -0.200028 3.278100 0.001639 0.200028 0.979789 0.000000 0.000000 0.000000 0.000000 1.000000
0.999867 -0.016218 0.001638 0.000000 0.016217 0.979656 -0.200029 3.278100 0.001639 0.200029 0.979789 0.000000 0.000000 0.000000 0.000000 1.000000
0.999867 -0.016218 0.001639 0.000000 0.016218 0.979656 -0.200030 3.278100 0.001639 0.200030 0.979788 0.000000 0.000000 0.000000 0.000000 1.000000
0.999867 -0.016218 0.001639 0.000000 0.016218 0.979656 -0.200028 3.278100 0.001639 0.200028 0.979789 0.000000 0.000000 0.000000 0.000000 1.000000
0.999867 -0.016218 0.001639 0.000000 0.016218 0.979656 -0.200029 3.278100 0.001639 0.200029 0.979789 0.000000 0.000000 0.000000 0.000000 1.000000
0.999867 -0.016218 0.001639 0.000000 0.016218 0.979656 -0.200030 3.278100 0.001639 0.200030 0.979788 -0.000000 0.000000 0.000000 0.000000 1.000000
0.999867 -0.016218 0.001639 0.000000 0.016218 0.979656 -0.200030 3.278100 0.001638 0.200030 0.979788 0.000000 0.000000 0.000000 0.000000 1.000000
0.999867 -0.016218 0.001639 0.000000 0.016218 0.979656 -0.200029 3.278100 0.001638 0.200029 0.979789 -0.000000 0.000000 0.000000 0.000000 1.000000
0.999867 -0.016218 0.001639 -0.000000 0.016218 0.979656 -0.200028 3.278100 0.001638 0.200028 0.979789 -0.000000 0.000000 0.000000 0.000000 1.000000
0.999867 -0.016217 0.001639 0.000000 0.016217 0.979656 -0.200029 3.278100 0.001639 0.200029 0.979789 0.000000 0.000000 0.000000 0.000000 1.000000
0.999867 -0.016218 0.001639 0.000000 0.016218 0.979656 -0.200029 3.278100 0.001639 0.200029 0.979789 0.000000 0.000000 0.000000 0.000000 1.000000
0.999867 -0.016217 0.001639 0.000000 0.016218 0.979656 -0.200029 3.278100 0.001638 0.200029 0.979789 0.000000 0.000000 0.000000 0.000000 1.000000
0.999867 -0.016218 0.001639 0.000000 0.016218 0.979656 -0.200028 3.278100 0.001639 0.200028 0.979789 -0.000000 0.000000 0.000000 0.000000 1.000000
0.999867 -0.016218 0.001639 0.000000 0.016218 0.979656 -0.200029 3.278100 0.001639 0.200029 0.979789 -0.000000 0.000000 0.000000 0.000000 1.000000
0.999867 -0.016218 0.001639 0.000000 0.016218 0.979656 -0.200029 3.278100 0.001638 0.200029 0.979789 0.000000 0.000000 0.000000 0.000000 1.000000
0.999867 -0.016217 0.001639 0.000000 0.016217 0.979656 -0.200029 3.278100 0.001639 0.200029 0.979789 0.000000 0.000000 0.000000 0.000000 1.000000
0.999867 -0.016218 0.001638 0.000000 0.016218 0.979656 -0.200029 3.278100 0.001639 0.200029 0.979789 0.000000 0.000000 0.000000 0.000000 1.000000
0.999867 -0.016218 0.001639 0.000000 0.016218 0.979656 -0.200029 3.278100 0.001638 0.200029 0.979789 0.000000 0.000000 0.000000 0.000000 1.000000
0.999867 -0.016217 0.001638 -0.000000 0.016217 0.979656 -0.200029 3.278100 0.001639 0.200029 0.979789 0.000000 0.000000 0.000000 0.000000 1.000000
0.999867 -0.016218 0.001639 0.000000 0.016218 0.979656 -0.200029 3.278100 0.001638 0.200029 0.979789 0.000000 0.000000 0.000000 0.000000 1.000000
0.999867 -0.016218 0.001638 -0.000000 0.016218 0.979656 -0.200029 3.278100 0.001639 0.200029 0.979789 -0.000000 0.000000 0.000000 0.000000 1.000000
0.999867 -0.016218 0.001638 0.000000 0.016218 0.979656 -0.200029 3.278100 0.001639 0.200029 0.979789 0.000000 0.000000 0.000000 0.000000 1.000000
0.999867 -0.016218 0.001639 0.000000 0.016218 0.979656 -0.200030 3.278100 0.001638 0.200030 0.979788 0.000000 0.000000 0.000000 0.000000 1.000000
0.999867 -0.016218 0.001639 0.000000 0.016218 0.979656 -0.200029 3.278100 0.001638 0.200029 0.979789 0.000000 0.000000 0.000000 0.000000 1.000000
0.999867 -0.016217 0.001639 -0.000000 0.016217 0.979656 -0.200029 3.278100 0.001638 0.200029 0.979789 0.000000 0.000000 0.000000 0.000000 1.000000
0.999867 -0.016218 0.001638 -0.000000 0.016218 0.979656 -0.200029 3.278100 0.001639 0.200029 0.979789 0.000000 0.000000 0.000000 0.000000 1.000000
0.999867 -0.016217 0.001639 0.000000 0.016217 0.979656 -0.200029 3.278100 0.001639 0.200029 0.979789 -0.000000 0.000000 0.000000 0.000000 1.000000
0.999867 -0.016218 0.001639 -0.000000 0.016218 0.979656 -0.200028 3.278100 0.001639 0.200028 0.979789 0.000000 0.000000 0.000000 0.000000 1.000000
0.999867 -0.016218 0.001639 0.000000 0.016218 0.979656 -0.200029 3.278100 0.001638 0.200029 0.979789 0.000000 0.000000 0.000000 0.000000 1.000000
0.999867 -0.016218 0.001639 0.000000 0.016218 0.979656 -0.200029 3.278100 0.001639 0.200029 0.979789 0.000000 0.000000 0.000000 0.000000 1.000000
0.999867 -0.016218 0.001639 0.000000 0.016218 0.979656 -0.200029 3.278100 0.001639 0.200029 0.979789 0.000000 0.000000 0.000000 0.000000 1.000000
0.999867 -0.016218 0.001639 -0.000000 0.016218 0.979656 -0.200029 3.278100 0.001639 0.200029 0.979789 0.000000 0.000000 0.000000 0.000000 1.000000
0.999867 -0.016218 0.001639 0.000000 0.016218 0.979656 -0.200029 3.278100 0.001638 0.200029 0.979789 0.000000 0.000000 0.000000 0.000000 1.000000
0.999867 -0.016218 0.001639 0.000000 0.016218 0.979656 -0.200029 3.278100 0.001639 0.200029 0.979789 0.000000 0.000000 0.000000 0.000000 1.000000
0.999867 -0.016217 0.001639 0.000000 0.016217 0.979656 -0.200029 3.278100 0.001639 0.200029 0.979789 0.000000 0.000000 0.000000 0.000000 1.000000
0.999867 -0.016218 0.001639 0.000000 0.016218 0.979656 -0.200029 3.278100 0.001638 0.200029 0.979789 0.000000 0.000000 0.000000 0.000000 1.000000
0.999867 -0.016218 0.001639 0.000000 0.016218 0.979656 -0.200029 3.278100 0.001638 0.200029 0.979789 0.000000 0.000000 0.000000 0.000000 1.000000
0.999867 -0.016217 0.001639 0.000000 0.016218 0.979656 -0.200029 3.278100 0.001638 0.200029 0.979789 0.000000 0.000000 0.000000 0.000000 1.000000
0.999867 -0.016218 0.001638 0.000000 0.016218 0.979656 -0.200029 3.278100 0.001639 0.200029 0.979789 0.000000 0.000000 0.000000 0.000000 1.000000</float_array>
        <technique_common>
          <accessor source="#mixamorig_RightHandIndex2-Matrix-animation-output-transform-array" count="64" stride="16">
            <param type="float4x4"/>
          </accessor>
        </technique_common>
      </source>
      <source id="mixamorig_RightHandIndex2-Interpolations">
        <Name_array id="mixamorig_RightHandIndex2-Interpolations-array" count="64">
 LINEAR LINEAR LINEAR LINEAR LINEAR LINEAR LINEAR LINEAR LINEAR LINEAR LINEAR
LINEAR LINEAR LINEAR LINEAR LINEAR LINEAR LINEAR LINEAR LINEAR LINEAR LINEAR LINEAR
LINEAR LINEAR LINEAR LINEAR LINEAR LINEAR LINEAR LINEAR LINEAR LINEAR LINEAR LINEAR
LINEAR LINEAR LINEAR LINEAR LINEAR LINEAR LINEAR LINEAR LINEAR LINEAR LINEAR LINEAR
LINEAR LINEAR LINEAR LINEAR LINEAR LINEAR LINEAR LINEAR LINEAR LINEAR LINEAR LINEAR
LINEAR LINEAR LINEAR LINEAR LINEAR</Name_array>
        <technique_common>
          <accessor source="#mixamorig_RightHandIndex2-Interpolations-array" count="64">
            <param type="name"/>
          </accessor>
        </technique_common>
      </source>
      <sampler id="mixamorig_RightHandIndex2-Matrix-animation-transform">
        <input semantic="INPUT" source="#mixamorig_RightHandIndex2-Matrix-animation-input"/>
        <input semantic="OUTPUT" source="#mixamorig_RightHandIndex2-Matrix-animation-output-transform"/>
        <input semantic="INTERPOLATION" source="#mixamorig_RightHandIndex2-Interpolations"/>
      </sampler>
      <channel source="#mixamorig_RightHandIndex2-Matrix-animation-transform" target="mixamorig_RightHandIndex2/matrix"/>
    </animation>
    <animation id="mixamorig_RightHandIndex3-anim" name="mixamorig_RightHandIndex3">
      <source id="mixamorig_RightHandIndex3-Matrix-animation-input">
        <float_array id="mixamorig_RightHandIndex3-Matrix-animation-input-array" count="64">

0.000000 0.033333 0.066667 0.100000 0.133333 0.166667 0.200000 0.233333 0.266667 0.300000 0.333333 0.366667 0.400000 0.433333 0.466667 0.500000
0.533333 0.566667 0.600000 0.633333 0.666667 0.700000 0.733333 0.766667 0.800000 0.833333 0.866667 0.900000 0.933333 0.966667 1.000000 1.033333
1.066667 1.100000 1.133333 1.166667 1.200000 1.233333 1.266667 1.300000 1.333333 1.366667 1.400000 1.433333 1.466667 1.500000 1.533333 1.566667
1.600000 1.633333 1.666667 1.700000 1.733333 1.766667 1.800000 1.833333 1.866667 1.900000 1.933333 1.966667 2.000000 2.033333 2.066667 2.100000</float_array>
        <technique_common>
          <accessor source="#mixamorig_RightHandIndex3-Matrix-animation-input-array" count="64">
            <param name="TIME" type="float"/>
          </accessor>
        </technique_common>
      </source>
      <source id="mixamorig_RightHandIndex3-Matrix-animation-output-transform">
        <float_array id="mixamorig_RightHandIndex3-Matrix-animation-output-transform-array" count="1024">

0.998906 -0.044776 0.013495 0.000000 0.044776 0.832464 -0.552267 3.333500 0.013494 0.552267 0.833558 0.000000 0.000000 0.000000 0.000000 1.000000
0.998906 -0.044776 0.013494 0.000000 0.044776 0.832464 -0.552267 3.333500 0.013495 0.552266 0.833558 0.000000 0.000000 0.000000 0.000000 1.000000
0.998906 -0.044776 0.013494 -0.000000 0.044776 0.832464 -0.552267 3.333500 0.013495 0.552267 0.833558 0.000000 0.000000 0.000000 0.000000 1.000000
0.998906 -0.044777 0.013495 0.000000 0.044777 0.832464 -0.552266 3.333500 0.013495 0.552266 0.833559 0.000000 0.000000 0.000000 0.000000 1.000000
0.998906 -0.044776 0.013495 0.000000 0.044777 0.832464 -0.552266 3.333500 0.013494 0.552266 0.833559 0.000000 0.000000 0.000000 0.000000 1.000000
0.998906 -0.044776 0.013495 0.000000 0.044776 0.832465 -0.552266 3.333500 0.013495 0.552266 0.833559 0.000000 0.000000 0.000000 0.000000 1.000000
0.998906 -0.044776 0.013494 -0.000000 0.044776 0.832464 -0.552266 3.333500 0.013495 0.552266 0.833559 0.000000 0.000000 0.000000 0.000000 1.000000
0.998906 -0.044777 0.013495 0.000000 0.044777 0.832464 -0.552267 3.333500 0.013495 0.552266 0.833558 0.000000 0.000000 0.000000 0.000000 1.000000
0.998906 -0.044777 0.013495 0.000000 0.044777 0.832465 -0.552266 3.333500 0.013495 0.552266 0.833559 0.000000 0.000000 0.000000 0.000000 1.000000
0.998906 -0.044777 0.013495 0.000000 0.044777 0.832464 -0.552266 3.333500 0.013495 0.552266 0.833558 0.000000 0.000000 0.000000 0.000000 1.000000
0.998906 -0.044776 0.013495 0.000000 0.044776 0.832465 -0.552266 3.333500 0.013494 0.552266 0.833559 0.000000 0.000000 0.000000 0.000000 1.000000
0.998906 -0.044777 0.013495 0.000000 0.044777 0.832464 -0.552266 3.333500 0.013494 0.552266 0.833558 0.000000 0.000000 0.000000 0.000000 1.000000
0.998906 -0.044776 0.013494 0.000000 0.044776 0.832464 -0.552266 3.333500 0.013495 0.552266 0.833559 0.000000 0.000000 0.000000 0.000000 1.000000
0.998906 -0.044776 0.013495 0.000000 0.044776 0.832464 -0.552267 3.333500 0.013494 0.552267 0.833558 -0.000000 0.000000 0.000000 0.000000 1.000000
0.998906 -0.044777 0.013495 0.000000 0.044777 0.832464 -0.552267 3.333500 0.013495 0.552267 0.833558 -0.000000 0.000000 0.000000 0.000000 1.000000
0.998906 -0.044777 0.013495 0.000000 0.044777 0.832465 -0.552266 3.333500 0.013495 0.552266 0.833559 0.000000 0.000000 0.000000 0.000000 1.000000
0.998906 -0.044776 0.013495 0.000000 0.044776 0.832464 -0.552267 3.333500 0.013495 0.552267 0.833558 0.000000 0.000000 0.000000 0.000000 1.000000
0.998906 -0.044776 0.013495 -0.000000 0.044776 0.832464 -0.552267 3.333500 0.013495 0.552267 0.833558 0.000000 0.000000 0.000000 0.000000 1.000000
0.998906 -0.044777 0.013495 -0.000000 0.044777 0.832465 -0.552266 3.333500 0.013495 0.552266 0.833559 0.000000 0.000000 0.000000 0.000000 1.000000
0.998906 -0.044776 0.013495 0.000000 0.044777 0.832464 -0.552266 3.333500 0.013494 0.552266 0.833558 0.000000 0.000000 0.000000 0.000000 1.000000
0.998906 -0.044777 0.013495 0.000000 0.044777 0.832465 -0.552266 3.333500 0.013495 0.552266 0.833559 0.000000 0.000000 0.000000 0.000000 1.000000
0.998906 -0.044776 0.013495 0.000000 0.044776 0.832465 -0.552266 3.333500 0.013494 0.552266 0.833559 0.000000 0.000000 0.000000 0.000000 1.000000
0.998906 -0.044776 0.013495 0.000000 0.044776 0.832464 -0.552267 3.333500 0.013494 0.552267 0.833558 0.000000 0.000000 0.000000 0.000000 1.000000
0.998906 -0.044777 0.013494 0.000000 0.044776 0.832465 -0.552266 3.333500 0.013495 0.552266 0.833559 0.000000 0.000000 0.000000 0.000000 1.000000
0.998906 -0.044776 0.013494 0.000000 0.044776 0.832464 -0.552266 3.333500 0.013495 0.552266 0.833559 0.000000 0.000000 0.000000 0.000000 1.000000
0.998906 -0.044777 0.013495 0.000000 0.044777 0.832464 -0.552267 3.333500 0.013495 0.552267 0.833558 0.000000 0.000000 0.000000 0.000000 1.000000
0.998906 -0.044776 0.013495 0.000000 0.044776 0.832464 -0.552266 3.333500 0.013495 0.552266 0.833558 0.000000 0.000000 0.000000 0.000000 1.000000
0.998906 -0.044777 0.013494 0.000000 0.044776 0.832464 -0.552267 3.333500 0.013495 0.552267 0.833558 0.000000 0.000000 0.000000 0.000000 1.000000
0.998906 -0.044776 0.013494 0.000000 0.044776 0.832464 -0.552267 3.333500 0.013495 0.552267 0.833558 0.000000 0.000000 0.000000 0.000000 1.000000
0.998906 -0.044777 0.013494 0.000000 0.044776 0.832464 -0.552267 3.333500 0.013495 0.552267 0.833558 0.000000 0.000000 0.000000 0.000000 1.000000
0.998906 -0.044777 0.013495 0.000000 0.044777 0.832464 -0.552266 3.333500 0.013495 0.552266 0.833558 0.000000 0.000000 0.000000 0.000000 1.000000
0.998906 -0.044776 0.013495 0.000000 0.044776 0.832464 -0.552267 3.333500 0.013495 0.552267 0.833558 -0.000000 0.000000 0.000000 0.000000 1.000000
0.998906 -0.044776 0.013495 0.000000 0.044776 0.832464 -0.552267 3.333500 0.013495 0.552267 0.833558 0.000000 0.000000 0.000000 0.000000 1.000000
0.998906 -0.044777 0.013495 0.000000 0.044777 0.832464 -0.552266 3.333500 0.013495 0.552266 0.833558 0.000000 0.000000 0.000000 0.000000 1.000000
0.998906 -0.044777 0.013495 0.000000 0.044777 0.832464 -0.552267 3.333500 0.013495 0.552267 0.833558 0.000000 0.000000 0.000000 0.000000 1.000000
0.998906 -0.044776 0.013495 0.000000 0.044776 0.832464 -0.552266 3.333500 0.013494 0.552266 0.833558 0.000000 0.000000 0.000000 0.000000 1.000000
0.998906 -0.044777 0.013495 -0.000000 0.044777 0.832464 -0.552266 3.333500 0.013495 0.552266 0.833558 0.000000 0.000000 0.000000 0.000000 1.000000
0.998906 -0.044776 0.013495 -0.000000 0.044776 0.832464 -0.552267 3.333500 0.013494 0.552267 0.833558 0.000000 0.000000 0.000000 0.000000 1.000000
0.998906 -0.044776 0.013495 0.000000 0.044776 0.832464 -0.552266 3.333500 0.013494 0.552266 0.833558 0.000000 0.000000 0.000000 0.000000 1.000000
0.998906 -0.044776 0.013495 0.000000 0.044777 0.832464 -0.552266 3.333500 0.013494 0.552266 0.833559 0.000000 0.000000 0.000000 0.000000 1.000000
0.998906 -0.044777 0.013495 0.000000 0.044777 0.832464 -0.552266 3.333500 0.013495 0.552266 0.833558 0.000000 0.000000 0.000000 0.000000 1.000000
0.998906 -0.044776 0.013495 -0.000000 0.044776 0.832464 -0.552267 3.333500 0.013494 0.552267 0.833558 0.000000 0.000000 0.000000 0.000000 1.000000
0.998906 -0.044777 0.013495 0.000000 0.044777 0.832464 -0.552266 3.333500 0.013495 0.552266 0.833559 0.000000 0.000000 0.000000 0.000000 1.000000
0.998906 -0.044776 0.013495 0.000000 0.044777 0.832464 -0.552266 3.333500 0.013494 0.552266 0.833559 0.000000 0.000000 0.000000 0.000000 1.000000
0.998906 -0.044776 0.013494 0.000000 0.044776 0.832464 -0.552266 3.333500 0.013495 0.552266 0.833558 0.000000 0.000000 0.000000 0.000000 1.000000
0.998906 -0.044776 0.013495 0.000000 0.044777 0.832464 -0.552266 3.333500 0.013494 0.552267 0.833558 0.000000 0.000000 0.000000 0.000000 1.000000
0.998906 -0.044777 0.013495 0.000000 0.044777 0.832464 -0.552266 3.333500 0.013495 0.552266 0.833559 0.000000 0.000000 0.000000 0.000000 1.000000
0.998906 -0.044777 0.013495 0.000000 0.044777 0.832465 -0.552266 3.333500 0.013495 0.552266 0.833559 0.000000 0.000000 0.000000 0.000000 1.000000
0.998906 -0.044777 0.013494 0.000000 0.044776 0.832464 -0.552267 3.333500 0.013495 0.552267 0.833558 0.000000 0.000000 0.000000 0.000000 1.000000
0.998906 -0.044777 0.013495 -0.000000 0.044777 0.832464 -0.552267 3.333500 0.013495 0.552267 0.833558 -0.000000 0.000000 0.000000 0.000000 1.000000
0.998906 -0.044776 0.013495 0.000000 0.044776 0.832465 -0.552266 3.333500 0.013494 0.552266 0.833559 -0.000000 0.000000 0.000000 0.000000 1.000000
0.998906 -0.044776 0.013494 -0.000000 0.044776 0.832465 -0.552266 3.333500 0.013495 0.552266 0.833559 -0.000000 0.000000 0.000000 0.000000 1.000000
0.998906 -0.044776 0.013495 0.000000 0.044776 0.832464 -0.552266 3.333500 0.013494 0.552266 0.833559 0.000000 0.000000 0.000000 0.000000 1.000000
0.998906 -0.044776 0.013495 0.000000 0.044776 0.832464 -0.552266 3.333500 0.013494 0.552266 0.833559 0.000000 0.000000 0.000000 0.000000 1.000000
0.998906 -0.044777 0.013495 0.000000 0.044777 0.832464 -0.552267 3.333500 0.013495 0.552267 0.833558 0.000000 0.000000 0.000000 0.000000 1.000000
0.998906 -0.044776 0.013494 0.000000 0.044776 0.832464 -0.552267 3.333500 0.013495 0.552267 0.833558 0.000000 0.000000 0.000000 0.000000 1.000000
0.998906 -0.044776 0.013495 0.000000 0.044776 0.832464 -0.552266 3.333500 0.013494 0.552266 0.833558 -0.000000 0.000000 0.000000 0.000000 1.000000
0.998906 -0.044776 0.013495 0.000000 0.044776 0.832464 -0.552266 3.333500 0.013494 0.552266 0.833559 0.000000 0.000000 0.000000 0.000000 1.000000
0.998906 -0.044777 0.013495 0.000000 0.044777 0.832464 -0.552267 3.333500 0.013494 0.552267 0.833558 0.000000 0.000000 0.000000 0.000000 1.000000
0.998906 -0.044777 0.013495 0.000000 0.044777 0.832464 -0.552266 3.333500 0.013495 0.552266 0.833558 0.000000 0.000000 0.000000 0.000000 1.000000
0.998906 -0.044776 0.013494 0.000000 0.044776 0.832464 -0.552266 3.333500 0.013495 0.552266 0.833559 0.000000 0.000000 0.000000 0.000000 1.000000
0.998906 -0.044777 0.013494 -0.000000 0.044776 0.832464 -0.552267 3.333500 0.013495 0.552267 0.833558 0.000000 0.000000 0.000000 0.000000 1.000000
0.998906 -0.044777 0.013495 0.000000 0.044777 0.832464 -0.552266 3.333500 0.013495 0.552266 0.833559 0.000000 0.000000 0.000000 0.000000 1.000000
0.998906 -0.044776 0.013495 0.000000 0.044776 0.832464 -0.552266 3.333500 0.013494 0.552266 0.833558 0.000000 0.000000 0.000000 0.000000 1.000000</float_array>
        <technique_common>
          <accessor source="#mixamorig_RightHandIndex3-Matrix-animation-output-transform-array" count="64" stride="16">
            <param type="float4x4"/>
          </accessor>
        </technique_common>
      </source>
      <source id="mixamorig_RightHandIndex3-Interpolations">
        <Name_array id="mixamorig_RightHandIndex3-Interpolations-array" count="64">
 LINEAR LINEAR LINEAR LINEAR LINEAR LINEAR LINEAR LINEAR LINEAR LINEAR LINEAR
LINEAR LINEAR LINEAR LINEAR LINEAR LINEAR LINEAR LINEAR LINEAR LINEAR LINEAR LINEAR
LINEAR LINEAR LINEAR LINEAR LINEAR LINEAR LINEAR LINEAR LINEAR LINEAR LINEAR LINEAR
LINEAR LINEAR LINEAR LINEAR LINEAR LINEAR LINEAR LINEAR LINEAR LINEAR LINEAR LINEAR
LINEAR LINEAR LINEAR LINEAR LINEAR LINEAR LINEAR LINEAR LINEAR LINEAR LINEAR LINEAR
LINEAR LINEAR LINEAR LINEAR LINEAR</Name_array>
        <technique_common>
          <accessor source="#mixamorig_RightHandIndex3-Interpolations-array" count="64">
            <param type="name"/>
          </accessor>
        </technique_common>
      </source>
      <sampler id="mixamorig_RightHandIndex3-Matrix-animation-transform">
        <input semantic="INPUT" source="#mixamorig_RightHandIndex3-Matrix-animation-input"/>
        <input semantic="OUTPUT" source="#mixamorig_RightHandIndex3-Matrix-animation-output-transform"/>
        <input semantic="INTERPOLATION" source="#mixamorig_RightHandIndex3-Interpolations"/>
      </sampler>
      <channel source="#mixamorig_RightHandIndex3-Matrix-animation-transform" target="mixamorig_RightHandIndex3/matrix"/>
    </animation>
    <animation id="mixamorig_RightHandMiddle1-anim" name="mixamorig_RightHandMiddle1">
      <source id="mixamorig_RightHandMiddle1-Matrix-animation-input">
        <float_array id="mixamorig_RightHandMiddle1-Matrix-animation-input-array" count="64">

0.000000 0.033333 0.066667 0.100000 0.133333 0.166667 0.200000 0.233333 0.266667 0.300000 0.333333 0.366667 0.400000 0.433333 0.466667 0.500000
0.533333 0.566667 0.600000 0.633333 0.666667 0.700000 0.733333 0.766667 0.800000 0.833333 0.866667 0.900000 0.933333 0.966667 1.000000 1.033333
1.066667 1.100000 1.133333 1.166667 1.200000 1.233333 1.266667 1.300000 1.333333 1.366667 1.400000 1.433333 1.466667 1.500000 1.533333 1.566667
1.600000 1.633333 1.666667 1.700000 1.733333 1.766667 1.800000 1.833333 1.866667 1.900000 1.933333 1.966667 2.000000 2.033333 2.066667 2.100000</float_array>
        <technique_common>
          <accessor source="#mixamorig_RightHandMiddle1-Matrix-animation-input-array" count="64">
            <param name="TIME" type="float"/>
          </accessor>
        </technique_common>
      </source>
      <source id="mixamorig_RightHandMiddle1-Matrix-animation-output-transform">
        <float_array id="mixamorig_RightHandMiddle1-Matrix-animation-output-transform-array" count="1024">

0.975627 -0.210657 -0.061448 -0.006900 0.209892 0.977545 -0.018729 12.134400 0.064013 0.005375 0.997935 -0.011000 0.000000 0.000000 0.000000 1.000000
0.975627 -0.210657 -0.061447 -0.006900 0.209891 0.977545 -0.018729 12.134400 0.064013 0.005375 0.997935 -0.011000 0.000000 0.000000 0.000000 1.000000
0.975627 -0.210658 -0.061447 -0.006900 0.209892 0.977545 -0.018730 12.134400 0.064013 0.005376 0.997935 -0.011000 0.000000 0.000000 0.000000 1.000000
0.975627 -0.210657 -0.061447 -0.006900 0.209892 0.977545 -0.018729 12.134400 0.064012 0.005375 0.997935 -0.011000 0.000000 0.000000 0.000000 1.000000
0.975627 -0.210657 -0.061448 -0.006900 0.209892 0.977545 -0.018729 12.134400 0.064013 0.005376 0.997935 -0.011000 0.000000 0.000000 0.000000 1.000000
0.975627 -0.210657 -0.061447 -0.006900 0.209892 0.977545 -0.018729 12.134400 0.064012 0.005375 0.997935 -0.011000 0.000000 0.000000 0.000000 1.000000
0.975627 -0.210657 -0.061447 -0.006900 0.209891 0.977545 -0.018729 12.134400 0.064013 0.005375 0.997935 -0.011000 0.000000 0.000000 0.000000 1.000000
0.975627 -0.210657 -0.061448 -0.006900 0.209892 0.977545 -0.018730 12.134400 0.064013 0.005376 0.997935 -0.011000 0.000000 0.000000 0.000000 1.000000
0.975627 -0.210657 -0.061447 -0.006900 0.209892 0.977545 -0.018729 12.134400 0.064013 0.005375 0.997935 -0.011000 0.000000 0.000000 0.000000 1.000000
0.975627 -0.210657 -0.061447 -0.006900 0.209891 0.977545 -0.018729 12.134400 0.064013 0.005375 0.997935 -0.011000 0.000000 0.000000 0.000000 1.000000
0.975627 -0.210657 -0.061447 -0.006900 0.209892 0.977545 -0.018729 12.134400 0.064013 0.005375 0.997935 -0.011000 0.000000 0.000000 0.000000 1.000000
0.975627 -0.210657 -0.061447 -0.006900 0.209892 0.977545 -0.018730 12.134400 0.064013 0.005376 0.997935 -0.011000 0.000000 0.000000 0.000000 1.000000
0.975627 -0.210657 -0.061447 -0.006900 0.209892 0.977545 -0.018729 12.134400 0.064013 0.005375 0.997935 -0.011000 0.000000 0.000000 0.000000 1.000000
0.975627 -0.210656 -0.061447 -0.006900 0.209891 0.977545 -0.018729 12.134400 0.064013 0.005375 0.997935 -0.011000 0.000000 0.000000 0.000000 1.000000
0.975627 -0.210657 -0.061447 -0.006900 0.209892 0.977545 -0.018729 12.134400 0.064013 0.005376 0.997935 -0.011000 0.000000 0.000000 0.000000 1.000000
0.975627 -0.210657 -0.061447 -0.006900 0.209891 0.977545 -0.018729 12.134400 0.064013 0.005375 0.997935 -0.011000 0.000000 0.000000 0.000000 1.000000
0.975627 -0.210657 -0.061448 -0.006900 0.209892 0.977545 -0.018729 12.134400 0.064013 0.005375 0.997935 -0.011000 0.000000 0.000000 0.000000 1.000000
0.975627 -0.210657 -0.061447 -0.006900 0.209892 0.977545 -0.018729 12.134400 0.064013 0.005376 0.997935 -0.011000 0.000000 0.000000 0.000000 1.000000
0.975627 -0.210657 -0.061448 -0.006900 0.209892 0.977545 -0.018729 12.134400 0.064013 0.005375 0.997935 -0.011000 0.000000 0.000000 0.000000 1.000000
0.975627 -0.210657 -0.061447 -0.006900 0.209892 0.977545 -0.018729 12.134400 0.064013 0.005375 0.997935 -0.011000 0.000000 0.000000 0.000000 1.000000
0.975627 -0.210657 -0.061447 -0.006900 0.209892 0.977545 -0.018729 12.134400 0.064013 0.005375 0.997935 -0.011000 0.000000 0.000000 0.000000 1.000000
0.975627 -0.210658 -0.061447 -0.006900 0.209892 0.977545 -0.018730 12.134400 0.064013 0.005376 0.997935 -0.011000 0.000000 0.000000 0.000000 1.000000
0.975627 -0.210657 -0.061447 -0.006900 0.209892 0.977545 -0.018730 12.134400 0.064013 0.005376 0.997935 -0.011000 0.000000 0.000000 0.000000 1.000000
0.975627 -0.210657 -0.061447 -0.006900 0.209892 0.977545 -0.018729 12.134400 0.064013 0.005376 0.997935 -0.011000 0.000000 0.000000 0.000000 1.000000
0.975627 -0.210657 -0.061447 -0.006900 0.209892 0.977545 -0.018730 12.134400 0.064013 0.005376 0.997935 -0.011000 0.000000 0.000000 0.000000 1.000000
0.975627 -0.210658 -0.061448 -0.006900 0.209892 0.977545 -0.018730 12.134400 0.064013 0.005376 0.997935 -0.011000 0.000000 0.000000 0.000000 1.000000
0.975627 -0.210658 -0.061447 -0.006900 0.209893 0.977545 -0.018729 12.134400 0.064012 0.005375 0.997935 -0.011000 0.000000 0.000000 0.000000 1.000000
0.975627 -0.210657 -0.061447 -0.006900 0.209892 0.977545 -0.018729 12.134400 0.064013 0.005375 0.997935 -0.011000 0.000000 0.000000 0.000000 1.000000
0.975627 -0.210657 -0.061447 -0.006900 0.209892 0.977545 -0.018729 12.134400 0.064013 0.005375 0.997935 -0.011000 0.000000 0.000000 0.000000 1.000000
0.975627 -0.210657 -0.061448 -0.006900 0.209892 0.977545 -0.018729 12.134400 0.064014 0.005375 0.997935 -0.011000 0.000000 0.000000 0.000000 1.000000
0.975627 -0.210657 -0.061448 -0.006900 0.209892 0.977545 -0.018730 12.134400 0.064013 0.005376 0.997935 -0.011000 0.000000 0.000000 0.000000 1.000000
0.975627 -0.210658 -0.061447 -0.006900 0.209892 0.977545 -0.018729 12.134400 0.064013 0.005376 0.997935 -0.011000 0.000000 0.000000 0.000000 1.000000
0.975627 -0.210657 -0.061447 -0.006900 0.209892 0.977545 -0.018729 12.134400 0.064013 0.005375 0.997935 -0.011000 0.000000 0.000000 0.000000 1.000000
0.975627 -0.210658 -0.061447 -0.006900 0.209892 0.977545 -0.018730 12.134400 0.064013 0.005376 0.997935 -0.011000 0.000000 0.000000 0.000000 1.000000
0.975627 -0.210657 -0.061447 -0.006900 0.209892 0.977545 -0.018729 12.134400 0.064013 0.005375 0.997935 -0.011000 0.000000 0.000000 0.000000 1.000000
0.975627 -0.210657 -0.061447 -0.006900 0.209892 0.977545 -0.018729 12.134400 0.064013 0.005375 0.997935 -0.011000 0.000000 0.000000 0.000000 1.000000
0.975627 -0.210658 -0.061447 -0.006900 0.209892 0.977545 -0.018729 12.134400 0.064013 0.005375 0.997935 -0.011000 0.000000 0.000000 0.000000 1.000000
0.975627 -0.210657 -0.061447 -0.006900 0.209892 0.977545 -0.018729 12.134400 0.064013 0.005376 0.997935 -0.011000 0.000000 0.000000 0.000000 1.000000
0.975627 -0.210657 -0.061448 -0.006900 0.209892 0.977545 -0.018729 12.134400 0.064013 0.005375 0.997935 -0.011000 0.000000 0.000000 0.000000 1.000000
0.975627 -0.210657 -0.061447 -0.006900 0.209892 0.977545 -0.018729 12.134400 0.064013 0.005375 0.997935 -0.011000 0.000000 0.000000 0.000000 1.000000
0.975627 -0.210657 -0.061447 -0.006900 0.209892 0.977545 -0.018729 12.134400 0.064013 0.005376 0.997935 -0.011000 0.000000 0.000000 0.000000 1.000000
0.975627 -0.210657 -0.061448 -0.006900 0.209892 0.977545 -0.018729 12.134400 0.064014 0.005376 0.997935 -0.011000 0.000000 0.000000 0.000000 1.000000
0.975627 -0.210657 -0.061447 -0.006900 0.209892 0.977545 -0.018729 12.134400 0.064013 0.005376 0.997935 -0.011000 0.000000 0.000000 0.000000 1.000000
0.975627 -0.210657 -0.061447 -0.006900 0.209891 0.977545 -0.018730 12.134400 0.064013 0.005376 0.997935 -0.011000 0.000000 0.000000 0.000000 1.000000
0.975627 -0.210658 -0.061447 -0.006900 0.209892 0.977545 -0.018730 12.134400 0.064013 0.005376 0.997935 -0.011000 0.000000 0.000000 0.000000 1.000000
0.975627 -0.210657 -0.061447 -0.006900 0.209892 0.977545 -0.018729 12.134400 0.064013 0.005376 0.997935 -0.011000 0.000000 0.000000 0.000000 1.000000
0.975627 -0.210658 -0.061448 -0.006900 0.209892 0.977545 -0.018730 12.134400 0.064013 0.005376 0.997935 -0.011000 0.000000 0.000000 0.000000 1.000000
0.975627 -0.210658 -0.061447 -0.006900 0.209892 0.977545 -0.018729 12.134400 0.064013 0.005376 0.997935 -0.011000 0.000000 0.000000 0.000000 1.000000
0.975627 -0.210657 -0.061448 -0.006900 0.209892 0.977545 -0.018729 12.134400 0.064013 0.005375 0.997935 -0.011000 0.000000 0.000000 0.000000 1.000000
0.975627 -0.210657 -0.061448 -0.006900 0.209892 0.977545 -0.018730 12.134400 0.064013 0.005376 0.997935 -0.011000 0.000000 0.000000 0.000000 1.000000
0.975627 -0.210657 -0.061448 -0.006900 0.209892 0.977545 -0.018729 12.134400 0.064013 0.005375 0.997935 -0.011000 0.000000 0.000000 0.000000 1.000000
0.975627 -0.210657 -0.061447 -0.006900 0.209891 0.977545 -0.018729 12.134400 0.064013 0.005375 0.997935 -0.011000 0.000000 0.000000 0.000000 1.000000
0.975627 -0.210657 -0.061447 -0.006900 0.209891 0.977545 -0.018729 12.134400 0.064013 0.005375 0.997935 -0.011000 0.000000 0.000000 0.000000 1.000000
0.975627 -0.210657 -0.061447 -0.006900 0.209892 0.977545 -0.018729 12.134400 0.064013 0.005376 0.997935 -0.011000 0.000000 0.000000 0.000000 1.000000
0.975627 -0.210658 -0.061447 -0.006900 0.209892 0.977545 -0.018729 12.134400 0.064013 0.005376 0.997935 -0.011000 0.000000 0.000000 0.000000 1.000000
0.975627 -0.210657 -0.061447 -0.006900 0.209891 0.977545 -0.018729 12.134400 0.064013 0.005376 0.997935 -0.011000 0.000000 0.000000 0.000000 1.000000
0.975627 -0.210657 -0.061447 -0.006900 0.209892 0.977545 -0.018729 12.134400 0.064013 0.005376 0.997935 -0.011000 0.000000 0.000000 0.000000 1.000000
0.975627 -0.210657 -0.061448 -0.006900 0.209892 0.977545 -0.018729 12.134400 0.064013 0.005376 0.997935 -0.011000 0.000000 0.000000 0.000000 1.000000
0.975627 -0.210658 -0.061447 -0.006900 0.209892 0.977545 -0.018730 12.134400 0.064013 0.005376 0.997935 -0.011000 0.000000 0.000000 0.000000 1.000000
0.975627 -0.210657 -0.061448 -0.006900 0.209892 0.977545 -0.018729 12.134400 0.064013 0.005376 0.997935 -0.011000 0.000000 0.000000 0.000000 1.000000
0.975627 -0.210657 -0.061448 -0.006900 0.209891 0.977545 -0.018730 12.134400 0.064013 0.005376 0.997935 -0.011000 0.000000 0.000000 0.000000 1.000000
0.975627 -0.210657 -0.061447 -0.006900 0.209892 0.977545 -0.018729 12.134400 0.064013 0.005375 0.997935 -0.011000 0.000000 0.000000 0.000000 1.000000
0.975627 -0.210657 -0.061447 -0.006900 0.209892 0.977545 -0.018729 12.134400 0.064013 0.005375 0.997935 -0.011000 0.000000 0.000000 0.000000 1.000000
0.975627 -0.210657 -0.061448 -0.006900 0.209892 0.977545 -0.018730 12.134400 0.064013 0.005376 0.997935 -0.011000 0.000000 0.000000 0.000000 1.000000</float_array>
        <technique_common>
          <accessor source="#mixamorig_RightHandMiddle1-Matrix-animation-output-transform-array" count="64" stride="16">
            <param type="float4x4"/>
          </accessor>
        </technique_common>
      </source>
      <source id="mixamorig_RightHandMiddle1-Interpolations">
        <Name_array id="mixamorig_RightHandMiddle1-Interpolations-array" count="64">
 LINEAR LINEAR LINEAR LINEAR LINEAR LINEAR LINEAR LINEAR LINEAR LINEAR LINEAR
LINEAR LINEAR LINEAR LINEAR LINEAR LINEAR LINEAR LINEAR LINEAR LINEAR LINEAR LINEAR
LINEAR LINEAR LINEAR LINEAR LINEAR LINEAR LINEAR LINEAR LINEAR LINEAR LINEAR LINEAR
LINEAR LINEAR LINEAR LINEAR LINEAR LINEAR LINEAR LINEAR LINEAR LINEAR LINEAR LINEAR
LINEAR LINEAR LINEAR LINEAR LINEAR LINEAR LINEAR LINEAR LINEAR LINEAR LINEAR LINEAR
LINEAR LINEAR LINEAR LINEAR LINEAR</Name_array>
        <technique_common>
          <accessor source="#mixamorig_RightHandMiddle1-Interpolations-array" count="64">
            <param type="name"/>
          </accessor>
        </technique_common>
      </source>
      <sampler id="mixamorig_RightHandMiddle1-Matrix-animation-transform">
        <input semantic="INPUT" source="#mixamorig_RightHandMiddle1-Matrix-animation-input"/>
        <input semantic="OUTPUT" source="#mixamorig_RightHandMiddle1-Matrix-animation-output-transform"/>
        <input semantic="INTERPOLATION" source="#mixamorig_RightHandMiddle1-Interpolations"/>
      </sampler>
      <channel source="#mixamorig_RightHandMiddle1-Matrix-animation-transform" target="mixamorig_RightHandMiddle1/matrix"/>
    </animation>
    <animation id="mixamorig_RightHandMiddle2-anim" name="mixamorig_RightHandMiddle2">
      <source id="mixamorig_RightHandMiddle2-Matrix-animation-input">
        <float_array id="mixamorig_RightHandMiddle2-Matrix-animation-input-array" count="64">

0.000000 0.033333 0.066667 0.100000 0.133333 0.166667 0.200000 0.233333 0.266667 0.300000 0.333333 0.366667 0.400000 0.433333 0.466667 0.500000
0.533333 0.566667 0.600000 0.633333 0.666667 0.700000 0.733333 0.766667 0.800000 0.833333 0.866667 0.900000 0.933333 0.966667 1.000000 1.033333
1.066667 1.100000 1.133333 1.166667 1.200000 1.233333 1.266667 1.300000 1.333333 1.366667 1.400000 1.433333 1.466667 1.500000 1.533333 1.566667
1.600000 1.633333 1.666667 1.700000 1.733333 1.766667 1.800000 1.833333 1.866667 1.900000 1.933333 1.966667 2.000000 2.033333 2.066667 2.100000</float_array>
        <technique_common>
          <accessor source="#mixamorig_RightHandMiddle2-Matrix-animation-input-array" count="64">
            <param name="TIME" type="float"/>
          </accessor>
        </technique_common>
      </source>
      <source id="mixamorig_RightHandMiddle2-Matrix-animation-output-transform">
        <float_array id="mixamorig_RightHandMiddle2-Matrix-animation-output-transform-array" count="1024">

0.991990 -0.078711 0.098792 0.000000 0.078712 -0.226509 -0.970823 3.418400 0.098792 0.970823 -0.218499 0.000000 0.000000 0.000000 0.000000 1.000000
0.991990 -0.078711 0.098792 0.000000 0.078712 -0.226509 -0.970823 3.418400 0.098792 0.970824 -0.218499 -0.000000 0.000000 0.000000 0.000000 1.000000
0.991990 -0.078712 0.098792 0.000000 0.078711 -0.226509 -0.970823 3.418400 0.098793 0.970823 -0.218500 -0.000000 0.000000 0.000000 0.000000 1.000000
0.991990 -0.078711 0.098792 -0.000000 0.078712 -0.226509 -0.970823 3.418400 0.098792 0.970823 -0.218500 -0.000000 0.000000 0.000000 0.000000 1.000000
0.991990 -0.078711 0.098792 0.000000 0.078712 -0.226509 -0.970823 3.418400 0.098792 0.970823 -0.218499 0.000000 0.000000 0.000000 0.000000 1.000000
0.991990 -0.078711 0.098792 0.000000 0.078711 -0.226509 -0.970823 3.418400 0.098792 0.970823 -0.218499 0.000000 0.000000 0.000000 0.000000 1.000000
0.991990 -0.078711 0.098793 0.000000 0.078712 -0.226510 -0.970823 3.418400 0.098792 0.970823 -0.218500 -0.000000 0.000000 0.000000 0.000000 1.000000
0.991990 -0.078711 0.098792 0.000000 0.078712 -0.226509 -0.970823 3.418400 0.098792 0.970823 -0.218499 0.000000 0.000000 0.000000 0.000000 1.000000
0.991990 -0.078711 0.098793 -0.000000 0.078712 -0.226509 -0.970823 3.418400 0.098792 0.970823 -0.218499 0.000000 0.000000 0.000000 0.000000 1.000000
0.991990 -0.078711 0.098792 0.000000 0.078712 -0.226509 -0.970823 3.418400 0.098792 0.970823 -0.218499 0.000000 0.000000 0.000000 0.000000 1.000000
0.991990 -0.078710 0.098793 -0.000000 0.078712 -0.226509 -0.970823 3.418400 0.098791 0.970823 -0.218499 0.000000 0.000000 0.000000 0.000000 1.000000
0.991990 -0.078711 0.098792 0.000000 0.078712 -0.226509 -0.970823 3.418400 0.098792 0.970823 -0.218499 0.000000 0.000000 0.000000 0.000000 1.000000
0.991990 -0.078711 0.098793 0.000000 0.078712 -0.226509 -0.970823 3.418400 0.098792 0.970823 -0.218499 0.000000 0.000000 0.000000 0.000000 1.000000
0.991990 -0.078711 0.098793 -0.000000 0.078712 -0.226509 -0.970823 3.418400 0.098792 0.970823 -0.218500 -0.000000 0.000000 0.000000 0.000000 1.000000
0.991990 -0.078711 0.098793 -0.000000 0.078712 -0.226509 -0.970823 3.418400 0.098792 0.970823 -0.218499 0.000000 0.000000 0.000000 0.000000 1.000000
0.991990 -0.078711 0.098793 0.000000 0.078712 -0.226509 -0.970823 3.418400 0.098792 0.970823 -0.218499 0.000000 0.000000 0.000000 0.000000 1.000000
0.991990 -0.078711 0.098794 0.000000 0.078713 -0.226509 -0.970823 3.418400 0.098792 0.970823 -0.218499 0.000000 0.000000 0.000000 0.000000 1.000000
0.991990 -0.078711 0.098793 0.000000 0.078712 -0.226510 -0.970823 3.418400 0.098792 0.970823 -0.218500 0.000000 0.000000 0.000000 0.000000 1.000000
0.991990 -0.078711 0.098793 0.000000 0.078712 -0.226510 -0.970823 3.418400 0.098793 0.970823 -0.218500 0.000000 0.000000 0.000000 0.000000 1.000000
0.991990 -0.078711 0.098793 0.000000 0.078712 -0.226509 -0.970823 3.418400 0.098792 0.970823 -0.218499 0.000000 0.000000 0.000000 0.000000 1.000000
0.991990 -0.078711 0.098793 0.000000 0.078712 -0.226510 -0.970823 3.418400 0.098792 0.970823 -0.218500 0.000000 0.000000 0.000000 0.000000 1.000000
0.991990 -0.078712 0.098792 0.000000 0.078711 -0.226509 -0.970823 3.418400 0.098793 0.970823 -0.218499 0.000000 0.000000 0.000000 0.000000 1.000000
0.991990 -0.078712 0.098793 0.000000 0.078712 -0.226509 -0.970823 3.418400 0.098792 0.970823 -0.218499 0.000000 0.000000 0.000000 0.000000 1.000000
0.991990 -0.078711 0.098793 -0.000000 0.078712 -0.226510 -0.970823 3.418400 0.098792 0.970823 -0.218500 0.000000 0.000000 0.000000 0.000000 1.000000
0.991990 -0.078711 0.098792 0.000000 0.078711 -0.226509 -0.970823 3.418400 0.098792 0.970823 -0.218499 0.000000 0.000000 0.000000 0.000000 1.000000
0.991990 -0.078712 0.098793 0.000000 0.078712 -0.226509 -0.970823 3.418400 0.098793 0.970823 -0.218499 0.000000 0.000000 0.000000 0.000000 1.000000
0.991990 -0.078711 0.098792 0.000000 0.078711 -0.226509 -0.970823 3.418400 0.098792 0.970823 -0.218499 -0.000000 0.000000 0.000000 0.000000 1.000000
0.991990 -0.078711 0.098793 0.000000 0.078712 -0.226510 -0.970823 3.418400 0.098792 0.970823 -0.218500 0.000000 0.000000 0.000000 0.000000 1.000000
0.991990 -0.078712 0.098792 0.000000 0.078711 -0.226509 -0.970823 3.418400 0.098792 0.970823 -0.218500 0.000000 0.000000 0.000000 0.000000 1.000000
0.991990 -0.078712 0.098793 0.000000 0.078712 -0.226510 -0.970823 3.418400 0.098792 0.970823 -0.218500 -0.000000 0.000000 0.000000 0.000000 1.000000
0.991990 -0.078711 0.098793 0.000000 0.078712 -0.226510 -0.970823 3.418400 0.098792 0.970823 -0.218500 0.000000 0.000000 0.000000 0.000000 1.000000
0.991990 -0.078711 0.098792 0.000000 0.078712 -0.226509 -0.970823 3.418400 0.098792 0.970823 -0.218499 -0.000000 0.000000 0.000000 0.000000 1.000000
0.991990 -0.078711 0.098792 0.000000 0.078711 -0.226509 -0.970823 3.418400 0.098792 0.970823 -0.218499 0.000000 0.000000 0.000000 0.000000 1.000000
0.991990 -0.078712 0.098793 -0.000000 0.078712 -0.226510 -0.970823 3.418400 0.098793 0.970823 -0.218500 0.000000 0.000000 0.000000 0.000000 1.000000
0.991990 -0.078711 0.098793 0.000000 0.078712 -0.226509 -0.970823 3.418400 0.098792 0.970823 -0.218499 0.000000 0.000000 0.000000 0.000000 1.000000
0.991990 -0.078711 0.098793 0.000000 0.078712 -0.226509 -0.970823 3.418400 0.098792 0.970823 -0.218500 -0.000000 0.000000 0.000000 0.000000 1.000000
0.991990 -0.078711 0.098792 0.000000 0.078712 -0.226510 -0.970823 3.418400 0.098792 0.970823 -0.218500 0.000000 0.000000 0.000000 0.000000 1.000000
0.991990 -0.078711 0.098793 0.000000 0.078712 -0.226510 -0.970823 3.418400 0.098792 0.970823 -0.218500 0.000000 0.000000 0.000000 0.000000 1.000000
0.991990 -0.078711 0.098793 0.000000 0.078713 -0.226510 -0.970823 3.418400 0.098792 0.970823 -0.218500 -0.000000 0.000000 0.000000 0.000000 1.000000
0.991990 -0.078711 0.098793 -0.000000 0.078712 -0.226510 -0.970823 3.418400 0.098792 0.970823 -0.218500 0.000000 0.000000 0.000000 0.000000 1.000000
0.991990 -0.078711 0.098793 0.000000 0.078713 -0.226509 -0.970823 3.418400 0.098792 0.970823 -0.218499 0.000000 0.000000 0.000000 0.000000 1.000000
0.991990 -0.078711 0.098792 0.000000 0.078712 -0.226510 -0.970823 3.418400 0.098792 0.970823 -0.218500 0.000000 0.000000 0.000000 0.000000 1.000000
0.991990 -0.078712 0.098793 0.000000 0.078712 -0.226509 -0.970823 3.418400 0.098793 0.970823 -0.218499 0.000000 0.000000 0.000000 0.000000 1.000000
0.991990 -0.078712 0.098792 -0.000000 0.078711 -0.226509 -0.970823 3.418400 0.098792 0.970823 -0.218499 0.000000 0.000000 0.000000 0.000000 1.000000
0.991990 -0.078711 0.098793 0.000000 0.078712 -0.226509 -0.970823 3.418400 0.098792 0.970823 -0.218500 0.000000 0.000000 0.000000 0.000000 1.000000
0.991990 -0.078711 0.098792 0.000000 0.078711 -0.226510 -0.970823 3.418400 0.098792 0.970823 -0.218500 0.000000 0.000000 0.000000 0.000000 1.000000
0.991990 -0.078712 0.098792 0.000000 0.078711 -0.226509 -0.970823 3.418400 0.098793 0.970823 -0.218499 0.000000 0.000000 0.000000 0.000000 1.000000
0.991990 -0.078711 0.098793 -0.000000 0.078712 -0.226509 -0.970823 3.418400 0.098792 0.970823 -0.218499 0.000000 0.000000 0.000000 0.000000 1.000000
0.991990 -0.078711 0.098792 0.000000 0.078712 -0.226509 -0.970823 3.418400 0.098792 0.970823 -0.218499 0.000000 0.000000 0.000000 0.000000 1.000000
0.991990 -0.078711 0.098793 0.000000 0.078712 -0.226509 -0.970823 3.418400 0.098792 0.970823 -0.218499 -0.000000 0.000000 0.000000 0.000000 1.000000
0.991990 -0.078711 0.098793 0.000000 0.078712 -0.226509 -0.970823 3.418400 0.098792 0.970823 -0.218499 0.000000 0.000000 0.000000 0.000000 1.000000
0.991990 -0.078711 0.098793 0.000000 0.078712 -0.226509 -0.970823 3.418400 0.098792 0.970823 -0.218499 -0.000000 0.000000 0.000000 0.000000 1.000000
0.991990 -0.078711 0.098793 0.000000 0.078712 -0.226510 -0.970823 3.418400 0.098792 0.970823 -0.218500 0.000000 0.000000 0.000000 0.000000 1.000000
0.991990 -0.078712 0.098792 0.000000 0.078711 -0.226509 -0.970823 3.418400 0.098793 0.970823 -0.218499 0.000000 0.000000 0.000000 0.000000 1.000000
0.991990 -0.078711 0.098793 0.000000 0.078712 -0.226509 -0.970823 3.418400 0.098792 0.970823 -0.218499 0.000000 0.000000 0.000000 0.000000 1.000000
0.991990 -0.078711 0.098792 0.000000 0.078712 -0.226509 -0.970823 3.418400 0.098792 0.970823 -0.218499 0.000000 0.000000 0.000000 0.000000 1.000000
0.991990 -0.078711 0.098793 0.000000 0.078713 -0.226509 -0.970823 3.418400 0.098792 0.970823 -0.218500 0.000000 0.000000 0.000000 0.000000 1.000000
0.991990 -0.078712 0.098793 -0.000000 0.078712 -0.226509 -0.970823 3.418400 0.098793 0.970823 -0.218499 -0.000000 0.000000 0.000000 0.000000 1.000000
0.991990 -0.078712 0.098793 0.000000 0.078712 -0.226509 -0.970823 3.418400 0.098793 0.970823 -0.218500 0.000000 0.000000 0.000000 0.000000 1.000000
0.991990 -0.078711 0.098793 -0.000000 0.078712 -0.226509 -0.970823 3.418400 0.098792 0.970823 -0.218499 0.000000 0.000000 0.000000 0.000000 1.000000
0.991990 -0.078712 0.098792 0.000000 0.078712 -0.226509 -0.970823 3.418400 0.098792 0.970823 -0.218499 0.000000 0.000000 0.000000 0.000000 1.000000
0.991990 -0.078711 0.098793 0.000000 0.078712 -0.226509 -0.970823 3.418400 0.098792 0.970823 -0.218499 0.000000 0.000000 0.000000 0.000000 1.000000
0.991990 -0.078711 0.098793 -0.000000 0.078712 -0.226510 -0.970823 3.418400 0.098792 0.970823 -0.218500 -0.000000 0.000000 0.000000 0.000000 1.000000
0.991990 -0.078712 0.098793 0.000000 0.078712 -0.226510 -0.970823 3.418400 0.098793 0.970823 -0.218500 0.000000 0.000000 0.000000 0.000000 1.000000</float_array>
        <technique_common>
          <accessor source="#mixamorig_RightHandMiddle2-Matrix-animation-output-transform-array" count="64" stride="16">
            <param type="float4x4"/>
          </accessor>
        </technique_common>
      </source>
      <source id="mixamorig_RightHandMiddle2-Interpolations">
        <Name_array id="mixamorig_RightHandMiddle2-Interpolations-array" count="64">
 LINEAR LINEAR LINEAR LINEAR LINEAR LINEAR LINEAR LINEAR LINEAR LINEAR LINEAR
LINEAR LINEAR LINEAR LINEAR LINEAR LINEAR LINEAR LINEAR LINEAR LINEAR LINEAR LINEAR
LINEAR LINEAR LINEAR LINEAR LINEAR LINEAR LINEAR LINEAR LINEAR LINEAR LINEAR LINEAR
LINEAR LINEAR LINEAR LINEAR LINEAR LINEAR LINEAR LINEAR LINEAR LINEAR LINEAR LINEAR
LINEAR LINEAR LINEAR LINEAR LINEAR LINEAR LINEAR LINEAR LINEAR LINEAR LINEAR LINEAR
LINEAR LINEAR LINEAR LINEAR LINEAR</Name_array>
        <technique_common>
          <accessor source="#mixamorig_RightHandMiddle2-Interpolations-array" count="64">
            <param type="name"/>
          </accessor>
        </technique_common>
      </source>
      <sampler id="mixamorig_RightHandMiddle2-Matrix-animation-transform">
        <input semantic="INPUT" source="#mixamorig_RightHandMiddle2-Matrix-animation-input"/>
        <input semantic="OUTPUT" source="#mixamorig_RightHandMiddle2-Matrix-animation-output-transform"/>
        <input semantic="INTERPOLATION" source="#mixamorig_RightHandMiddle2-Interpolations"/>
      </sampler>
      <channel source="#mixamorig_RightHandMiddle2-Matrix-animation-transform" target="mixamorig_RightHandMiddle2/matrix"/>
    </animation>
    <animation id="mixamorig_RightHandMiddle3-anim" name="mixamorig_RightHandMiddle3">
      <source id="mixamorig_RightHandMiddle3-Matrix-animation-input">
        <float_array id="mixamorig_RightHandMiddle3-Matrix-animation-input-array" count="64">

0.000000 0.033333 0.066667 0.100000 0.133333 0.166667 0.200000 0.233333 0.266667 0.300000 0.333333 0.366667 0.400000 0.433333 0.466667 0.500000
0.533333 0.566667 0.600000 0.633333 0.666667 0.700000 0.733333 0.766667 0.800000 0.833333 0.866667 0.900000 0.933333 0.966667 1.000000 1.033333
1.066667 1.100000 1.133333 1.166667 1.200000 1.233333 1.266667 1.300000 1.333333 1.366667 1.400000 1.433333 1.466667 1.500000 1.533333 1.566667
1.600000 1.633333 1.666667 1.700000 1.733333 1.766667 1.800000 1.833333 1.866667 1.900000 1.933333 1.966667 2.000000 2.033333 2.066667 2.100000</float_array>
        <technique_common>
          <accessor source="#mixamorig_RightHandMiddle3-Matrix-animation-input-array" count="64">
            <param name="TIME" type="float"/>
          </accessor>
        </technique_common>
      </source>
      <source id="mixamorig_RightHandMiddle3-Matrix-animation-output-transform">
        <float_array id="mixamorig_RightHandMiddle3-Matrix-animation-output-transform-array" count="1024">

0.995564 -0.076542 0.054713 0.000000 0.076543 0.320736 -0.944071 3.298600 0.054713 0.944071 0.325172 0.000000 0.000000 0.000000 0.000000 1.000000
0.995564 -0.076543 0.054712 0.000000 0.076542 0.320736 -0.944071 3.298600 0.054714 0.944071 0.325172 -0.000000 0.000000 0.000000 0.000000 1.000000
0.995564 -0.076542 0.054713 -0.000000 0.076543 0.320736 -0.944071 3.298600 0.054713 0.944071 0.325172 0.000000 0.000000 0.000000 0.000000 1.000000
0.995564 -0.076542 0.054713 0.000000 0.076543 0.320736 -0.944071 3.298600 0.054713 0.944071 0.325172 0.000000 0.000000 0.000000 0.000000 1.000000
0.995564 -0.076543 0.054712 -0.000000 0.076542 0.320735 -0.944071 3.298600 0.054714 0.944071 0.325171 0.000000 0.000000 0.000000 0.000000 1.000000
0.995564 -0.076543 0.054713 0.000000 0.076542 0.320736 -0.944071 3.298600 0.054714 0.944071 0.325171 0.000000 0.000000 0.000000 0.000000 1.000000
0.995564 -0.076542 0.054713 0.000000 0.076542 0.320736 -0.944071 3.298600 0.054713 0.944071 0.325172 -0.000000 0.000000 0.000000 0.000000 1.000000
0.995564 -0.076542 0.054713 0.000000 0.076542 0.320736 -0.944071 3.298600 0.054713 0.944071 0.325172 0.000000 0.000000 0.000000 0.000000 1.000000
0.995564 -0.076543 0.054713 0.000000 0.076542 0.320736 -0.944071 3.298600 0.054714 0.944071 0.325172 0.000000 0.000000 0.000000 0.000000 1.000000
0.995564 -0.076543 0.054713 0.000000 0.076542 0.320735 -0.944071 3.298600 0.054713 0.944071 0.325171 -0.000000 0.000000 0.000000 0.000000 1.000000
0.995564 -0.076542 0.054713 0.000000 0.076542 0.320735 -0.944071 3.298600 0.054713 0.944071 0.325171 0.000000 0.000000 0.000000 0.000000 1.000000
0.995564 -0.076542 0.054713 -0.000000 0.076543 0.320736 -0.944071 3.298600 0.054713 0.944071 0.325172 -0.000000 0.000000 0.000000 0.000000 1.000000
0.995564 -0.076542 0.054713 -0.000000 0.076542 0.320735 -0.944071 3.298600 0.054713 0.944071 0.325171 0.000000 0.000000 0.000000 0.000000 1.000000
0.995564 -0.076543 0.054712 -0.000000 0.076542 0.320736 -0.944071 3.298600 0.054713 0.944071 0.325172 0.000000 0.000000 0.000000 0.000000 1.000000
0.995564 -0.076543 0.054713 0.000000 0.076542 0.320735 -0.944071 3.298600 0.054714 0.944071 0.325171 0.000000 0.000000 0.000000 0.000000 1.000000
0.995564 -0.076543 0.054713 0.000000 0.076543 0.320735 -0.944071 3.298600 0.054714 0.944071 0.325171 -0.000000 0.000000 0.000000 0.000000 1.000000
0.995564 -0.076543 0.054712 -0.000000 0.076542 0.320736 -0.944071 3.298600 0.054713 0.944071 0.325172 0.000000 0.000000 0.000000 0.000000 1.000000
0.995564 -0.076542 0.054713 0.000000 0.076543 0.320736 -0.944071 3.298600 0.054713 0.944071 0.325172 -0.000000 0.000000 0.000000 0.000000 1.000000
0.995564 -0.076543 0.054713 0.000000 0.076542 0.320736 -0.944071 3.298600 0.054714 0.944071 0.325172 0.000000 0.000000 0.000000 0.000000 1.000000
0.995564 -0.076543 0.054713 -0.000000 0.076542 0.320736 -0.944071 3.298600 0.054713 0.944071 0.325172 0.000000 0.000000 0.000000 0.000000 1.000000
0.995564 -0.076543 0.054713 0.000000 0.076543 0.320736 -0.944071 3.298600 0.054713 0.944071 0.325172 -0.000000 0.000000 0.000000 0.000000 1.000000
0.995564 -0.076542 0.054713 0.000000 0.076543 0.320735 -0.944071 3.298600 0.054713 0.944071 0.325171 -0.000000 0.000000 0.000000 0.000000 1.000000
0.995564 -0.076542 0.054713 -0.000000 0.076543 0.320735 -0.944071 3.298600 0.054713 0.944071 0.325171 -0.000000 0.000000 0.000000 0.000000 1.000000
0.995564 -0.076542 0.054713 0.000000 0.076543 0.320736 -0.944071 3.298600 0.054713 0.944071 0.325172 -0.000000 0.000000 0.000000 0.000000 1.000000
0.995564 -0.076543 0.054713 0.000000 0.076542 0.320735 -0.944071 3.298600 0.054713 0.944071 0.325171 0.000000 0.000000 0.000000 0.000000 1.000000
0.995564 -0.076543 0.054712 0.000000 0.076542 0.320736 -0.944071 3.298600 0.054714 0.944071 0.325172 -0.000000 0.000000 0.000000 0.000000 1.000000
0.995564 -0.076542 0.054713 -0.000000 0.076542 0.320736 -0.944071 3.298600 0.054713 0.944071 0.325172 0.000000 0.000000 0.000000 0.000000 1.000000
0.995564 -0.076542 0.054713 0.000000 0.076542 0.320736 -0.944071 3.298600 0.054712 0.944071 0.325172 0.000000 0.000000 0.000000 0.000000 1.000000
0.995564 -0.076543 0.054713 -0.000000 0.076542 0.320736 -0.944071 3.298600 0.054713 0.944071 0.325172 0.000000 0.000000 0.000000 0.000000 1.000000
0.995564 -0.076542 0.054713 -0.000000 0.076543 0.320735 -0.944071 3.298600 0.054713 0.944071 0.325171 0.000000 0.000000 0.000000 0.000000 1.000000
0.995564 -0.076543 0.054713 0.000000 0.076542 0.320736 -0.944071 3.298600 0.054713 0.944071 0.325172 0.000000 0.000000 0.000000 0.000000 1.000000
0.995564 -0.076543 0.054713 0.000000 0.076542 0.320735 -0.944071 3.298600 0.054714 0.944071 0.325171 0.000000 0.000000 0.000000 0.000000 1.000000
0.995564 -0.076542 0.054713 -0.000000 0.076542 0.320736 -0.944071 3.298600 0.054713 0.944071 0.325172 0.000000 0.000000 0.000000 0.000000 1.000000
0.995564 -0.076543 0.054713 -0.000000 0.076543 0.320735 -0.944071 3.298600 0.054713 0.944071 0.325171 -0.000000 0.000000 0.000000 0.000000 1.000000
0.995564 -0.076542 0.054713 0.000000 0.076542 0.320735 -0.944071 3.298600 0.054713 0.944071 0.325171 -0.000000 0.000000 0.000000 0.000000 1.000000
0.995564 -0.076543 0.054713 0.000000 0.076542 0.320735 -0.944071 3.298600 0.054714 0.944071 0.325171 0.000000 0.000000 0.000000 0.000000 1.000000
0.995564 -0.076543 0.054713 0.000000 0.076542 0.320735 -0.944071 3.298600 0.054714 0.944071 0.325171 0.000000 0.000000 0.000000 0.000000 1.000000
0.995564 -0.076543 0.054713 0.000000 0.076543 0.320735 -0.944071 3.298600 0.054714 0.944071 0.325171 0.000000 0.000000 0.000000 0.000000 1.000000
0.995564 -0.076543 0.054713 0.000000 0.076542 0.320735 -0.944071 3.298600 0.054713 0.944071 0.325171 0.000000 0.000000 0.000000 0.000000 1.000000
0.995564 -0.076543 0.054713 -0.000000 0.076543 0.320735 -0.944071 3.298600 0.054713 0.944071 0.325171 -0.000000 0.000000 0.000000 0.000000 1.000000
0.995564 -0.076543 0.054713 0.000000 0.076542 0.320736 -0.944071 3.298600 0.054714 0.944071 0.325172 0.000000 0.000000 0.000000 0.000000 1.000000
0.995564 -0.076543 0.054713 0.000000 0.076542 0.320736 -0.944071 3.298600 0.054713 0.944071 0.325172 0.000000 0.000000 0.000000 0.000000 1.000000
0.995564 -0.076543 0.054713 0.000000 0.076542 0.320736 -0.944071 3.298600 0.054714 0.944071 0.325172 0.000000 0.000000 0.000000 0.000000 1.000000
0.995564 -0.076542 0.054713 0.000000 0.076542 0.320735 -0.944071 3.298600 0.054713 0.944071 0.325171 0.000000 0.000000 0.000000 0.000000 1.000000
0.995564 -0.076543 0.054713 0.000000 0.076542 0.320736 -0.944071 3.298600 0.054713 0.944071 0.325172 0.000000 0.000000 0.000000 0.000000 1.000000
0.995564 -0.076542 0.054713 -0.000000 0.076542 0.320736 -0.944071 3.298600 0.054713 0.944071 0.325172 -0.000000 0.000000 0.000000 0.000000 1.000000
0.995564 -0.076542 0.054713 0.000000 0.076542 0.320736 -0.944071 3.298600 0.054713 0.944071 0.325172 0.000000 0.000000 0.000000 0.000000 1.000000
0.995564 -0.076543 0.054712 0.000000 0.076542 0.320735 -0.944071 3.298600 0.054714 0.944071 0.325171 0.000000 0.000000 0.000000 0.000000 1.000000
0.995564 -0.076543 0.054713 0.000000 0.076542 0.320735 -0.944071 3.298600 0.054713 0.944071 0.325171 0.000000 0.000000 0.000000 0.000000 1.000000
0.995564 -0.076543 0.054713 0.000000 0.076543 0.320736 -0.944071 3.298600 0.054714 0.944071 0.325172 -0.000000 0.000000 0.000000 0.000000 1.000000
0.995564 -0.076542 0.054713 -0.000000 0.076542 0.320736 -0.944071 3.298600 0.054713 0.944071 0.325172 0.000000 0.000000 0.000000 0.000000 1.000000
0.995564 -0.076543 0.054713 0.000000 0.076543 0.320735 -0.944071 3.298600 0.054713 0.944071 0.325171 0.000000 0.000000 0.000000 0.000000 1.000000
0.995564 -0.076543 0.054713 0.000000 0.076543 0.320735 -0.944071 3.298600 0.054713 0.944071 0.325171 0.000000 0.000000 0.000000 0.000000 1.000000
0.995564 -0.076542 0.054713 0.000000 0.076542 0.320736 -0.944071 3.298600 0.054713 0.944071 0.325172 0.000000 0.000000 0.000000 0.000000 1.000000
0.995564 -0.076543 0.054714 -0.000000 0.076543 0.320735 -0.944071 3.298600 0.054713 0.944071 0.325171 -0.000000 0.000000 0.000000 0.000000 1.000000
0.995564 -0.076543 0.054713 0.000000 0.076542 0.320735 -0.944071 3.298600 0.054714 0.944071 0.325171 0.000000 0.000000 0.000000 0.000000 1.000000
0.995564 -0.076543 0.054713 0.000000 0.076543 0.320736 -0.944071 3.298600 0.054713 0.944071 0.325172 -0.000000 0.000000 0.000000 0.000000 1.000000
0.995564 -0.076543 0.054713 0.000000 0.076542 0.320736 -0.944071 3.298600 0.054713 0.944071 0.325172 0.000000 0.000000 0.000000 0.000000 1.000000
0.995564 -0.076542 0.054712 0.000000 0.076542 0.320735 -0.944071 3.298600 0.054713 0.944071 0.325171 0.000000 0.000000 0.000000 0.000000 1.000000
0.995564 -0.076542 0.054713 -0.000000 0.076542 0.320735 -0.944071 3.298600 0.054713 0.944071 0.325171 -0.000000 0.000000 0.000000 0.000000 1.000000
0.995564 -0.076543 0.054712 -0.000000 0.076542 0.320736 -0.944071 3.298600 0.054713 0.944071 0.325172 0.000000 0.000000 0.000000 0.000000 1.000000
0.995564 -0.076543 0.054713 0.000000 0.076543 0.320736 -0.944071 3.298600 0.054714 0.944071 0.325172 0.000000 0.000000 0.000000 0.000000 1.000000
0.995564 -0.076543 0.054713 0.000000 0.076542 0.320735 -0.944071 3.298600 0.054713 0.944071 0.325171 0.000000 0.000000 0.000000 0.000000 1.000000
0.995564 -0.076542 0.054713 0.000000 0.076543 0.320735 -0.944071 3.298600 0.054713 0.944071 0.325171 0.000000 0.000000 0.000000 0.000000 1.000000</float_array>
        <technique_common>
          <accessor source="#mixamorig_RightHandMiddle3-Matrix-animation-output-transform-array" count="64" stride="16">
            <param type="float4x4"/>
          </accessor>
        </technique_common>
      </source>
      <source id="mixamorig_RightHandMiddle3-Interpolations">
        <Name_array id="mixamorig_RightHandMiddle3-Interpolations-array" count="64">
 LINEAR LINEAR LINEAR LINEAR LINEAR LINEAR LINEAR LINEAR LINEAR LINEAR LINEAR
LINEAR LINEAR LINEAR LINEAR LINEAR LINEAR LINEAR LINEAR LINEAR LINEAR LINEAR LINEAR
LINEAR LINEAR LINEAR LINEAR LINEAR LINEAR LINEAR LINEAR LINEAR LINEAR LINEAR LINEAR
LINEAR LINEAR LINEAR LINEAR LINEAR LINEAR LINEAR LINEAR LINEAR LINEAR LINEAR LINEAR
LINEAR LINEAR LINEAR LINEAR LINEAR LINEAR LINEAR LINEAR LINEAR LINEAR LINEAR LINEAR
LINEAR LINEAR LINEAR LINEAR LINEAR</Name_array>
        <technique_common>
          <accessor source="#mixamorig_RightHandMiddle3-Interpolations-array" count="64">
            <param type="name"/>
          </accessor>
        </technique_common>
      </source>
      <sampler id="mixamorig_RightHandMiddle3-Matrix-animation-transform">
        <input semantic="INPUT" source="#mixamorig_RightHandMiddle3-Matrix-animation-input"/>
        <input semantic="OUTPUT" source="#mixamorig_RightHandMiddle3-Matrix-animation-output-transform"/>
        <input semantic="INTERPOLATION" source="#mixamorig_RightHandMiddle3-Interpolations"/>
      </sampler>
      <channel source="#mixamorig_RightHandMiddle3-Matrix-animation-transform" target="mixamorig_RightHandMiddle3/matrix"/>
    </animation>
    <animation id="mixamorig_RightHandRing1-anim" name="mixamorig_RightHandRing1">
      <source id="mixamorig_RightHandRing1-Matrix-animation-input">
        <float_array id="mixamorig_RightHandRing1-Matrix-animation-input-array" count="64">

0.000000 0.033333 0.066667 0.100000 0.133333 0.166667 0.200000 0.233333 0.266667 0.300000 0.333333 0.366667 0.400000 0.433333 0.466667 0.500000
0.533333 0.566667 0.600000 0.633333 0.666667 0.700000 0.733333 0.766667 0.800000 0.833333 0.866667 0.900000 0.933333 0.966667 1.000000 1.033333
1.066667 1.100000 1.133333 1.166667 1.200000 1.233333 1.266667 1.300000 1.333333 1.366667 1.400000 1.433333 1.466667 1.500000 1.533333 1.566667
1.600000 1.633333 1.666667 1.700000 1.733333 1.766667 1.800000 1.833333 1.866667 1.900000 1.933333 1.966667 2.000000 2.033333 2.066667 2.100000</float_array>
        <technique_common>
          <accessor source="#mixamorig_RightHandRing1-Matrix-animation-input-array" count="64">
            <param name="TIME" type="float"/>
          </accessor>
        </technique_common>
      </source>
      <source id="mixamorig_RightHandRing1-Matrix-animation-output-transform">
        <float_array id="mixamorig_RightHandRing1-Matrix-animation-output-transform-array" count="1024">

0.953836 -0.177587 0.242196 -2.998700 0.218847 0.963278 -0.155571 12.329100 -0.205674 0.201393 0.957674 -0.107000 0.000000 0.000000 0.000000 1.000000
0.953836 -0.177587 0.242196 -2.998700 0.218847 0.963278 -0.155570 12.329100 -0.205675 0.201392 0.957674 -0.107000 0.000000 0.000000 0.000000 1.000000
0.953837 -0.177586 0.242195 -2.998700 0.218846 0.963278 -0.155571 12.329100 -0.205674 0.201393 0.957674 -0.107000 0.000000 0.000000 0.000000 1.000000
0.953837 -0.177587 0.242196 -2.998700 0.218846 0.963278 -0.155571 12.329100 -0.205674 0.201393 0.957674 -0.107000 0.000000 0.000000 0.000000 1.000000
0.953836 -0.177587 0.242196 -2.998700 0.218847 0.963278 -0.155571 12.329100 -0.205675 0.201393 0.957674 -0.107000 0.000000 0.000000 0.000000 1.000000
0.953836 -0.177587 0.242196 -2.998700 0.218847 0.963278 -0.155570 12.329100 -0.205675 0.201392 0.957674 -0.107000 0.000000 0.000000 0.000000 1.000000
0.953837 -0.177587 0.242195 -2.998700 0.218847 0.963278 -0.155571 12.329100 -0.205674 0.201393 0.957674 -0.107000 0.000000 0.000000 0.000000 1.000000
0.953837 -0.177586 0.242196 -2.998700 0.218846 0.963278 -0.155571 12.329100 -0.205675 0.201393 0.957674 -0.107000 0.000000 0.000000 0.000000 1.000000
0.953837 -0.177587 0.242196 -2.998700 0.218847 0.963278 -0.155571 12.329100 -0.205674 0.201393 0.957674 -0.107000 0.000000 0.000000 0.000000 1.000000
0.953837 -0.177586 0.242196 -2.998700 0.218846 0.963278 -0.155571 12.329100 -0.205675 0.201393 0.957674 -0.107000 0.000000 0.000000 0.000000 1.000000
0.953837 -0.177586 0.242195 -2.998700 0.218846 0.963278 -0.155570 12.329100 -0.205674 0.201392 0.957674 -0.107000 0.000000 0.000000 0.000000 1.000000
0.953837 -0.177586 0.242196 -2.998700 0.218846 0.963278 -0.155571 12.329100 -0.205675 0.201393 0.957674 -0.107000 0.000000 0.000000 0.000000 1.000000
0.953837 -0.177587 0.242196 -2.998700 0.218847 0.963278 -0.155571 12.329100 -0.205674 0.201393 0.957674 -0.107000 0.000000 0.000000 0.000000 1.000000
0.953836 -0.177587 0.242196 -2.998700 0.218847 0.963278 -0.155571 12.329100 -0.205675 0.201393 0.957674 -0.107000 0.000000 0.000000 0.000000 1.000000
0.953836 -0.177587 0.242196 -2.998700 0.218847 0.963278 -0.155571 12.329100 -0.205675 0.201393 0.957674 -0.107000 0.000000 0.000000 0.000000 1.000000
0.953836 -0.177587 0.242196 -2.998700 0.218847 0.963278 -0.155570 12.329100 -0.205675 0.201393 0.957674 -0.107000 0.000000 0.000000 0.000000 1.000000
0.953836 -0.177587 0.242196 -2.998700 0.218847 0.963278 -0.155570 12.329100 -0.205675 0.201392 0.957674 -0.107000 0.000000 0.000000 0.000000 1.000000
0.953837 -0.177587 0.242196 -2.998700 0.218847 0.963278 -0.155571 12.329100 -0.205675 0.201393 0.957674 -0.107000 0.000000 0.000000 0.000000 1.000000
0.953836 -0.177587 0.242196 -2.998700 0.218847 0.963278 -0.155571 12.329100 -0.205674 0.201393 0.957674 -0.107000 0.000000 0.000000 0.000000 1.000000
0.953836 -0.177587 0.242196 -2.998700 0.218847 0.963278 -0.155571 12.329100 -0.205674 0.201393 0.957674 -0.107000 0.000000 0.000000 0.000000 1.000000
0.953837 -0.177587 0.242196 -2.998700 0.218846 0.963278 -0.155571 12.329100 -0.205675 0.201393 0.957674 -0.107000 0.000000 0.000000 0.000000 1.000000
0.953837 -0.177587 0.242196 -2.998700 0.218847 0.963278 -0.155571 12.329100 -0.205674 0.201393 0.957674 -0.107000 0.000000 0.000000 0.000000 1.000000
0.953837 -0.177587 0.242196 -2.998700 0.218847 0.963278 -0.155571 12.329100 -0.205674 0.201393 0.957674 -0.107000 0.000000 0.000000 0.000000 1.000000
0.953837 -0.177586 0.242196 -2.998700 0.218846 0.963278 -0.155571 12.329100 -0.205675 0.201393 0.957674 -0.107000 0.000000 0.000000 0.000000 1.000000
0.953837 -0.177587 0.242196 -2.998700 0.218846 0.963278 -0.155571 12.329100 -0.205675 0.201393 0.957674 -0.107000 0.000000 0.000000 0.000000 1.000000
0.953836 -0.177587 0.242196 -2.998700 0.218847 0.963278 -0.155571 12.329100 -0.205675 0.201393 0.957674 -0.107000 0.000000 0.000000 0.000000 1.000000
0.953836 -0.177587 0.242196 -2.998700 0.218847 0.963278 -0.155571 12.329100 -0.205675 0.201393 0.957674 -0.107000 0.000000 0.000000 0.000000 1.000000
0.953836 -0.177587 0.242196 -2.998700 0.218847 0.963278 -0.155571 12.329100 -0.205675 0.201393 0.957674 -0.107000 0.000000 0.000000 0.000000 1.000000
0.953837 -0.177587 0.242195 -2.998700 0.218847 0.963278 -0.155571 12.329100 -0.205674 0.201393 0.957674 -0.107000 0.000000 0.000000 0.000000 1.000000
0.953837 -0.177586 0.242196 -2.998700 0.218846 0.963278 -0.155571 12.329100 -0.205675 0.201393 0.957674 -0.107000 0.000000 0.000000 0.000000 1.000000
0.953836 -0.177587 0.242196 -2.998700 0.218847 0.963278 -0.155571 12.329100 -0.205674 0.201393 0.957674 -0.107000 0.000000 0.000000 0.000000 1.000000
0.953837 -0.177587 0.242196 -2.998700 0.218847 0.963278 -0.155571 12.329100 -0.205675 0.201393 0.957674 -0.107000 0.000000 0.000000 0.000000 1.000000
0.953836 -0.177587 0.242196 -2.998700 0.218847 0.963278 -0.155571 12.329100 -0.205675 0.201393 0.957674 -0.107000 0.000000 0.000000 0.000000 1.000000
0.953837 -0.177586 0.242196 -2.998700 0.218846 0.963278 -0.155571 12.329100 -0.205674 0.201393 0.957674 -0.107000 0.000000 0.000000 0.000000 1.000000
0.953837 -0.177587 0.242196 -2.998700 0.218847 0.963278 -0.155571 12.329100 -0.205674 0.201393 0.957674 -0.107000 0.000000 0.000000 0.000000 1.000000
0.953837 -0.177587 0.242196 -2.998700 0.218846 0.963278 -0.155571 12.329100 -0.205674 0.201393 0.957674 -0.107000 0.000000 0.000000 0.000000 1.000000
0.953837 -0.177587 0.242196 -2.998700 0.218847 0.963278 -0.155571 12.329100 -0.205674 0.201393 0.957674 -0.107000 0.000000 0.000000 0.000000 1.000000
0.953837 -0.177586 0.242196 -2.998700 0.218846 0.963278 -0.155571 12.329100 -0.205674 0.201393 0.957674 -0.107000 0.000000 0.000000 0.000000 1.000000
0.953837 -0.177587 0.242196 -2.998700 0.218847 0.963278 -0.155571 12.329100 -0.205674 0.201393 0.957674 -0.107000 0.000000 0.000000 0.000000 1.000000
0.953837 -0.177586 0.242195 -2.998700 0.218846 0.963278 -0.155571 12.329100 -0.205674 0.201393 0.957674 -0.107000 0.000000 0.000000 0.000000 1.000000
0.953837 -0.177586 0.242196 -2.998700 0.218846 0.963278 -0.155571 12.329100 -0.205675 0.201393 0.957674 -0.107000 0.000000 0.000000 0.000000 1.000000
0.953836 -0.177587 0.242196 -2.998700 0.218847 0.963278 -0.155571 12.329100 -0.205675 0.201393 0.957674 -0.107000 0.000000 0.000000 0.000000 1.000000
0.953837 -0.177587 0.242196 -2.998700 0.218847 0.963278 -0.155571 12.329100 -0.205674 0.201393 0.957674 -0.107000 0.000000 0.000000 0.000000 1.000000
0.953837 -0.177586 0.242196 -2.998700 0.218846 0.963278 -0.155571 12.329100 -0.205674 0.201393 0.957674 -0.107000 0.000000 0.000000 0.000000 1.000000
0.953837 -0.177587 0.242196 -2.998700 0.218847 0.963278 -0.155571 12.329100 -0.205674 0.201393 0.957674 -0.107000 0.000000 0.000000 0.000000 1.000000
0.953836 -0.177587 0.242196 -2.998700 0.218847 0.963278 -0.155571 12.329100 -0.205675 0.201393 0.957674 -0.107000 0.000000 0.000000 0.000000 1.000000
0.953837 -0.177586 0.242195 -2.998700 0.218846 0.963278 -0.155571 12.329100 -0.205674 0.201393 0.957674 -0.107000 0.000000 0.000000 0.000000 1.000000
0.953837 -0.177587 0.242196 -2.998700 0.218847 0.963278 -0.155571 12.329100 -0.205674 0.201393 0.957674 -0.107000 0.000000 0.000000 0.000000 1.000000
0.953837 -0.177586 0.242195 -2.998700 0.218846 0.963278 -0.155571 12.329100 -0.205674 0.201393 0.957674 -0.107000 0.000000 0.000000 0.000000 1.000000
0.953837 -0.177586 0.242196 -2.998700 0.218846 0.963278 -0.155571 12.329100 -0.205674 0.201393 0.957674 -0.107000 0.000000 0.000000 0.000000 1.000000
0.953837 -0.177586 0.242196 -2.998700 0.218846 0.963278 -0.155571 12.329100 -0.205675 0.201393 0.957674 -0.107000 0.000000 0.000000 0.000000 1.000000
0.953836 -0.177587 0.242196 -2.998700 0.218847 0.963278 -0.155571 12.329100 -0.205675 0.201393 0.957674 -0.107000 0.000000 0.000000 0.000000 1.000000
0.953837 -0.177586 0.242196 -2.998700 0.218846 0.963278 -0.155571 12.329100 -0.205674 0.201393 0.957674 -0.107000 0.000000 0.000000 0.000000 1.000000
0.953837 -0.177587 0.242196 -2.998700 0.218847 0.963278 -0.155571 12.329100 -0.205674 0.201393 0.957674 -0.107000 0.000000 0.000000 0.000000 1.000000
0.953836 -0.177587 0.242196 -2.998700 0.218847 0.963278 -0.155571 12.329100 -0.205675 0.201393 0.957674 -0.107000 0.000000 0.000000 0.000000 1.000000
0.953837 -0.177586 0.242195 -2.998700 0.218846 0.963278 -0.155571 12.329100 -0.205674 0.201393 0.957674 -0.107000 0.000000 0.000000 0.000000 1.000000
0.953837 -0.177587 0.242196 -2.998700 0.218847 0.963278 -0.155571 12.329100 -0.205674 0.201393 0.957674 -0.107000 0.000000 0.000000 0.000000 1.000000
0.953837 -0.177586 0.242196 -2.998700 0.218846 0.963278 -0.155571 12.329100 -0.205674 0.201393 0.957674 -0.107000 0.000000 0.000000 0.000000 1.000000
0.953837 -0.177587 0.242196 -2.998700 0.218847 0.963278 -0.155571 12.329100 -0.205675 0.201393 0.957674 -0.107000 0.000000 0.000000 0.000000 1.000000
0.953837 -0.177586 0.242196 -2.998700 0.218846 0.963278 -0.155571 12.329100 -0.205674 0.201393 0.957674 -0.107000 0.000000 0.000000 0.000000 1.000000
0.953836 -0.177587 0.242196 -2.998700 0.218847 0.963278 -0.155571 12.329100 -0.205674 0.201393 0.957674 -0.107000 0.000000 0.000000 0.000000 1.000000
0.953837 -0.177587 0.242196 -2.998700 0.218847 0.963278 -0.155571 12.329100 -0.205675 0.201393 0.957674 -0.107000 0.000000 0.000000 0.000000 1.000000
0.953837 -0.177587 0.242196 -2.998700 0.218847 0.963278 -0.155571 12.329100 -0.205675 0.201393 0.957674 -0.107000 0.000000 0.000000 0.000000 1.000000
0.953836 -0.177587 0.242196 -2.998700 0.218847 0.963278 -0.155570 12.329100 -0.205675 0.201392 0.957674 -0.107000 0.000000 0.000000 0.000000 1.000000</float_array>
        <technique_common>
          <accessor source="#mixamorig_RightHandRing1-Matrix-animation-output-transform-array" count="64" stride="16">
            <param type="float4x4"/>
          </accessor>
        </technique_common>
      </source>
      <source id="mixamorig_RightHandRing1-Interpolations">
        <Name_array id="mixamorig_RightHandRing1-Interpolations-array" count="64">
 LINEAR LINEAR LINEAR LINEAR LINEAR LINEAR LINEAR LINEAR LINEAR LINEAR LINEAR
LINEAR LINEAR LINEAR LINEAR LINEAR LINEAR LINEAR LINEAR LINEAR LINEAR LINEAR LINEAR
LINEAR LINEAR LINEAR LINEAR LINEAR LINEAR LINEAR LINEAR LINEAR LINEAR LINEAR LINEAR
LINEAR LINEAR LINEAR LINEAR LINEAR LINEAR LINEAR LINEAR LINEAR LINEAR LINEAR LINEAR
LINEAR LINEAR LINEAR LINEAR LINEAR LINEAR LINEAR LINEAR LINEAR LINEAR LINEAR LINEAR
LINEAR LINEAR LINEAR LINEAR LINEAR</Name_array>
        <technique_common>
          <accessor source="#mixamorig_RightHandRing1-Interpolations-array" count="64">
            <param type="name"/>
          </accessor>
        </technique_common>
      </source>
      <sampler id="mixamorig_RightHandRing1-Matrix-animation-transform">
        <input semantic="INPUT" source="#mixamorig_RightHandRing1-Matrix-animation-input"/>
        <input semantic="OUTPUT" source="#mixamorig_RightHandRing1-Matrix-animation-output-transform"/>
        <input semantic="INTERPOLATION" source="#mixamorig_RightHandRing1-Interpolations"/>
      </sampler>
      <channel source="#mixamorig_RightHandRing1-Matrix-animation-transform" target="mixamorig_RightHandRing1/matrix"/>
    </animation>
    <animation id="mixamorig_RightHandRing2-anim" name="mixamorig_RightHandRing2">
      <source id="mixamorig_RightHandRing2-Matrix-animation-input">
        <float_array id="mixamorig_RightHandRing2-Matrix-animation-input-array" count="64">

0.000000 0.033333 0.066667 0.100000 0.133333 0.166667 0.200000 0.233333 0.266667 0.300000 0.333333 0.366667 0.400000 0.433333 0.466667 0.500000
0.533333 0.566667 0.600000 0.633333 0.666667 0.700000 0.733333 0.766667 0.800000 0.833333 0.866667 0.900000 0.933333 0.966667 1.000000 1.033333
1.066667 1.100000 1.133333 1.166667 1.200000 1.233333 1.266667 1.300000 1.333333 1.366667 1.400000 1.433333 1.466667 1.500000 1.533333 1.566667
1.600000 1.633333 1.666667 1.700000 1.733333 1.766667 1.800000 1.833333 1.866667 1.900000 1.933333 1.966667 2.000000 2.033333 2.066667 2.100000</float_array>
        <technique_common>
          <accessor source="#mixamorig_RightHandRing2-Matrix-animation-input-array" count="64">
            <param name="TIME" type="float"/>
          </accessor>
        </technique_common>
      </source>
      <source id="mixamorig_RightHandRing2-Matrix-animation-output-transform">
        <float_array id="mixamorig_RightHandRing2-Matrix-animation-output-transform-array" count="1024">

0.990796 -0.073732 0.113517 0.000000 0.073733 -0.409310 -0.909411 3.058700 0.113516 0.909411 -0.400106 0.000000 0.000000 0.000000 0.000000 1.000000
0.990796 -0.073733 0.113517 0.000000 0.073732 -0.409310 -0.909411 3.058700 0.113517 0.909411 -0.400106 0.000000 0.000000 0.000000 0.000000 1.000000
0.990796 -0.073732 0.113517 0.000000 0.073733 -0.409310 -0.909411 3.058700 0.113516 0.909411 -0.400106 -0.000000 0.000000 0.000000 0.000000 1.000000
0.990796 -0.073733 0.113517 0.000000 0.073733 -0.409310 -0.909411 3.058700 0.113517 0.909411 -0.400106 0.000000 0.000000 0.000000 0.000000 1.000000
0.990796 -0.073733 0.113516 0.000000 0.073732 -0.409310 -0.909411 3.058700 0.113517 0.909411 -0.400106 -0.000000 0.000000 0.000000 0.000000 1.000000
0.990796 -0.073732 0.113516 0.000000 0.073732 -0.409309 -0.909412 3.058700 0.113516 0.909412 -0.400106 0.000000 0.000000 0.000000 0.000000 1.000000
0.990796 -0.073732 0.113517 0.000000 0.073733 -0.409310 -0.909411 3.058700 0.113517 0.909411 -0.400106 0.000000 0.000000 0.000000 0.000000 1.000000
0.990796 -0.073732 0.113516 -0.000000 0.073733 -0.409309 -0.909412 3.058700 0.113516 0.909412 -0.400105 0.000000 0.000000 0.000000 0.000000 1.000000
0.990796 -0.073733 0.113517 -0.000000 0.073732 -0.409310 -0.909411 3.058700 0.113517 0.909411 -0.400106 0.000000 0.000000 0.000000 0.000000 1.000000
0.990796 -0.073732 0.113517 -0.000000 0.073733 -0.409309 -0.909412 3.058700 0.113516 0.909412 -0.400106 0.000000 0.000000 0.000000 0.000000 1.000000
0.990796 -0.073732 0.113517 -0.000000 0.073733 -0.409309 -0.909412 3.058700 0.113516 0.909412 -0.400106 0.000000 0.000000 0.000000 0.000000 1.000000
0.990796 -0.073732 0.113517 0.000000 0.073733 -0.409309 -0.909411 3.058700 0.113516 0.909412 -0.400106 0.000000 0.000000 0.000000 0.000000 1.000000
0.990796 -0.073732 0.113517 -0.000000 0.073733 -0.409310 -0.909411 3.058700 0.113516 0.909411 -0.400106 -0.000000 0.000000 0.000000 0.000000 1.000000
0.990796 -0.073732 0.113517 -0.000000 0.073733 -0.409310 -0.909411 3.058700 0.113517 0.909411 -0.400106 0.000000 0.000000 0.000000 0.000000 1.000000
0.990796 -0.073733 0.113517 0.000000 0.073733 -0.409310 -0.909411 3.058700 0.113517 0.909411 -0.400106 0.000000 0.000000 0.000000 0.000000 1.000000
0.990796 -0.073732 0.113518 0.000000 0.073734 -0.409309 -0.909411 3.058700 0.113517 0.909412 -0.400106 0.000000 0.000000 0.000000 0.000000 1.000000
0.990796 -0.073733 0.113517 -0.000000 0.073733 -0.409310 -0.909411 3.058700 0.113517 0.909411 -0.400106 -0.000000 0.000000 0.000000 0.000000 1.000000
0.990796 -0.073732 0.113517 0.000000 0.073733 -0.409309 -0.909412 3.058700 0.113516 0.909412 -0.400106 0.000000 0.000000 0.000000 0.000000 1.000000
0.990796 -0.073732 0.113517 -0.000000 0.073733 -0.409310 -0.909411 3.058700 0.113517 0.909411 -0.400106 -0.000000 0.000000 0.000000 0.000000 1.000000
0.990796 -0.073733 0.113516 0.000000 0.073732 -0.409309 -0.909412 3.058700 0.113517 0.909412 -0.400106 -0.000000 0.000000 0.000000 0.000000 1.000000
0.990796 -0.073732 0.113516 0.000000 0.073733 -0.409310 -0.909411 3.058700 0.113516 0.909411 -0.400106 -0.000000 0.000000 0.000000 0.000000 1.000000
0.990796 -0.073732 0.113517 -0.000000 0.073733 -0.409310 -0.909411 3.058700 0.113516 0.909411 -0.400106 0.000000 0.000000 0.000000 0.000000 1.000000
0.990796 -0.073732 0.113517 0.000000 0.073733 -0.409309 -0.909412 3.058700 0.113516 0.909412 -0.400105 0.000000 0.000000 0.000000 0.000000 1.000000
0.990796 -0.073732 0.113517 0.000000 0.073733 -0.409310 -0.909411 3.058700 0.113517 0.909411 -0.400106 0.000000 0.000000 0.000000 0.000000 1.000000
0.990796 -0.073731 0.113517 -0.000000 0.073734 -0.409310 -0.909411 3.058700 0.113516 0.909412 -0.400106 0.000000 0.000000 0.000000 0.000000 1.000000
0.990796 -0.073732 0.113517 0.000000 0.073733 -0.409310 -0.909411 3.058700 0.113516 0.909411 -0.400107 -0.000000 0.000000 0.000000 0.000000 1.000000
0.990796 -0.073732 0.113517 0.000000 0.073733 -0.409310 -0.909411 3.058700 0.113516 0.909411 -0.400106 -0.000000 0.000000 0.000000 0.000000 1.000000
0.990796 -0.073732 0.113516 0.000000 0.073732 -0.409310 -0.909411 3.058700 0.113517 0.909411 -0.400107 0.000000 0.000000 0.000000 0.000000 1.000000
0.990796 -0.073732 0.113517 0.000000 0.073733 -0.409309 -0.909412 3.058700 0.113517 0.909412 -0.400106 -0.000000 0.000000 0.000000 0.000000 1.000000
0.990796 -0.073733 0.113517 0.000000 0.073732 -0.409310 -0.909411 3.058700 0.113517 0.909411 -0.400106 0.000000 0.000000 0.000000 0.000000 1.000000
0.990796 -0.073732 0.113517 -0.000000 0.073733 -0.409310 -0.909411 3.058700 0.113516 0.909412 -0.400106 0.000000 0.000000 0.000000 0.000000 1.000000
0.990796 -0.073732 0.113517 0.000000 0.073733 -0.409310 -0.909411 3.058700 0.113517 0.909411 -0.400106 0.000000 0.000000 0.000000 0.000000 1.000000
0.990796 -0.073732 0.113517 0.000000 0.073733 -0.409309 -0.909412 3.058700 0.113517 0.909412 -0.400105 0.000000 0.000000 0.000000 0.000000 1.000000
0.990796 -0.073734 0.113517 0.000000 0.073732 -0.409310 -0.909411 3.058700 0.113518 0.909411 -0.400106 0.000000 0.000000 0.000000 0.000000 1.000000
0.990796 -0.073732 0.113517 0.000000 0.073733 -0.409310 -0.909411 3.058700 0.113516 0.909411 -0.400106 0.000000 0.000000 0.000000 0.000000 1.000000
0.990796 -0.073733 0.113517 0.000000 0.073732 -0.409310 -0.909411 3.058700 0.113517 0.909411 -0.400106 0.000000 0.000000 0.000000 0.000000 1.000000
0.990796 -0.073732 0.113517 0.000000 0.073732 -0.409310 -0.909411 3.058700 0.113516 0.909411 -0.400107 -0.000000 0.000000 0.000000 0.000000 1.000000
0.990796 -0.073732 0.113517 0.000000 0.073733 -0.409309 -0.909412 3.058700 0.113516 0.909412 -0.400105 0.000000 0.000000 0.000000 0.000000 1.000000
0.990796 -0.073732 0.113517 0.000000 0.073733 -0.409309 -0.909412 3.058700 0.113516 0.909412 -0.400106 0.000000 0.000000 0.000000 0.000000 1.000000
0.990796 -0.073732 0.113517 0.000000 0.073733 -0.409310 -0.909411 3.058700 0.113516 0.909411 -0.400106 0.000000 0.000000 0.000000 0.000000 1.000000
0.990796 -0.073731 0.113517 0.000000 0.073733 -0.409309 -0.909411 3.058700 0.113516 0.909412 -0.400106 0.000000 0.000000 0.000000 0.000000 1.000000
0.990796 -0.073732 0.113517 0.000000 0.073733 -0.409309 -0.909412 3.058700 0.113516 0.909412 -0.400106 0.000000 0.000000 0.000000 0.000000 1.000000
0.990796 -0.073733 0.113517 0.000000 0.073732 -0.409309 -0.909412 3.058700 0.113517 0.909412 -0.400106 0.000000 0.000000 0.000000 0.000000 1.000000
0.990797 -0.073731 0.113516 0.000000 0.073733 -0.409309 -0.909411 3.058700 0.113515 0.909412 -0.400106 -0.000000 0.000000 0.000000 0.000000 1.000000
0.990796 -0.073733 0.113517 0.000000 0.073733 -0.409309 -0.909412 3.058700 0.113517 0.909412 -0.400106 -0.000000 0.000000 0.000000 0.000000 1.000000
0.990796 -0.073733 0.113517 0.000000 0.073732 -0.409310 -0.909411 3.058700 0.113517 0.909411 -0.400106 0.000000 0.000000 0.000000 0.000000 1.000000
0.990796 -0.073732 0.113516 0.000000 0.073732 -0.409310 -0.909411 3.058700 0.113516 0.909411 -0.400106 0.000000 0.000000 0.000000 0.000000 1.000000
0.990796 -0.073732 0.113517 0.000000 0.073733 -0.409310 -0.909411 3.058700 0.113516 0.909411 -0.400106 -0.000000 0.000000 0.000000 0.000000 1.000000
0.990796 -0.073732 0.113516 -0.000000 0.073732 -0.409310 -0.909411 3.058700 0.113516 0.909411 -0.400106 0.000000 0.000000 0.000000 0.000000 1.000000
0.990796 -0.073732 0.113517 0.000000 0.073733 -0.409309 -0.909412 3.058700 0.113516 0.909412 -0.400106 0.000000 0.000000 0.000000 0.000000 1.000000
0.990796 -0.073733 0.113517 0.000000 0.073733 -0.409310 -0.909411 3.058700 0.113517 0.909411 -0.400106 -0.000000 0.000000 0.000000 0.000000 1.000000
0.990796 -0.073732 0.113517 -0.000000 0.073733 -0.409309 -0.909412 3.058700 0.113516 0.909412 -0.400106 0.000000 0.000000 0.000000 0.000000 1.000000
0.990796 -0.073732 0.113517 0.000000 0.073733 -0.409310 -0.909411 3.058700 0.113516 0.909411 -0.400106 0.000000 0.000000 0.000000 0.000000 1.000000
0.990796 -0.073733 0.113517 0.000000 0.073732 -0.409310 -0.909411 3.058700 0.113517 0.909411 -0.400106 0.000000 0.000000 0.000000 0.000000 1.000000
0.990796 -0.073733 0.113517 0.000000 0.073733 -0.409309 -0.909412 3.058700 0.113517 0.909411 -0.400106 0.000000 0.000000 0.000000 0.000000 1.000000
0.990796 -0.073733 0.113517 0.000000 0.073732 -0.409310 -0.909411 3.058700 0.113517 0.909411 -0.400107 0.000000 0.000000 0.000000 0.000000 1.000000
0.990796 -0.073732 0.113517 0.000000 0.073732 -0.409310 -0.909411 3.058700 0.113517 0.909411 -0.400106 0.000000 0.000000 0.000000 0.000000 1.000000
0.990796 -0.073732 0.113517 0.000000 0.073733 -0.409310 -0.909411 3.058700 0.113517 0.909411 -0.400106 -0.000000 0.000000 0.000000 0.000000 1.000000
0.990796 -0.073733 0.113516 0.000000 0.073732 -0.409310 -0.909411 3.058700 0.113517 0.909411 -0.400106 0.000000 0.000000 0.000000 0.000000 1.000000
0.990796 -0.073733 0.113517 0.000000 0.073733 -0.409310 -0.909411 3.058700 0.113517 0.909411 -0.400106 0.000000 0.000000 0.000000 0.000000 1.000000
0.990796 -0.073732 0.113517 -0.000000 0.073733 -0.409310 -0.909411 3.058700 0.113516 0.909411 -0.400106 0.000000 0.000000 0.000000 0.000000 1.000000
0.990796 -0.073732 0.113517 0.000000 0.073733 -0.409310 -0.909411 3.058700 0.113517 0.909411 -0.400106 -0.000000 0.000000 0.000000 0.000000 1.000000
0.990796 -0.073733 0.113516 -0.000000 0.073732 -0.409310 -0.909411 3.058700 0.113517 0.909411 -0.400106 0.000000 0.000000 0.000000 0.000000 1.000000
0.990796 -0.073732 0.113517 -0.000000 0.073733 -0.409310 -0.909411 3.058700 0.113516 0.909411 -0.400106 0.000000 0.000000 0.000000 0.000000 1.000000</float_array>
        <technique_common>
          <accessor source="#mixamorig_RightHandRing2-Matrix-animation-output-transform-array" count="64" stride="16">
            <param type="float4x4"/>
          </accessor>
        </technique_common>
      </source>
      <source id="mixamorig_RightHandRing2-Interpolations">
        <Name_array id="mixamorig_RightHandRing2-Interpolations-array" count="64">
 LINEAR LINEAR LINEAR LINEAR LINEAR LINEAR LINEAR LINEAR LINEAR LINEAR LINEAR
LINEAR LINEAR LINEAR LINEAR LINEAR LINEAR LINEAR LINEAR LINEAR LINEAR LINEAR LINEAR
LINEAR LINEAR LINEAR LINEAR LINEAR LINEAR LINEAR LINEAR LINEAR LINEAR LINEAR LINEAR
LINEAR LINEAR LINEAR LINEAR LINEAR LINEAR LINEAR LINEAR LINEAR LINEAR LINEAR LINEAR
LINEAR LINEAR LINEAR LINEAR LINEAR LINEAR LINEAR LINEAR LINEAR LINEAR LINEAR LINEAR
LINEAR LINEAR LINEAR LINEAR LINEAR</Name_array>
        <technique_common>
          <accessor source="#mixamorig_RightHandRing2-Interpolations-array" count="64">
            <param type="name"/>
          </accessor>
        </technique_common>
      </source>
      <sampler id="mixamorig_RightHandRing2-Matrix-animation-transform">
        <input semantic="INPUT" source="#mixamorig_RightHandRing2-Matrix-animation-input"/>
        <input semantic="OUTPUT" source="#mixamorig_RightHandRing2-Matrix-animation-output-transform"/>
        <input semantic="INTERPOLATION" source="#mixamorig_RightHandRing2-Interpolations"/>
      </sampler>
      <channel source="#mixamorig_RightHandRing2-Matrix-animation-transform" target="mixamorig_RightHandRing2/matrix"/>
    </animation>
    <animation id="mixamorig_RightHandRing3-anim" name="mixamorig_RightHandRing3">
      <source id="mixamorig_RightHandRing3-Matrix-animation-input">
        <float_array id="mixamorig_RightHandRing3-Matrix-animation-input-array" count="64">

0.000000 0.033333 0.066667 0.100000 0.133333 0.166667 0.200000 0.233333 0.266667 0.300000 0.333333 0.366667 0.400000 0.433333 0.466667 0.500000
0.533333 0.566667 0.600000 0.633333 0.666667 0.700000 0.733333 0.766667 0.800000 0.833333 0.866667 0.900000 0.933333 0.966667 1.000000 1.033333
1.066667 1.100000 1.133333 1.166667 1.200000 1.233333 1.266667 1.300000 1.333333 1.366667 1.400000 1.433333 1.466667 1.500000 1.533333 1.566667
1.600000 1.633333 1.666667 1.700000 1.733333 1.766667 1.800000 1.833333 1.866667 1.900000 1.933333 1.966667 2.000000 2.033333 2.066667 2.100000</float_array>
        <technique_common>
          <accessor source="#mixamorig_RightHandRing3-Matrix-animation-input-array" count="64">
            <param name="TIME" type="float"/>
          </accessor>
        </technique_common>
      </source>
      <source id="mixamorig_RightHandRing3-Matrix-animation-output-transform">
        <float_array id="mixamorig_RightHandRing3-Matrix-animation-output-transform-array" count="1024">

0.994732 -0.079288 0.064979 0.000000 0.079288 0.193281 -0.977935 3.289500 0.064979 0.977935 0.198549 0.000000 0.000000 0.000000 0.000000 1.000000
0.994732 -0.079289 0.064979 0.000000 0.079288 0.193281 -0.977935 3.289500 0.064980 0.977934 0.198549 0.000000 0.000000 0.000000 0.000000 1.000000
0.994732 -0.079289 0.064979 0.000000 0.079288 0.193281 -0.977935 3.289500 0.064980 0.977935 0.198549 0.000000 0.000000 0.000000 0.000000 1.000000
0.994732 -0.079288 0.064979 0.000000 0.079288 0.193281 -0.977934 3.289500 0.064979 0.977934 0.198550 -0.000000 0.000000 0.000000 0.000000 1.000000
0.994732 -0.079288 0.064979 0.000000 0.079288 0.193280 -0.977935 3.289500 0.064979 0.977935 0.198548 0.000000 0.000000 0.000000 0.000000 1.000000
0.994732 -0.079288 0.064979 0.000000 0.079288 0.193281 -0.977935 3.289500 0.064980 0.977935 0.198549 0.000000 0.000000 0.000000 0.000000 1.000000
0.994732 -0.079288 0.064980 -0.000000 0.079288 0.193281 -0.977935 3.289500 0.064980 0.977935 0.198549 0.000000 0.000000 0.000000 0.000000 1.000000
0.994732 -0.079289 0.064979 0.000000 0.079288 0.193281 -0.977934 3.289500 0.064980 0.977934 0.198549 0.000000 0.000000 0.000000 0.000000 1.000000
0.994732 -0.079288 0.064979 -0.000000 0.079288 0.193281 -0.977934 3.289500 0.064979 0.977934 0.198549 -0.000000 0.000000 0.000000 0.000000 1.000000
0.994732 -0.079288 0.064979 0.000000 0.079288 0.193280 -0.977935 3.289500 0.064980 0.977935 0.198549 0.000000 0.000000 0.000000 0.000000 1.000000
0.994732 -0.079289 0.064979 0.000000 0.079288 0.193280 -0.977935 3.289500 0.064980 0.977935 0.198549 -0.000000 0.000000 0.000000 0.000000 1.000000
0.994732 -0.079289 0.064979 -0.000000 0.079288 0.193281 -0.977935 3.289500 0.064980 0.977934 0.198549 0.000000 0.000000 0.000000 0.000000 1.000000
0.994732 -0.079288 0.064979 0.000000 0.079288 0.193281 -0.977934 3.289500 0.064979 0.977934 0.198549 0.000000 0.000000 0.000000 0.000000 1.000000
0.994732 -0.079289 0.064979 0.000000 0.079288 0.193281 -0.977934 3.289500 0.064980 0.977934 0.198549 0.000000 0.000000 0.000000 0.000000 1.000000
0.994732 -0.079289 0.064979 0.000000 0.079288 0.193281 -0.977935 3.289500 0.064980 0.977934 0.198549 -0.000000 0.000000 0.000000 0.000000 1.000000
0.994732 -0.079289 0.064979 -0.000000 0.079288 0.193280 -0.977935 3.289500 0.064980 0.977935 0.198549 0.000000 0.000000 0.000000 0.000000 1.000000
0.994732 -0.079288 0.064979 -0.000000 0.079288 0.193281 -0.977934 3.289500 0.064980 0.977934 0.198549 0.000000 0.000000 0.000000 0.000000 1.000000
0.994732 -0.079288 0.064980 0.000000 0.079288 0.193280 -0.977935 3.289500 0.064980 0.977935 0.198548 0.000000 0.000000 0.000000 0.000000 1.000000
0.994732 -0.079289 0.064979 0.000000 0.079288 0.193281 -0.977935 3.289500 0.064980 0.977934 0.198549 0.000000 0.000000 0.000000 0.000000 1.000000
0.994732 -0.079288 0.064979 0.000000 0.079288 0.193280 -0.977935 3.289500 0.064980 0.977935 0.198549 0.000000 0.000000 0.000000 0.000000 1.000000
0.994732 -0.079288 0.064979 -0.000000 0.079288 0.193282 -0.977934 3.289500 0.064979 0.977934 0.198550 0.000000 0.000000 0.000000 0.000000 1.000000
0.994732 -0.079288 0.064979 0.000000 0.079288 0.193281 -0.977935 3.289500 0.064980 0.977935 0.198549 0.000000 0.000000 0.000000 0.000000 1.000000
0.994732 -0.079289 0.064979 -0.000000 0.079288 0.193281 -0.977934 3.289500 0.064980 0.977934 0.198549 0.000000 0.000000 0.000000 0.000000 1.000000
0.994732 -0.079288 0.064979 0.000000 0.079288 0.193281 -0.977934 3.289500 0.064979 0.977934 0.198549 0.000000 0.000000 0.000000 0.000000 1.000000
0.994732 -0.079288 0.064979 0.000000 0.079288 0.193281 -0.977935 3.289500 0.064979 0.977935 0.198549 0.000000 0.000000 0.000000 0.000000 1.000000
0.994732 -0.079288 0.064979 0.000000 0.079288 0.193280 -0.977935 3.289500 0.064979 0.977935 0.198549 0.000000 0.000000 0.000000 0.000000 1.000000
0.994732 -0.079288 0.064979 -0.000000 0.079287 0.193281 -0.977935 3.289500 0.064980 0.977935 0.198549 0.000000 0.000000 0.000000 0.000000 1.000000
0.994732 -0.079288 0.064980 0.000000 0.079289 0.193281 -0.977934 3.289500 0.064979 0.977934 0.198550 0.000000 0.000000 0.000000 0.000000 1.000000
0.994732 -0.079288 0.064979 0.000000 0.079288 0.193281 -0.977935 3.289500 0.064980 0.977935 0.198549 0.000000 0.000000 0.000000 0.000000 1.000000
0.994732 -0.079288 0.064980 0.000000 0.079288 0.193281 -0.977934 3.289500 0.064979 0.977934 0.198550 0.000000 0.000000 0.000000 0.000000 1.000000
0.994732 -0.079288 0.064979 0.000000 0.079288 0.193281 -0.977935 3.289500 0.064980 0.977934 0.198549 0.000000 0.000000 0.000000 0.000000 1.000000
0.994732 -0.079288 0.064979 0.000000 0.079288 0.193280 -0.977935 3.289500 0.064980 0.977935 0.198549 0.000000 0.000000 0.000000 0.000000 1.000000
0.994732 -0.079288 0.064979 0.000000 0.079288 0.193280 -0.977935 3.289500 0.064980 0.977935 0.198549 -0.000000 0.000000 0.000000 0.000000 1.000000
0.994732 -0.079288 0.064979 0.000000 0.079288 0.193280 -0.977935 3.289500 0.064979 0.977935 0.198549 -0.000000 0.000000 0.000000 0.000000 1.000000
0.994732 -0.079288 0.064979 0.000000 0.079288 0.193281 -0.977935 3.289500 0.064979 0.977935 0.198549 -0.000000 0.000000 0.000000 0.000000 1.000000
0.994732 -0.079289 0.064979 0.000000 0.079288 0.193280 -0.977935 3.289500 0.064980 0.977935 0.198549 0.000000 0.000000 0.000000 0.000000 1.000000
0.994732 -0.079289 0.064979 0.000000 0.079288 0.193280 -0.977935 3.289500 0.064980 0.977935 0.198549 0.000000 0.000000 0.000000 0.000000 1.000000
0.994732 -0.079289 0.064979 0.000000 0.079288 0.193280 -0.977935 3.289500 0.064980 0.977935 0.198549 0.000000 0.000000 0.000000 0.000000 1.000000
0.994732 -0.079288 0.064980 0.000000 0.079288 0.193281 -0.977934 3.289500 0.064980 0.977935 0.198549 0.000000 0.000000 0.000000 0.000000 1.000000
0.994732 -0.079288 0.064979 0.000000 0.079288 0.193280 -0.977935 3.289500 0.064980 0.977935 0.198549 0.000000 0.000000 0.000000 0.000000 1.000000
0.994732 -0.079289 0.064979 0.000000 0.079288 0.193281 -0.977935 3.289500 0.064980 0.977935 0.198549 0.000000 0.000000 0.000000 0.000000 1.000000
0.994732 -0.079288 0.064979 0.000000 0.079288 0.193281 -0.977935 3.289500 0.064979 0.977935 0.198549 0.000000 0.000000 0.000000 0.000000 1.000000
0.994732 -0.079288 0.064979 0.000000 0.079288 0.193281 -0.977935 3.289500 0.064980 0.977934 0.198549 0.000000 0.000000 0.000000 0.000000 1.000000
0.994732 -0.079289 0.064980 0.000000 0.079288 0.193280 -0.977935 3.289500 0.064980 0.977935 0.198549 0.000000 0.000000 0.000000 0.000000 1.000000
0.994732 -0.079289 0.064979 -0.000000 0.079288 0.193280 -0.977935 3.289500 0.064980 0.977935 0.198549 -0.000000 0.000000 0.000000 0.000000 1.000000
0.994732 -0.079289 0.064979 0.000000 0.079288 0.193280 -0.977935 3.289500 0.064980 0.977935 0.198548 0.000000 0.000000 0.000000 0.000000 1.000000
0.994732 -0.079289 0.064979 0.000000 0.079288 0.193280 -0.977935 3.289500 0.064980 0.977935 0.198548 0.000000 0.000000 0.000000 0.000000 1.000000
0.994732 -0.079288 0.064979 0.000000 0.079288 0.193280 -0.977935 3.289500 0.064979 0.977935 0.198549 -0.000000 0.000000 0.000000 0.000000 1.000000
0.994732 -0.079289 0.064979 0.000000 0.079288 0.193280 -0.977935 3.289500 0.064980 0.977935 0.198549 0.000000 0.000000 0.000000 0.000000 1.000000
0.994732 -0.079288 0.064979 -0.000000 0.079288 0.193280 -0.977935 3.289500 0.064980 0.977935 0.198549 0.000000 0.000000 0.000000 0.000000 1.000000
0.994732 -0.079289 0.064979 -0.000000 0.079288 0.193281 -0.977935 3.289500 0.064980 0.977935 0.198549 -0.000000 0.000000 0.000000 0.000000 1.000000
0.994732 -0.079288 0.064979 -0.000000 0.079288 0.193280 -0.977935 3.289500 0.064979 0.977935 0.198548 0.000000 0.000000 0.000000 0.000000 1.000000
0.994732 -0.079289 0.064979 0.000000 0.079288 0.193280 -0.977935 3.289500 0.064980 0.977935 0.198549 0.000000 0.000000 0.000000 0.000000 1.000000
0.994732 -0.079288 0.064979 0.000000 0.079288 0.193281 -0.977934 3.289500 0.064979 0.977934 0.198550 0.000000 0.000000 0.000000 0.000000 1.000000
0.994732 -0.079288 0.064979 -0.000000 0.079288 0.193281 -0.977935 3.289500 0.064980 0.977934 0.198549 0.000000 0.000000 0.000000 0.000000 1.000000
0.994732 -0.079288 0.064980 -0.000000 0.079288 0.193281 -0.977934 3.289500 0.064979 0.977934 0.198549 0.000000 0.000000 0.000000 0.000000 1.000000
0.994732 -0.079288 0.064979 0.000000 0.079288 0.193281 -0.977935 3.289500 0.064979 0.977935 0.198549 0.000000 0.000000 0.000000 0.000000 1.000000
0.994732 -0.079288 0.064979 0.000000 0.079288 0.193281 -0.977935 3.289500 0.064979 0.977935 0.198549 0.000000 0.000000 0.000000 0.000000 1.000000
0.994732 -0.079289 0.064979 0.000000 0.079288 0.193281 -0.977934 3.289500 0.064980 0.977934 0.198550 0.000000 0.000000 0.000000 0.000000 1.000000
0.994732 -0.079289 0.064978 0.000000 0.079287 0.193281 -0.977935 3.289500 0.064980 0.977935 0.198549 0.000000 0.000000 0.000000 0.000000 1.000000
0.994732 -0.079288 0.064980 -0.000000 0.079288 0.193281 -0.977935 3.289500 0.064979 0.977935 0.198549 0.000000 0.000000 0.000000 0.000000 1.000000
0.994732 -0.079289 0.064979 0.000000 0.079288 0.193280 -0.977935 3.289500 0.064980 0.977935 0.198549 0.000000 0.000000 0.000000 0.000000 1.000000
0.994732 -0.079288 0.064979 0.000000 0.079288 0.193281 -0.977935 3.289500 0.064979 0.977935 0.198549 -0.000000 0.000000 0.000000 0.000000 1.000000
0.994732 -0.079288 0.064980 0.000000 0.079288 0.193280 -0.977935 3.289500 0.064979 0.977935 0.198549 0.000000 0.000000 0.000000 0.000000 1.000000</float_array>
        <technique_common>
          <accessor source="#mixamorig_RightHandRing3-Matrix-animation-output-transform-array" count="64" stride="16">
            <param type="float4x4"/>
          </accessor>
        </technique_common>
      </source>
      <source id="mixamorig_RightHandRing3-Interpolations">
        <Name_array id="mixamorig_RightHandRing3-Interpolations-array" count="64">
 LINEAR LINEAR LINEAR LINEAR LINEAR LINEAR LINEAR LINEAR LINEAR LINEAR LINEAR
LINEAR LINEAR LINEAR LINEAR LINEAR LINEAR LINEAR LINEAR LINEAR LINEAR LINEAR LINEAR
LINEAR LINEAR LINEAR LINEAR LINEAR LINEAR LINEAR LINEAR LINEAR LINEAR LINEAR LINEAR
LINEAR LINEAR LINEAR LINEAR LINEAR LINEAR LINEAR LINEAR LINEAR LINEAR LINEAR LINEAR
LINEAR LINEAR LINEAR LINEAR LINEAR LINEAR LINEAR LINEAR LINEAR LINEAR LINEAR LINEAR
LINEAR LINEAR LINEAR LINEAR LINEAR</Name_array>
        <technique_common>
          <accessor source="#mixamorig_RightHandRing3-Interpolations-array" count="64">
            <param type="name"/>
          </accessor>
        </technique_common>
      </source>
      <sampler id="mixamorig_RightHandRing3-Matrix-animation-transform">
        <input semantic="INPUT" source="#mixamorig_RightHandRing3-Matrix-animation-input"/>
        <input semantic="OUTPUT" source="#mixamorig_RightHandRing3-Matrix-animation-output-transform"/>
        <input semantic="INTERPOLATION" source="#mixamorig_RightHandRing3-Interpolations"/>
      </sampler>
      <channel source="#mixamorig_RightHandRing3-Matrix-animation-transform" target="mixamorig_RightHandRing3/matrix"/>
    </animation>
    <animation id="mixamorig_RightHandPinky1-anim" name="mixamorig_RightHandPinky1">
      <source id="mixamorig_RightHandPinky1-Matrix-animation-input">
        <float_array id="mixamorig_RightHandPinky1-Matrix-animation-input-array" count="64">

0.000000 0.033333 0.066667 0.100000 0.133333 0.166667 0.200000 0.233333 0.266667 0.300000 0.333333 0.366667 0.400000 0.433333 0.466667 0.500000
0.533333 0.566667 0.600000 0.633333 0.666667 0.700000 0.733333 0.766667 0.800000 0.833333 0.866667 0.900000 0.933333 0.966667 1.000000 1.033333
1.066667 1.100000 1.133333 1.166667 1.200000 1.233333 1.266667 1.300000 1.333333 1.366667 1.400000 1.433333 1.466667 1.500000 1.533333 1.566667
1.600000 1.633333 1.666667 1.700000 1.733333 1.766667 1.800000 1.833333 1.866667 1.900000 1.933333 1.966667 2.000000 2.033333 2.066667 2.100000</float_array>
        <technique_common>
          <accessor source="#mixamorig_RightHandPinky1-Matrix-animation-input-array" count="64">
            <param name="TIME" type="float"/>
          </accessor>
        </technique_common>
      </source>
      <source id="mixamorig_RightHandPinky1-Matrix-animation-output-transform">
        <float_array id="mixamorig_RightHandPinky1-Matrix-animation-output-transform-array" count="1024">

0.936955 -0.156268 0.312562 -5.731500 0.182422 0.981620 -0.056069 11.385500 -0.298056 0.109552 0.948241 0.771000 0.000000 0.000000 0.000000 1.000000
0.936955 -0.156268 0.312562 -5.731500 0.182422 0.981620 -0.056069 11.385500 -0.298056 0.109552 0.948241 0.771000 0.000000 0.000000 0.000000 1.000000
0.936956 -0.156268 0.312561 -5.731500 0.182421 0.981621 -0.056069 11.385500 -0.298055 0.109552 0.948241 0.771000 0.000000 0.000000 0.000000 1.000000
0.936955 -0.156268 0.312562 -5.731500 0.182422 0.981620 -0.056069 11.385500 -0.298056 0.109552 0.948241 0.771000 0.000000 0.000000 0.000000 1.000000
0.936955 -0.156268 0.312562 -5.731500 0.182422 0.981620 -0.056069 11.385500 -0.298056 0.109552 0.948241 0.771000 0.000000 0.000000 0.000000 1.000000
0.936955 -0.156268 0.312562 -5.731500 0.182421 0.981620 -0.056069 11.385500 -0.298056 0.109552 0.948241 0.771000 0.000000 0.000000 0.000000 1.000000
0.936955 -0.156268 0.312562 -5.731500 0.182421 0.981620 -0.056069 11.385500 -0.298056 0.109552 0.948241 0.771000 0.000000 0.000000 0.000000 1.000000
0.936955 -0.156268 0.312562 -5.731500 0.182422 0.981620 -0.056069 11.385500 -0.298055 0.109552 0.948241 0.771000 0.000000 0.000000 0.000000 1.000000
0.936955 -0.156268 0.312562 -5.731500 0.182421 0.981621 -0.056069 11.385500 -0.298055 0.109552 0.948241 0.771000 0.000000 0.000000 0.000000 1.000000
0.936956 -0.156268 0.312561 -5.731500 0.182421 0.981620 -0.056069 11.385500 -0.298055 0.109552 0.948241 0.771000 0.000000 0.000000 0.000000 1.000000
0.936955 -0.156268 0.312562 -5.731500 0.182421 0.981621 -0.056068 11.385500 -0.298056 0.109551 0.948241 0.771000 0.000000 0.000000 0.000000 1.000000
0.936955 -0.156269 0.312562 -5.731500 0.182422 0.981620 -0.056069 11.385500 -0.298056 0.109552 0.948241 0.771000 0.000000 0.000000 0.000000 1.000000
0.936955 -0.156268 0.312562 -5.731500 0.182422 0.981620 -0.056069 11.385500 -0.298055 0.109552 0.948241 0.771000 0.000000 0.000000 0.000000 1.000000
0.936955 -0.156268 0.312562 -5.731500 0.182422 0.981620 -0.056069 11.385500 -0.298056 0.109553 0.948241 0.771000 0.000000 0.000000 0.000000 1.000000
0.936955 -0.156268 0.312562 -5.731500 0.182422 0.981620 -0.056069 11.385500 -0.298056 0.109552 0.948241 0.771000 0.000000 0.000000 0.000000 1.000000
0.936955 -0.156269 0.312562 -5.731500 0.182422 0.981620 -0.056068 11.385500 -0.298056 0.109552 0.948241 0.771000 0.000000 0.000000 0.000000 1.000000
0.936955 -0.156268 0.312562 -5.731500 0.182422 0.981620 -0.056069 11.385500 -0.298055 0.109552 0.948241 0.771000 0.000000 0.000000 0.000000 1.000000
0.936955 -0.156268 0.312562 -5.731500 0.182421 0.981620 -0.056069 11.385500 -0.298056 0.109552 0.948241 0.771000 0.000000 0.000000 0.000000 1.000000
0.936956 -0.156268 0.312561 -5.731500 0.182422 0.981620 -0.056069 11.385500 -0.298055 0.109552 0.948241 0.771000 0.000000 0.000000 0.000000 1.000000
0.936955 -0.156269 0.312562 -5.731500 0.182422 0.981620 -0.056069 11.385500 -0.298055 0.109552 0.948241 0.771000 0.000000 0.000000 0.000000 1.000000
0.936955 -0.156268 0.312562 -5.731500 0.182422 0.981620 -0.056069 11.385500 -0.298056 0.109552 0.948241 0.771000 0.000000 0.000000 0.000000 1.000000
0.936955 -0.156268 0.312562 -5.731500 0.182422 0.981620 -0.056069 11.385500 -0.298056 0.109552 0.948241 0.771000 0.000000 0.000000 0.000000 1.000000
0.936955 -0.156268 0.312562 -5.731500 0.182421 0.981621 -0.056069 11.385500 -0.298055 0.109552 0.948241 0.771000 0.000000 0.000000 0.000000 1.000000
0.936955 -0.156268 0.312562 -5.731500 0.182422 0.981620 -0.056068 11.385500 -0.298056 0.109552 0.948241 0.771000 0.000000 0.000000 0.000000 1.000000
0.936955 -0.156268 0.312562 -5.731500 0.182422 0.981620 -0.056069 11.385500 -0.298056 0.109552 0.948241 0.771000 0.000000 0.000000 0.000000 1.000000
0.936955 -0.156268 0.312562 -5.731500 0.182422 0.981620 -0.056069 11.385500 -0.298055 0.109553 0.948241 0.771000 0.000000 0.000000 0.000000 1.000000
0.936955 -0.156268 0.312562 -5.731500 0.182421 0.981620 -0.056069 11.385500 -0.298056 0.109552 0.948241 0.771000 0.000000 0.000000 0.000000 1.000000
0.936955 -0.156268 0.312562 -5.731500 0.182422 0.981620 -0.056069 11.385500 -0.298055 0.109552 0.948241 0.771000 0.000000 0.000000 0.000000 1.000000
0.936955 -0.156268 0.312562 -5.731500 0.182421 0.981620 -0.056069 11.385500 -0.298055 0.109552 0.948241 0.771000 0.000000 0.000000 0.000000 1.000000
0.936955 -0.156268 0.312562 -5.731500 0.182422 0.981620 -0.056069 11.385500 -0.298056 0.109552 0.948241 0.771000 0.000000 0.000000 0.000000 1.000000
0.936955 -0.156269 0.312562 -5.731500 0.182422 0.981620 -0.056069 11.385500 -0.298055 0.109552 0.948241 0.771000 0.000000 0.000000 0.000000 1.000000
0.936955 -0.156268 0.312562 -5.731500 0.182422 0.981620 -0.056069 11.385500 -0.298056 0.109552 0.948241 0.771000 0.000000 0.000000 0.000000 1.000000
0.936955 -0.156268 0.312562 -5.731500 0.182422 0.981620 -0.056069 11.385500 -0.298056 0.109552 0.948241 0.771000 0.000000 0.000000 0.000000 1.000000
0.936955 -0.156268 0.312562 -5.731500 0.182422 0.981620 -0.056069 11.385500 -0.298056 0.109552 0.948241 0.771000 0.000000 0.000000 0.000000 1.000000
0.936955 -0.156268 0.312562 -5.731500 0.182421 0.981620 -0.056069 11.385500 -0.298055 0.109552 0.948241 0.771000 0.000000 0.000000 0.000000 1.000000
0.936955 -0.156268 0.312562 -5.731500 0.182422 0.981620 -0.056069 11.385500 -0.298056 0.109552 0.948241 0.771000 0.000000 0.000000 0.000000 1.000000
0.936955 -0.156269 0.312562 -5.731500 0.182422 0.981620 -0.056069 11.385500 -0.298055 0.109552 0.948241 0.771000 0.000000 0.000000 0.000000 1.000000
0.936955 -0.156268 0.312562 -5.731500 0.182422 0.981620 -0.056069 11.385500 -0.298055 0.109552 0.948241 0.771000 0.000000 0.000000 0.000000 1.000000
0.936955 -0.156268 0.312562 -5.731500 0.182422 0.981620 -0.056069 11.385500 -0.298055 0.109552 0.948241 0.771000 0.000000 0.000000 0.000000 1.000000
0.936955 -0.156268 0.312562 -5.731500 0.182421 0.981620 -0.056069 11.385500 -0.298056 0.109552 0.948241 0.771000 0.000000 0.000000 0.000000 1.000000
0.936955 -0.156268 0.312562 -5.731500 0.182422 0.981620 -0.056068 11.385500 -0.298056 0.109552 0.948241 0.771000 0.000000 0.000000 0.000000 1.000000
0.936955 -0.156268 0.312562 -5.731500 0.182421 0.981620 -0.056068 11.385500 -0.298055 0.109552 0.948241 0.771000 0.000000 0.000000 0.000000 1.000000
0.936955 -0.156268 0.312562 -5.731500 0.182421 0.981620 -0.056069 11.385500 -0.298055 0.109552 0.948241 0.771000 0.000000 0.000000 0.000000 1.000000
0.936955 -0.156268 0.312562 -5.731500 0.182422 0.981620 -0.056069 11.385500 -0.298056 0.109552 0.948241 0.771000 0.000000 0.000000 0.000000 1.000000
0.936955 -0.156268 0.312562 -5.731500 0.182422 0.981620 -0.056069 11.385500 -0.298056 0.109552 0.948241 0.771000 0.000000 0.000000 0.000000 1.000000
0.936955 -0.156268 0.312562 -5.731500 0.182422 0.981620 -0.056069 11.385500 -0.298056 0.109552 0.948241 0.771000 0.000000 0.000000 0.000000 1.000000
0.936956 -0.156268 0.312562 -5.731500 0.182421 0.981620 -0.056069 11.385500 -0.298055 0.109552 0.948241 0.771000 0.000000 0.000000 0.000000 1.000000
0.936955 -0.156268 0.312562 -5.731500 0.182422 0.981620 -0.056068 11.385500 -0.298056 0.109552 0.948241 0.771000 0.000000 0.000000 0.000000 1.000000
0.936955 -0.156268 0.312562 -5.731500 0.182421 0.981620 -0.056069 11.385500 -0.298056 0.109552 0.948241 0.771000 0.000000 0.000000 0.000000 1.000000
0.936955 -0.156268 0.312562 -5.731500 0.182422 0.981620 -0.056069 11.385500 -0.298056 0.109552 0.948241 0.771000 0.000000 0.000000 0.000000 1.000000
0.936955 -0.156268 0.312562 -5.731500 0.182421 0.981620 -0.056069 11.385500 -0.298055 0.109552 0.948241 0.771000 0.000000 0.000000 0.000000 1.000000
0.936955 -0.156268 0.312562 -5.731500 0.182422 0.981620 -0.056069 11.385500 -0.298056 0.109552 0.948241 0.771000 0.000000 0.000000 0.000000 1.000000
0.936955 -0.156268 0.312562 -5.731500 0.182422 0.981620 -0.056069 11.385500 -0.298055 0.109552 0.948241 0.771000 0.000000 0.000000 0.000000 1.000000
0.936955 -0.156268 0.312562 -5.731500 0.182422 0.981620 -0.056069 11.385500 -0.298056 0.109552 0.948241 0.771000 0.000000 0.000000 0.000000 1.000000
0.936955 -0.156268 0.312562 -5.731500 0.182422 0.981620 -0.056069 11.385500 -0.298055 0.109552 0.948241 0.771000 0.000000 0.000000 0.000000 1.000000
0.936955 -0.156268 0.312562 -5.731500 0.182422 0.981620 -0.056069 11.385500 -0.298056 0.109552 0.948241 0.771000 0.000000 0.000000 0.000000 1.000000
0.936955 -0.156268 0.312562 -5.731500 0.182422 0.981620 -0.056069 11.385500 -0.298056 0.109552 0.948241 0.771000 0.000000 0.000000 0.000000 1.000000
0.936955 -0.156268 0.312562 -5.731500 0.182422 0.981620 -0.056069 11.385500 -0.298055 0.109552 0.948241 0.771000 0.000000 0.000000 0.000000 1.000000
0.936955 -0.156268 0.312562 -5.731500 0.182422 0.981620 -0.056069 11.385500 -0.298055 0.109552 0.948241 0.771000 0.000000 0.000000 0.000000 1.000000
0.936955 -0.156268 0.312562 -5.731500 0.182422 0.981620 -0.056069 11.385500 -0.298056 0.109552 0.948241 0.771000 0.000000 0.000000 0.000000 1.000000
0.936955 -0.156268 0.312562 -5.731500 0.182422 0.981620 -0.056069 11.385500 -0.298056 0.109552 0.948241 0.771000 0.000000 0.000000 0.000000 1.000000
0.936955 -0.156268 0.312562 -5.731500 0.182421 0.981620 -0.056069 11.385500 -0.298055 0.109552 0.948241 0.771000 0.000000 0.000000 0.000000 1.000000
0.936955 -0.156268 0.312562 -5.731500 0.182422 0.981620 -0.056069 11.385500 -0.298055 0.109552 0.948241 0.771000 0.000000 0.000000 0.000000 1.000000
0.936955 -0.156268 0.312562 -5.731500 0.182421 0.981621 -0.056069 11.385500 -0.298056 0.109552 0.948241 0.771000 0.000000 0.000000 0.000000 1.000000</float_array>
        <technique_common>
          <accessor source="#mixamorig_RightHandPinky1-Matrix-animation-output-transform-array" count="64" stride="16">
            <param type="float4x4"/>
          </accessor>
        </technique_common>
      </source>
      <source id="mixamorig_RightHandPinky1-Interpolations">
        <Name_array id="mixamorig_RightHandPinky1-Interpolations-array" count="64">
 LINEAR LINEAR LINEAR LINEAR LINEAR LINEAR LINEAR LINEAR LINEAR LINEAR LINEAR
LINEAR LINEAR LINEAR LINEAR LINEAR LINEAR LINEAR LINEAR LINEAR LINEAR LINEAR LINEAR
LINEAR LINEAR LINEAR LINEAR LINEAR LINEAR LINEAR LINEAR LINEAR LINEAR LINEAR LINEAR
LINEAR LINEAR LINEAR LINEAR LINEAR LINEAR LINEAR LINEAR LINEAR LINEAR LINEAR LINEAR
LINEAR LINEAR LINEAR LINEAR LINEAR LINEAR LINEAR LINEAR LINEAR LINEAR LINEAR LINEAR
LINEAR LINEAR LINEAR LINEAR LINEAR</Name_array>
        <technique_common>
          <accessor source="#mixamorig_RightHandPinky1-Interpolations-array" count="64">
            <param type="name"/>
          </accessor>
        </technique_common>
      </source>
      <sampler id="mixamorig_RightHandPinky1-Matrix-animation-transform">
        <input semantic="INPUT" source="#mixamorig_RightHandPinky1-Matrix-animation-input"/>
        <input semantic="OUTPUT" source="#mixamorig_RightHandPinky1-Matrix-animation-output-transform"/>
        <input semantic="INTERPOLATION" source="#mixamorig_RightHandPinky1-Interpolations"/>
      </sampler>
      <channel source="#mixamorig_RightHandPinky1-Matrix-animation-transform" target="mixamorig_RightHandPinky1/matrix"/>
    </animation>
    <animation id="mixamorig_RightHandPinky2-anim" name="mixamorig_RightHandPinky2">
      <source id="mixamorig_RightHandPinky2-Matrix-animation-input">
        <float_array id="mixamorig_RightHandPinky2-Matrix-animation-input-array" count="64">

0.000000 0.033333 0.066667 0.100000 0.133333 0.166667 0.200000 0.233333 0.266667 0.300000 0.333333 0.366667 0.400000 0.433333 0.466667 0.500000
0.533333 0.566667 0.600000 0.633333 0.666667 0.700000 0.733333 0.766667 0.800000 0.833333 0.866667 0.900000 0.933333 0.966667 1.000000 1.033333
1.066667 1.100000 1.133333 1.166667 1.200000 1.233333 1.266667 1.300000 1.333333 1.366667 1.400000 1.433333 1.466667 1.500000 1.533333 1.566667
1.600000 1.633333 1.666667 1.700000 1.733333 1.766667 1.800000 1.833333 1.866667 1.900000 1.933333 1.966667 2.000000 2.033333 2.066667 2.100000</float_array>
        <technique_common>
          <accessor source="#mixamorig_RightHandPinky2-Matrix-animation-input-array" count="64">
            <param name="TIME" type="float"/>
          </accessor>
        </technique_common>
      </source>
      <source id="mixamorig_RightHandPinky2-Matrix-animation-output-transform">
        <float_array id="mixamorig_RightHandPinky2-Matrix-animation-output-transform-array" count="1024">

0.992999 -0.080602 0.086355 0.000000 0.080602 -0.072095 -0.994136 2.856200 0.086355 0.994136 -0.065093 0.000000 0.000000 0.000000 0.000000 1.000000
0.992999 -0.080601 0.086355 0.000000 0.080602 -0.072094 -0.994136 2.856200 0.086354 0.994136 -0.065092 0.000000 0.000000 0.000000 0.000000 1.000000
0.992999 -0.080601 0.086355 0.000000 0.080602 -0.072095 -0.994136 2.856200 0.086354 0.994136 -0.065093 -0.000000 0.000000 0.000000 0.000000 1.000000
0.992999 -0.080602 0.086355 0.000000 0.080602 -0.072094 -0.994136 2.856200 0.086355 0.994136 -0.065093 -0.000000 0.000000 0.000000 0.000000 1.000000
0.992999 -0.080602 0.086354 0.000000 0.080601 -0.072094 -0.994136 2.856200 0.086355 0.994136 -0.065092 0.000000 0.000000 0.000000 0.000000 1.000000
0.992999 -0.080601 0.086354 0.000000 0.080601 -0.072095 -0.994136 2.856200 0.086354 0.994136 -0.065093 0.000000 0.000000 0.000000 0.000000 1.000000
0.992999 -0.080601 0.086355 0.000000 0.080602 -0.072094 -0.994136 2.856200 0.086354 0.994136 -0.065093 0.000000 0.000000 0.000000 0.000000 1.000000
0.992999 -0.080602 0.086354 0.000000 0.080601 -0.072094 -0.994136 2.856200 0.086355 0.994136 -0.065093 0.000000 0.000000 0.000000 0.000000 1.000000
0.992999 -0.080601 0.086355 0.000000 0.080602 -0.072094 -0.994136 2.856200 0.086354 0.994136 -0.065093 0.000000 0.000000 0.000000 0.000000 1.000000
0.992999 -0.080601 0.086354 0.000000 0.080601 -0.072094 -0.994136 2.856200 0.086354 0.994136 -0.065093 0.000000 0.000000 0.000000 0.000000 1.000000
0.992999 -0.080602 0.086354 0.000000 0.080601 -0.072095 -0.994136 2.856200 0.086355 0.994136 -0.065093 -0.000000 0.000000 0.000000 0.000000 1.000000
0.992999 -0.080601 0.086355 0.000000 0.080602 -0.072094 -0.994136 2.856200 0.086354 0.994136 -0.065093 0.000000 0.000000 0.000000 0.000000 1.000000
0.992999 -0.080602 0.086355 -0.000000 0.080602 -0.072094 -0.994136 2.856200 0.086355 0.994136 -0.065093 0.000000 0.000000 0.000000 0.000000 1.000000
0.992999 -0.080602 0.086354 0.000000 0.080601 -0.072094 -0.994136 2.856200 0.086355 0.994136 -0.065093 0.000000 0.000000 0.000000 0.000000 1.000000
0.992999 -0.080601 0.086354 -0.000000 0.080602 -0.072094 -0.994136 2.856200 0.086354 0.994136 -0.065092 0.000000 0.000000 0.000000 0.000000 1.000000
0.992999 -0.080602 0.086355 0.000000 0.080601 -0.072095 -0.994136 2.856200 0.086355 0.994136 -0.065094 0.000000 0.000000 0.000000 0.000000 1.000000
0.992999 -0.080602 0.086355 0.000000 0.080602 -0.072094 -0.994136 2.856200 0.086355 0.994136 -0.065093 0.000000 0.000000 0.000000 0.000000 1.000000
0.992999 -0.080602 0.086355 0.000000 0.080602 -0.072094 -0.994136 2.856200 0.086355 0.994136 -0.065092 0.000000 0.000000 0.000000 0.000000 1.000000
0.992999 -0.080602 0.086355 0.000000 0.080602 -0.072094 -0.994136 2.856200 0.086355 0.994136 -0.065093 0.000000 0.000000 0.000000 0.000000 1.000000
0.992999 -0.080602 0.086355 0.000000 0.080602 -0.072094 -0.994136 2.856200 0.086355 0.994136 -0.065093 -0.000000 0.000000 0.000000 0.000000 1.000000
0.992999 -0.080602 0.086354 0.000000 0.080601 -0.072094 -0.994136 2.856200 0.086355 0.994136 -0.065092 0.000000 0.000000 0.000000 0.000000 1.000000
0.992999 -0.080602 0.086355 0.000000 0.080602 -0.072094 -0.994136 2.856200 0.086355 0.994136 -0.065093 0.000000 0.000000 0.000000 0.000000 1.000000
0.992999 -0.080601 0.086355 0.000000 0.080602 -0.072094 -0.994136 2.856200 0.086354 0.994136 -0.065093 0.000000 0.000000 0.000000 0.000000 1.000000
0.992999 -0.080602 0.086355 0.000000 0.080602 -0.072094 -0.994136 2.856200 0.086355 0.994136 -0.065093 -0.000000 0.000000 0.000000 0.000000 1.000000
0.992999 -0.080601 0.086355 0.000000 0.080602 -0.072095 -0.994136 2.856200 0.086354 0.994136 -0.065093 -0.000000 0.000000 0.000000 0.000000 1.000000
0.992999 -0.080602 0.086355 0.000000 0.080602 -0.072094 -0.994136 2.856200 0.086355 0.994136 -0.065093 -0.000000 0.000000 0.000000 0.000000 1.000000
0.992999 -0.080601 0.086355 0.000000 0.080602 -0.072094 -0.994136 2.856200 0.086354 0.994136 -0.065093 -0.000000 0.000000 0.000000 0.000000 1.000000
0.992999 -0.080602 0.086355 -0.000000 0.080602 -0.072095 -0.994136 2.856200 0.086355 0.994136 -0.065093 -0.000000 0.000000 0.000000 0.000000 1.000000
0.992999 -0.080602 0.086355 0.000000 0.080602 -0.072094 -0.994136 2.856200 0.086355 0.994136 -0.065093 0.000000 0.000000 0.000000 0.000000 1.000000
0.992999 -0.080602 0.086355 -0.000000 0.080602 -0.072095 -0.994136 2.856200 0.086355 0.994136 -0.065093 -0.000000 0.000000 0.000000 0.000000 1.000000
0.992999 -0.080601 0.086355 0.000000 0.080602 -0.072094 -0.994136 2.856200 0.086354 0.994136 -0.065093 0.000000 0.000000 0.000000 0.000000 1.000000
0.992999 -0.080601 0.086354 0.000000 0.080601 -0.072094 -0.994136 2.856200 0.086354 0.994136 -0.065093 -0.000000 0.000000 0.000000 0.000000 1.000000
0.992999 -0.080602 0.086354 0.000000 0.080601 -0.072094 -0.994136 2.856200 0.086355 0.994136 -0.065093 -0.000000 0.000000 0.000000 0.000000 1.000000
0.992999 -0.080601 0.086355 0.000000 0.080602 -0.072095 -0.994136 2.856200 0.086355 0.994136 -0.065093 0.000000 0.000000 0.000000 0.000000 1.000000
0.992999 -0.080601 0.086355 0.000000 0.080602 -0.072094 -0.994136 2.856200 0.086354 0.994136 -0.065093 -0.000000 0.000000 0.000000 0.000000 1.000000
0.992999 -0.080602 0.086355 0.000000 0.080602 -0.072094 -0.994136 2.856200 0.086355 0.994136 -0.065093 0.000000 0.000000 0.000000 0.000000 1.000000
0.992999 -0.080601 0.086355 0.000000 0.080602 -0.072094 -0.994136 2.856200 0.086354 0.994136 -0.065092 -0.000000 0.000000 0.000000 0.000000 1.000000
0.992999 -0.080602 0.086354 0.000000 0.080601 -0.072094 -0.994136 2.856200 0.086355 0.994136 -0.065093 0.000000 0.000000 0.000000 0.000000 1.000000
0.992999 -0.080602 0.086354 0.000000 0.080601 -0.072094 -0.994136 2.856200 0.086355 0.994136 -0.065093 0.000000 0.000000 0.000000 0.000000 1.000000
0.992999 -0.080602 0.086355 -0.000000 0.080602 -0.072095 -0.994136 2.856200 0.086355 0.994136 -0.065093 -0.000000 0.000000 0.000000 0.000000 1.000000
0.992999 -0.080602 0.086354 -0.000000 0.080601 -0.072095 -0.994136 2.856200 0.086355 0.994136 -0.065093 -0.000000 0.000000 0.000000 0.000000 1.000000
0.992999 -0.080601 0.086355 -0.000000 0.080602 -0.072094 -0.994136 2.856200 0.086354 0.994136 -0.065092 0.000000 0.000000 0.000000 0.000000 1.000000
0.992999 -0.080601 0.086355 0.000000 0.080602 -0.072094 -0.994136 2.856200 0.086354 0.994136 -0.065093 -0.000000 0.000000 0.000000 0.000000 1.000000
0.992999 -0.080602 0.086355 -0.000000 0.080602 -0.072094 -0.994136 2.856200 0.086355 0.994136 -0.065093 0.000000 0.000000 0.000000 0.000000 1.000000
0.992999 -0.080602 0.086355 -0.000000 0.080602 -0.072094 -0.994136 2.856200 0.086355 0.994136 -0.065093 -0.000000 0.000000 0.000000 0.000000 1.000000
0.992999 -0.080602 0.086355 -0.000000 0.080602 -0.072094 -0.994136 2.856200 0.086355 0.994136 -0.065093 0.000000 0.000000 0.000000 0.000000 1.000000
0.992999 -0.080601 0.086355 -0.000000 0.080602 -0.072094 -0.994136 2.856200 0.086354 0.994136 -0.065093 -0.000000 0.000000 0.000000 0.000000 1.000000
0.992999 -0.080602 0.086355 -0.000000 0.080602 -0.072094 -0.994136 2.856200 0.086355 0.994136 -0.065093 0.000000 0.000000 0.000000 0.000000 1.000000
0.992999 -0.080601 0.086355 0.000000 0.080602 -0.072094 -0.994136 2.856200 0.086354 0.994136 -0.065093 0.000000 0.000000 0.000000 0.000000 1.000000
0.992999 -0.080602 0.086354 0.000000 0.080601 -0.072094 -0.994136 2.856200 0.086355 0.994136 -0.065093 0.000000 0.000000 0.000000 0.000000 1.000000
0.992999 -0.080602 0.086355 -0.000000 0.080602 -0.072095 -0.994136 2.856200 0.086355 0.994136 -0.065093 0.000000 0.000000 0.000000 0.000000 1.000000
0.992999 -0.080601 0.086355 -0.000000 0.080602 -0.072094 -0.994136 2.856200 0.086354 0.994136 -0.065093 -0.000000 0.000000 0.000000 0.000000 1.000000
0.992999 -0.080601 0.086354 -0.000000 0.080601 -0.072094 -0.994136 2.856200 0.086354 0.994136 -0.065092 0.000000 0.000000 0.000000 0.000000 1.000000
0.992999 -0.080601 0.086355 0.000000 0.080602 -0.072094 -0.994136 2.856200 0.086354 0.994136 -0.065093 -0.000000 0.000000 0.000000 0.000000 1.000000
0.992999 -0.080601 0.086355 0.000000 0.080602 -0.072094 -0.994136 2.856200 0.086354 0.994136 -0.065092 0.000000 0.000000 0.000000 0.000000 1.000000
0.992999 -0.080601 0.086355 0.000000 0.080602 -0.072094 -0.994136 2.856200 0.086354 0.994136 -0.065093 -0.000000 0.000000 0.000000 0.000000 1.000000
0.992999 -0.080601 0.086355 0.000000 0.080602 -0.072094 -0.994136 2.856200 0.086354 0.994136 -0.065093 0.000000 0.000000 0.000000 0.000000 1.000000
0.992999 -0.080602 0.086355 0.000000 0.080602 -0.072094 -0.994136 2.856200 0.086355 0.994136 -0.065093 0.000000 0.000000 0.000000 0.000000 1.000000
0.992999 -0.080601 0.086354 0.000000 0.080601 -0.072094 -0.994136 2.856200 0.086354 0.994136 -0.065093 0.000000 0.000000 0.000000 0.000000 1.000000
0.992999 -0.080601 0.086354 0.000000 0.080601 -0.072094 -0.994136 2.856200 0.086354 0.994136 -0.065093 0.000000 0.000000 0.000000 0.000000 1.000000
0.992999 -0.080601 0.086354 0.000000 0.080601 -0.072094 -0.994136 2.856200 0.086354 0.994136 -0.065093 -0.000000 0.000000 0.000000 0.000000 1.000000
0.992999 -0.080602 0.086355 0.000000 0.080602 -0.072094 -0.994136 2.856200 0.086355 0.994136 -0.065093 0.000000 0.000000 0.000000 0.000000 1.000000
0.992999 -0.080602 0.086355 0.000000 0.080602 -0.072094 -0.994136 2.856200 0.086355 0.994136 -0.065093 0.000000 0.000000 0.000000 0.000000 1.000000
0.992999 -0.080602 0.086355 0.000000 0.080602 -0.072093 -0.994136 2.856200 0.086355 0.994136 -0.065092 0.000000 0.000000 0.000000 0.000000 1.000000</float_array>
        <technique_common>
          <accessor source="#mixamorig_RightHandPinky2-Matrix-animation-output-transform-array" count="64" stride="16">
            <param type="float4x4"/>
          </accessor>
        </technique_common>
      </source>
      <source id="mixamorig_RightHandPinky2-Interpolations">
        <Name_array id="mixamorig_RightHandPinky2-Interpolations-array" count="64">
 LINEAR LINEAR LINEAR LINEAR LINEAR LINEAR LINEAR LINEAR LINEAR LINEAR LINEAR
LINEAR LINEAR LINEAR LINEAR LINEAR LINEAR LINEAR LINEAR LINEAR LINEAR LINEAR LINEAR
LINEAR LINEAR LINEAR LINEAR LINEAR LINEAR LINEAR LINEAR LINEAR LINEAR LINEAR LINEAR
LINEAR LINEAR LINEAR LINEAR LINEAR LINEAR LINEAR LINEAR LINEAR LINEAR LINEAR LINEAR
LINEAR LINEAR LINEAR LINEAR LINEAR LINEAR LINEAR LINEAR LINEAR LINEAR LINEAR LINEAR
LINEAR LINEAR LINEAR LINEAR LINEAR</Name_array>
        <technique_common>
          <accessor source="#mixamorig_RightHandPinky2-Interpolations-array" count="64">
            <param type="name"/>
          </accessor>
        </technique_common>
      </source>
      <sampler id="mixamorig_RightHandPinky2-Matrix-animation-transform">
        <input semantic="INPUT" source="#mixamorig_RightHandPinky2-Matrix-animation-input"/>
        <input semantic="OUTPUT" source="#mixamorig_RightHandPinky2-Matrix-animation-output-transform"/>
        <input semantic="INTERPOLATION" source="#mixamorig_RightHandPinky2-Interpolations"/>
      </sampler>
      <channel source="#mixamorig_RightHandPinky2-Matrix-animation-transform" target="mixamorig_RightHandPinky2/matrix"/>
    </animation>
    <animation id="mixamorig_RightHandPinky3-anim" name="mixamorig_RightHandPinky3">
      <source id="mixamorig_RightHandPinky3-Matrix-animation-input">
        <float_array id="mixamorig_RightHandPinky3-Matrix-animation-input-array" count="64">

0.000000 0.033333 0.066667 0.100000 0.133333 0.166667 0.200000 0.233333 0.266667 0.300000 0.333333 0.366667 0.400000 0.433333 0.466667 0.500000
0.533333 0.566667 0.600000 0.633333 0.666667 0.700000 0.733333 0.766667 0.800000 0.833333 0.866667 0.900000 0.933333 0.966667 1.000000 1.033333
1.066667 1.100000 1.133333 1.166667 1.200000 1.233333 1.266667 1.300000 1.333333 1.366667 1.400000 1.433333 1.466667 1.500000 1.533333 1.566667
1.600000 1.633333 1.666667 1.700000 1.733333 1.766667 1.800000 1.833333 1.866667 1.900000 1.933333 1.966667 2.000000 2.033333 2.066667 2.100000</float_array>
        <technique_common>
          <accessor source="#mixamorig_RightHandPinky3-Matrix-animation-input-array" count="64">
            <param name="TIME" type="float"/>
          </accessor>
        </technique_common>
      </source>
      <source id="mixamorig_RightHandPinky3-Matrix-animation-output-transform">
        <float_array id="mixamorig_RightHandPinky3-Matrix-animation-output-transform-array" count="1024">

0.994882 -0.078898 0.063119 0.000000 0.078898 0.216379 -0.973116 2.868000 0.063119 0.973116 0.221497 0.000000 0.000000 0.000000 0.000000 1.000000
0.994883 -0.078897 0.063119 0.000000 0.078898 0.216380 -0.973116 2.868000 0.063119 0.973116 0.221497 0.000000 0.000000 0.000000 0.000000 1.000000
0.994882 -0.078898 0.063119 0.000000 0.078898 0.216380 -0.973116 2.868000 0.063119 0.973116 0.221497 0.000000 0.000000 0.000000 0.000000 1.000000
0.994882 -0.078898 0.063119 0.000000 0.078897 0.216379 -0.973116 2.868000 0.063119 0.973116 0.221497 -0.000000 0.000000 0.000000 0.000000 1.000000
0.994882 -0.078898 0.063119 -0.000000 0.078898 0.216380 -0.973116 2.868000 0.063119 0.973116 0.221497 0.000000 0.000000 0.000000 0.000000 1.000000
0.994882 -0.078898 0.063119 0.000000 0.078898 0.216380 -0.973116 2.868000 0.063119 0.973116 0.221498 0.000000 0.000000 0.000000 0.000000 1.000000
0.994883 -0.078898 0.063119 0.000000 0.078897 0.216380 -0.973116 2.868000 0.063119 0.973116 0.221497 0.000000 0.000000 0.000000 0.000000 1.000000
0.994882 -0.078898 0.063119 0.000000 0.078898 0.216380 -0.973116 2.868000 0.063119 0.973116 0.221498 0.000000 0.000000 0.000000 0.000000 1.000000
0.994882 -0.078898 0.063119 0.000000 0.078898 0.216380 -0.973116 2.868000 0.063119 0.973116 0.221498 0.000000 0.000000 0.000000 0.000000 1.000000
0.994882 -0.078898 0.063119 0.000000 0.078898 0.216379 -0.973116 2.868000 0.063119 0.973116 0.221497 0.000000 0.000000 0.000000 0.000000 1.000000
0.994882 -0.078898 0.063119 -0.000000 0.078898 0.216380 -0.973116 2.868000 0.063119 0.973116 0.221497 0.000000 0.000000 0.000000 0.000000 1.000000
0.994882 -0.078898 0.063119 0.000000 0.078898 0.216380 -0.973116 2.868000 0.063119 0.973116 0.221497 0.000000 0.000000 0.000000 0.000000 1.000000
0.994882 -0.078898 0.063119 0.000000 0.078898 0.216380 -0.973116 2.868000 0.063119 0.973116 0.221497 0.000000 0.000000 0.000000 0.000000 1.000000
0.994882 -0.078897 0.063119 0.000000 0.078898 0.216379 -0.973116 2.868000 0.063119 0.973116 0.221497 0.000000 0.000000 0.000000 0.000000 1.000000
0.994882 -0.078898 0.063119 0.000000 0.078898 0.216380 -0.973116 2.868000 0.063119 0.973116 0.221497 0.000000 0.000000 0.000000 0.000000 1.000000
0.994882 -0.078898 0.063119 0.000000 0.078898 0.216380 -0.973116 2.868000 0.063120 0.973116 0.221497 0.000000 0.000000 0.000000 0.000000 1.000000
0.994883 -0.078898 0.063119 -0.000000 0.078897 0.216380 -0.973116 2.868000 0.063119 0.973116 0.221497 0.000000 0.000000 0.000000 0.000000 1.000000
0.994883 -0.078897 0.063119 -0.000000 0.078897 0.216379 -0.973116 2.868000 0.063119 0.973116 0.221497 0.000000 0.000000 0.000000 0.000000 1.000000
0.994882 -0.078898 0.063119 -0.000000 0.078898 0.216379 -0.973116 2.868000 0.063119 0.973116 0.221497 0.000000 0.000000 0.000000 0.000000 1.000000
0.994883 -0.078897 0.063119 -0.000000 0.078898 0.216379 -0.973116 2.868000 0.063119 0.973116 0.221497 -0.000000 0.000000 0.000000 0.000000 1.000000
0.994883 -0.078897 0.063119 0.000000 0.078898 0.216380 -0.973116 2.868000 0.063118 0.973116 0.221497 0.000000 0.000000 0.000000 0.000000 1.000000
0.994883 -0.078898 0.063119 0.000000 0.078897 0.216379 -0.973116 2.868000 0.063119 0.973116 0.221497 0.000000 0.000000 0.000000 0.000000 1.000000
0.994882 -0.078898 0.063119 0.000000 0.078898 0.216379 -0.973116 2.868000 0.063119 0.973116 0.221497 0.000000 0.000000 0.000000 0.000000 1.000000
0.994883 -0.078897 0.063119 0.000000 0.078897 0.216380 -0.973116 2.868000 0.063119 0.973116 0.221498 0.000000 0.000000 0.000000 0.000000 1.000000
0.994882 -0.078899 0.063118 -0.000000 0.078897 0.216380 -0.973116 2.868000 0.063120 0.973116 0.221497 0.000000 0.000000 0.000000 0.000000 1.000000
0.994882 -0.078898 0.063119 -0.000000 0.078898 0.216380 -0.973116 2.868000 0.063119 0.973116 0.221497 0.000000 0.000000 0.000000 0.000000 1.000000
0.994882 -0.078897 0.063119 0.000000 0.078898 0.216381 -0.973116 2.868000 0.063119 0.973116 0.221498 -0.000000 0.000000 0.000000 0.000000 1.000000
0.994882 -0.078898 0.063119 -0.000000 0.078898 0.216379 -0.973116 2.868000 0.063120 0.973116 0.221497 0.000000 0.000000 0.000000 0.000000 1.000000
0.994882 -0.078897 0.063119 0.000000 0.078898 0.216379 -0.973116 2.868000 0.063118 0.973116 0.221497 0.000000 0.000000 0.000000 0.000000 1.000000
0.994883 -0.078898 0.063118 -0.000000 0.078897 0.216379 -0.973116 2.868000 0.063119 0.973116 0.221497 -0.000000 0.000000 0.000000 0.000000 1.000000
0.994882 -0.078898 0.063119 0.000000 0.078898 0.216379 -0.973116 2.868000 0.063119 0.973116 0.221497 -0.000000 0.000000 0.000000 0.000000 1.000000
0.994882 -0.078898 0.063120 0.000000 0.078898 0.216380 -0.973116 2.868000 0.063119 0.973116 0.221498 0.000000 0.000000 0.000000 0.000000 1.000000
0.994882 -0.078898 0.063119 -0.000000 0.078898 0.216380 -0.973116 2.868000 0.063119 0.973116 0.221497 0.000000 0.000000 0.000000 0.000000 1.000000
0.994882 -0.078898 0.063119 0.000000 0.078898 0.216379 -0.973116 2.868000 0.063119 0.973116 0.221497 0.000000 0.000000 0.000000 0.000000 1.000000
0.994882 -0.078898 0.063119 0.000000 0.078898 0.216379 -0.973116 2.868000 0.063119 0.973116 0.221496 0.000000 0.000000 0.000000 0.000000 1.000000
0.994883 -0.078898 0.063119 0.000000 0.078897 0.216379 -0.973116 2.868000 0.063119 0.973116 0.221497 -0.000000 0.000000 0.000000 0.000000 1.000000
0.994882 -0.078898 0.063119 0.000000 0.078898 0.216379 -0.973116 2.868000 0.063119 0.973116 0.221496 0.000000 0.000000 0.000000 0.000000 1.000000
0.994882 -0.078898 0.063119 0.000000 0.078898 0.216380 -0.973116 2.868000 0.063119 0.973116 0.221497 0.000000 0.000000 0.000000 0.000000 1.000000
0.994883 -0.078897 0.063119 0.000000 0.078897 0.216379 -0.973116 2.868000 0.063119 0.973116 0.221497 0.000000 0.000000 0.000000 0.000000 1.000000
0.994882 -0.078898 0.063119 0.000000 0.078898 0.216380 -0.973116 2.868000 0.063119 0.973116 0.221498 -0.000000 0.000000 0.000000 0.000000 1.000000
0.994882 -0.078898 0.063119 0.000000 0.078898 0.216381 -0.973116 2.868000 0.063119 0.973116 0.221498 -0.000000 0.000000 0.000000 0.000000 1.000000
0.994883 -0.078897 0.063118 0.000000 0.078897 0.216380 -0.973116 2.868000 0.063119 0.973116 0.221497 0.000000 0.000000 0.000000 0.000000 1.000000
0.994882 -0.078898 0.063119 0.000000 0.078898 0.216379 -0.973116 2.868000 0.063119 0.973116 0.221497 0.000000 0.000000 0.000000 0.000000 1.000000
0.994882 -0.078898 0.063119 -0.000000 0.078898 0.216380 -0.973116 2.868000 0.063119 0.973116 0.221497 0.000000 0.000000 0.000000 0.000000 1.000000
0.994882 -0.078898 0.063119 0.000000 0.078897 0.216380 -0.973116 2.868000 0.063119 0.973116 0.221497 0.000000 0.000000 0.000000 0.000000 1.000000
0.994882 -0.078898 0.063119 0.000000 0.078898 0.216380 -0.973116 2.868000 0.063119 0.973116 0.221497 0.000000 0.000000 0.000000 0.000000 1.000000
0.994882 -0.078898 0.063119 0.000000 0.078897 0.216379 -0.973116 2.868000 0.063119 0.973116 0.221497 0.000000 0.000000 0.000000 0.000000 1.000000
0.994883 -0.078897 0.063119 0.000000 0.078897 0.216380 -0.973116 2.868000 0.063118 0.973116 0.221498 -0.000000 0.000000 0.000000 0.000000 1.000000
0.994882 -0.078898 0.063119 0.000000 0.078897 0.216379 -0.973116 2.868000 0.063119 0.973116 0.221497 0.000000 0.000000 0.000000 0.000000 1.000000
0.994882 -0.078898 0.063119 0.000000 0.078898 0.216380 -0.973116 2.868000 0.063119 0.973116 0.221497 0.000000 0.000000 0.000000 0.000000 1.000000
0.994882 -0.078898 0.063119 0.000000 0.078898 0.216380 -0.973116 2.868000 0.063119 0.973116 0.221497 0.000000 0.000000 0.000000 0.000000 1.000000
0.994883 -0.078897 0.063119 0.000000 0.078897 0.216379 -0.973116 2.868000 0.063119 0.973116 0.221497 0.000000 0.000000 0.000000 0.000000 1.000000
0.994883 -0.078898 0.063118 -0.000000 0.078897 0.216380 -0.973116 2.868000 0.063119 0.973116 0.221497 0.000000 0.000000 0.000000 0.000000 1.000000
0.994882 -0.078898 0.063119 0.000000 0.078898 0.216380 -0.973116 2.868000 0.063119 0.973116 0.221497 0.000000 0.000000 0.000000 0.000000 1.000000
0.994882 -0.078898 0.063119 -0.000000 0.078898 0.216379 -0.973116 2.868000 0.063119 0.973116 0.221497 0.000000 0.000000 0.000000 0.000000 1.000000
0.994882 -0.078898 0.063119 -0.000000 0.078898 0.216380 -0.973116 2.868000 0.063119 0.973116 0.221497 0.000000 0.000000 0.000000 0.000000 1.000000
0.994882 -0.078898 0.063119 0.000000 0.078898 0.216380 -0.973116 2.868000 0.063120 0.973116 0.221498 0.000000 0.000000 0.000000 0.000000 1.000000
0.994882 -0.078898 0.063119 0.000000 0.078898 0.216379 -0.973116 2.868000 0.063120 0.973116 0.221496 0.000000 0.000000 0.000000 0.000000 1.000000
0.994882 -0.078897 0.063119 0.000000 0.078898 0.216380 -0.973116 2.868000 0.063119 0.973116 0.221498 0.000000 0.000000 0.000000 0.000000 1.000000
0.994883 -0.078897 0.063119 0.000000 0.078898 0.216380 -0.973116 2.868000 0.063119 0.973116 0.221497 -0.000000 0.000000 0.000000 0.000000 1.000000
0.994882 -0.078898 0.063119 0.000000 0.078898 0.216380 -0.973116 2.868000 0.063119 0.973116 0.221498 0.000000 0.000000 0.000000 0.000000 1.000000
0.994883 -0.078897 0.063119 0.000000 0.078898 0.216379 -0.973116 2.868000 0.063119 0.973116 0.221497 -0.000000 0.000000 0.000000 0.000000 1.000000
0.994882 -0.078898 0.063119 0.000000 0.078898 0.216379 -0.973116 2.868000 0.063119 0.973116 0.221497 0.000000 0.000000 0.000000 0.000000 1.000000
0.994883 -0.078897 0.063119 0.000000 0.078897 0.216379 -0.973116 2.868000 0.063119 0.973116 0.221497 0.000000 0.000000 0.000000 0.000000 1.000000</float_array>
        <technique_common>
          <accessor source="#mixamorig_RightHandPinky3-Matrix-animation-output-transform-array" count="64" stride="16">
            <param type="float4x4"/>
          </accessor>
        </technique_common>
      </source>
      <source id="mixamorig_RightHandPinky3-Interpolations">
        <Name_array id="mixamorig_RightHandPinky3-Interpolations-array" count="64">
 LINEAR LINEAR LINEAR LINEAR LINEAR LINEAR LINEAR LINEAR LINEAR LINEAR LINEAR
LINEAR LINEAR LINEAR LINEAR LINEAR LINEAR LINEAR LINEAR LINEAR LINEAR LINEAR LINEAR
LINEAR LINEAR LINEAR LINEAR LINEAR LINEAR LINEAR LINEAR LINEAR LINEAR LINEAR LINEAR
LINEAR LINEAR LINEAR LINEAR LINEAR LINEAR LINEAR LINEAR LINEAR LINEAR LINEAR LINEAR
LINEAR LINEAR LINEAR LINEAR LINEAR LINEAR LINEAR LINEAR LINEAR LINEAR LINEAR LINEAR
LINEAR LINEAR LINEAR LINEAR LINEAR</Name_array>
        <technique_common>
          <accessor source="#mixamorig_RightHandPinky3-Interpolations-array" count="64">
            <param type="name"/>
          </accessor>
        </technique_common>
      </source>
      <sampler id="mixamorig_RightHandPinky3-Matrix-animation-transform">
        <input semantic="INPUT" source="#mixamorig_RightHandPinky3-Matrix-animation-input"/>
        <input semantic="OUTPUT" source="#mixamorig_RightHandPinky3-Matrix-animation-output-transform"/>
        <input semantic="INTERPOLATION" source="#mixamorig_RightHandPinky3-Interpolations"/>
      </sampler>
      <channel source="#mixamorig_RightHandPinky3-Matrix-animation-transform" target="mixamorig_RightHandPinky3/matrix"/>
    </animation>
    <animation id="mixamorig_Scart1-anim" name="mixamorig_Scart1">
      <source id="mixamorig_Scart1-Matrix-animation-input">
        <float_array id="mixamorig_Scart1-Matrix-animation-input-array" count="64">

0.000000 0.033333 0.066667 0.100000 0.133333 0.166667 0.200000 0.233333 0.266667 0.300000 0.333333 0.366667 0.400000 0.433333 0.466667 0.500000
0.533333 0.566667 0.600000 0.633333 0.666667 0.700000 0.733333 0.766667 0.800000 0.833333 0.866667 0.900000 0.933333 0.966667 1.000000 1.033333
1.066667 1.100000 1.133333 1.166667 1.200000 1.233333 1.266667 1.300000 1.333333 1.366667 1.400000 1.433333 1.466667 1.500000 1.533333 1.566667
1.600000 1.633333 1.666667 1.700000 1.733333 1.766667 1.800000 1.833333 1.866667 1.900000 1.933333 1.966667 2.000000 2.033333 2.066667 2.100000</float_array>
        <technique_common>
          <accessor source="#mixamorig_Scart1-Matrix-animation-input-array" count="64">
            <param name="TIME" type="float"/>
          </accessor>
        </technique_common>
      </source>
      <source id="mixamorig_Scart1-Matrix-animation-output-transform">
        <float_array id="mixamorig_Scart1-Matrix-animation-output-transform-array" count="1024">

0.999263 -0.038384 -0.000000 5.409700 -0.038384 -0.999263 -0.000000 17.819599 0.000000 0.000000 -1.000000 5.011300 0.000000 0.000000 0.000000 1.000000
0.999263 -0.038384 0.000000 5.409700 -0.038384 -0.999263 0.000000 17.819599 0.000000 0.000000 -1.000000 5.011300 0.000000 0.000000 0.000000 1.000000
0.999263 -0.038384 -0.000000 5.409700 -0.038384 -0.999263 -0.000000 17.819599 -0.000000 0.000000 -1.000000 5.011300 0.000000 0.000000 0.000000 1.000000
0.999263 -0.038384 -0.000000 5.409700 -0.038384 -0.999263 -0.000000 17.819599 0.000000 0.000000 -1.000000 5.011300 0.000000 0.000000 0.000000 1.000000
0.999263 -0.038384 0.000000 5.409700 -0.038384 -0.999263 0.000000 17.819599 0.000000 0.000000 -1.000000 5.011300 0.000000 0.000000 0.000000 1.000000
0.999263 -0.038384 -0.000000 5.409700 -0.038384 -0.999263 -0.000000 17.819599 -0.000000 0.000000 -1.000000 5.011300 0.000000 0.000000 0.000000 1.000000
0.999263 -0.038384 0.000000 5.409700 -0.038384 -0.999263 0.000000 17.819599 -0.000000 0.000000 -1.000000 5.011300 0.000000 0.000000 0.000000 1.000000
0.999263 -0.038384 0.000000 5.409700 -0.038384 -0.999263 -0.000000 17.819599 0.000000 0.000000 -1.000000 5.011300 0.000000 0.000000 0.000000 1.000000
0.999263 -0.038384 -0.000000 5.409700 -0.038384 -0.999263 -0.000000 17.819599 0.000000 0.000000 -1.000000 5.011300 0.000000 0.000000 0.000000 1.000000
0.999263 -0.038384 0.000000 5.409700 -0.038384 -0.999263 -0.000000 17.819599 0.000000 0.000000 -1.000000 5.011300 0.000000 0.000000 0.000000 1.000000
0.999263 -0.038384 0.000000 5.409700 -0.038384 -0.999263 -0.000000 17.819599 -0.000000 0.000000 -1.000000 5.011300 0.000000 0.000000 0.000000 1.000000
0.999263 -0.038384 0.000000 5.409700 -0.038384 -0.999263 -0.000000 17.819599 0.000000 0.000000 -1.000000 5.011300 0.000000 0.000000 0.000000 1.000000
0.999263 -0.038384 -0.000000 5.409700 -0.038384 -0.999263 -0.000000 17.819599 0.000000 0.000000 -1.000000 5.011300 0.000000 0.000000 0.000000 1.000000
0.999263 -0.038384 -0.000000 5.409700 -0.038384 -0.999263 -0.000000 17.819599 0.000000 0.000000 -1.000000 5.011300 0.000000 0.000000 0.000000 1.000000
0.999263 -0.038384 0.000000 5.409700 -0.038384 -0.999263 -0.000000 17.819599 0.000000 0.000000 -1.000000 5.011300 0.000000 0.000000 0.000000 1.000000
0.999263 -0.038384 -0.000000 5.409700 -0.038384 -0.999263 -0.000000 17.819599 0.000000 0.000000 -1.000000 5.011300 0.000000 0.000000 0.000000 1.000000
0.999263 -0.038384 -0.000000 5.409700 -0.038384 -0.999263 -0.000000 17.819599 0.000000 0.000000 -1.000000 5.011300 0.000000 0.000000 0.000000 1.000000
0.999263 -0.038384 0.000000 5.409700 -0.038384 -0.999263 -0.000000 17.819599 0.000000 0.000000 -1.000000 5.011300 0.000000 0.000000 0.000000 1.000000
0.999263 -0.038384 0.000000 5.409700 -0.038384 -0.999263 0.000000 17.819599 0.000000 0.000000 -1.000000 5.011300 0.000000 0.000000 0.000000 1.000000
0.999263 -0.038384 -0.000000 5.409700 -0.038384 -0.999263 -0.000000 17.819599 0.000000 0.000000 -1.000000 5.011300 0.000000 0.000000 0.000000 1.000000
0.999263 -0.038384 -0.000000 5.409700 -0.038384 -0.999263 -0.000000 17.819599 0.000000 0.000000 -1.000000 5.011300 0.000000 0.000000 0.000000 1.000000
0.999263 -0.038384 0.000000 5.409700 -0.038384 -0.999263 -0.000000 17.819599 0.000000 0.000000 -1.000000 5.011300 0.000000 0.000000 0.000000 1.000000
0.999263 -0.038384 0.000000 5.409700 -0.038384 -0.999263 -0.000000 17.819599 0.000000 0.000000 -1.000000 5.011300 0.000000 0.000000 0.000000 1.000000
0.999263 -0.038384 -0.000000 5.409700 -0.038384 -0.999263 -0.000000 17.819599 0.000000 0.000000 -1.000000 5.011300 0.000000 0.000000 0.000000 1.000000
0.999263 -0.038384 0.000000 5.409700 -0.038384 -0.999263 -0.000000 17.819599 0.000000 0.000000 -1.000000 5.011300 0.000000 0.000000 0.000000 1.000000
0.999263 -0.038384 -0.000000 5.409700 -0.038384 -0.999263 -0.000000 17.819599 0.000000 0.000000 -1.000000 5.011300 0.000000 0.000000 0.000000 1.000000
0.999263 -0.038384 0.000000 5.409700 -0.038384 -0.999263 0.000000 17.819599 0.000000 0.000000 -1.000000 5.011300 0.000000 0.000000 0.000000 1.000000
0.999263 -0.038384 -0.000000 5.409700 -0.038384 -0.999263 -0.000000 17.819599 -0.000000 0.000000 -1.000000 5.011300 0.000000 0.000000 0.000000 1.000000
0.999263 -0.038384 0.000000 5.409700 -0.038384 -0.999263 -0.000000 17.819599 0.000000 0.000000 -1.000000 5.011300 0.000000 0.000000 0.000000 1.000000
0.999263 -0.038384 -0.000000 5.409700 -0.038384 -0.999263 -0.000000 17.819599 -0.000000 0.000000 -1.000000 5.011300 0.000000 0.000000 0.000000 1.000000
0.999263 -0.038384 -0.000000 5.409700 -0.038384 -0.999263 -0.000000 17.819599 0.000000 0.000000 -1.000000 5.011300 0.000000 0.000000 0.000000 1.000000
0.999263 -0.038384 -0.000000 5.409700 -0.038384 -0.999263 -0.000000 17.819599 -0.000000 0.000000 -1.000000 5.011300 0.000000 0.000000 0.000000 1.000000
0.999263 -0.038384 -0.000000 5.409700 -0.038384 -0.999263 -0.000000 17.819599 -0.000000 0.000000 -1.000000 5.011300 0.000000 0.000000 0.000000 1.000000
0.999263 -0.038384 0.000000 5.409700 -0.038384 -0.999263 0.000000 17.819599 -0.000000 0.000000 -1.000000 5.011300 0.000000 0.000000 0.000000 1.000000
0.999263 -0.038384 -0.000000 5.409700 -0.038384 -0.999263 -0.000000 17.819599 0.000000 0.000000 -1.000000 5.011300 0.000000 0.000000 0.000000 1.000000
0.999263 -0.038384 0.000000 5.409700 -0.038384 -0.999263 -0.000000 17.819599 0.000000 0.000000 -1.000000 5.011300 0.000000 0.000000 0.000000 1.000000
0.999263 -0.038384 -0.000000 5.409700 -0.038384 -0.999263 0.000000 17.819599 0.000000 0.000000 -1.000000 5.011300 0.000000 0.000000 0.000000 1.000000
0.999263 -0.038384 -0.000000 5.409700 -0.038384 -0.999263 -0.000000 17.819599 0.000000 0.000000 -1.000000 5.011300 0.000000 0.000000 0.000000 1.000000
0.999263 -0.038384 -0.000000 5.409700 -0.038384 -0.999263 0.000000 17.819599 -0.000000 0.000000 -1.000000 5.011300 0.000000 0.000000 0.000000 1.000000
0.999263 -0.038384 0.000000 5.409700 -0.038384 -0.999263 -0.000000 17.819599 0.000000 0.000000 -1.000000 5.011300 0.000000 0.000000 0.000000 1.000000
0.999263 -0.038384 0.000000 5.409700 -0.038384 -0.999263 -0.000000 17.819599 -0.000000 0.000000 -1.000000 5.011300 0.000000 0.000000 0.000000 1.000000
0.999263 -0.038384 -0.000000 5.409700 -0.038384 -0.999263 -0.000000 17.819599 0.000000 0.000000 -1.000000 5.011300 0.000000 0.000000 0.000000 1.000000
0.999263 -0.038384 -0.000000 5.409700 -0.038384 -0.999263 0.000000 17.819599 -0.000000 0.000000 -1.000000 5.011300 0.000000 0.000000 0.000000 1.000000
0.999263 -0.038384 -0.000000 5.409700 -0.038384 -0.999263 -0.000000 17.819599 -0.000000 0.000000 -1.000000 5.011300 0.000000 0.000000 0.000000 1.000000
0.999263 -0.038384 -0.000000 5.409700 -0.038384 -0.999263 -0.000000 17.819599 0.000000 0.000000 -1.000000 5.011300 0.000000 0.000000 0.000000 1.000000
0.999263 -0.038384 -0.000000 5.409700 -0.038384 -0.999263 -0.000000 17.819599 -0.000000 0.000000 -1.000000 5.011300 0.000000 0.000000 0.000000 1.000000
0.999263 -0.038384 0.000000 5.409700 -0.038384 -0.999263 -0.000000 17.819599 -0.000000 0.000000 -1.000000 5.011300 0.000000 0.000000 0.000000 1.000000
0.999263 -0.038384 0.000000 5.409700 -0.038384 -0.999263 -0.000000 17.819599 0.000000 0.000000 -1.000000 5.011300 0.000000 0.000000 0.000000 1.000000
0.999263 -0.038384 -0.000000 5.409700 -0.038384 -0.999263 -0.000000 17.819599 0.000000 0.000000 -1.000000 5.011300 0.000000 0.000000 0.000000 1.000000
0.999263 -0.038384 -0.000000 5.409700 -0.038384 -0.999263 -0.000000 17.819599 -0.000000 0.000000 -1.000000 5.011300 0.000000 0.000000 0.000000 1.000000
0.999263 -0.038384 -0.000000 5.409700 -0.038384 -0.999263 -0.000000 17.819599 -0.000000 0.000000 -1.000000 5.011300 0.000000 0.000000 0.000000 1.000000
0.999263 -0.038384 0.000000 5.409700 -0.038384 -0.999263 -0.000000 17.819599 -0.000000 0.000000 -1.000000 5.011300 0.000000 0.000000 0.000000 1.000000
0.999263 -0.038384 -0.000000 5.409700 -0.038384 -0.999263 -0.000000 17.819599 -0.000000 0.000000 -1.000000 5.011300 0.000000 0.000000 0.000000 1.000000
0.999263 -0.038384 -0.000000 5.409700 -0.038384 -0.999263 -0.000000 17.819599 0.000000 0.000000 -1.000000 5.011300 0.000000 0.000000 0.000000 1.000000
0.999263 -0.038384 -0.000000 5.409700 -0.038384 -0.999263 -0.000000 17.819599 0.000000 0.000000 -1.000000 5.011300 0.000000 0.000000 0.000000 1.000000
0.999263 -0.038384 0.000000 5.409700 -0.038384 -0.999263 -0.000000 17.819599 0.000000 0.000000 -1.000000 5.011300 0.000000 0.000000 0.000000 1.000000
0.999263 -0.038384 0.000000 5.409700 -0.038384 -0.999263 -0.000000 17.819599 0.000000 0.000000 -1.000000 5.011300 0.000000 0.000000 0.000000 1.000000
0.999263 -0.038384 0.000000 5.409700 -0.038384 -0.999263 -0.000000 17.819599 0.000000 0.000000 -1.000000 5.011300 0.000000 0.000000 0.000000 1.000000
0.999263 -0.038384 -0.000000 5.409700 -0.038384 -0.999263 -0.000000 17.819599 -0.000000 0.000000 -1.000000 5.011300 0.000000 0.000000 0.000000 1.000000
0.999263 -0.038384 -0.000000 5.409700 -0.038384 -0.999263 -0.000000 17.819599 0.000000 0.000000 -1.000000 5.011300 0.000000 0.000000 0.000000 1.000000
0.999263 -0.038384 -0.000000 5.409700 -0.038384 -0.999263 -0.000000 17.819599 0.000000 0.000000 -1.000000 5.011300 0.000000 0.000000 0.000000 1.000000
0.999263 -0.038384 -0.000000 5.409700 -0.038384 -0.999263 -0.000000 17.819599 -0.000000 0.000000 -1.000000 5.011300 0.000000 0.000000 0.000000 1.000000
0.999263 -0.038384 -0.000000 5.409700 -0.038384 -0.999263 -0.000000 17.819599 -0.000000 0.000000 -1.000000 5.011300 0.000000 0.000000 0.000000 1.000000
0.999263 -0.038384 0.000000 5.409700 -0.038384 -0.999263 -0.000000 17.819599 -0.000000 0.000000 -1.000000 5.011300 0.000000 0.000000 0.000000 1.000000</float_array>
        <technique_common>
          <accessor source="#mixamorig_Scart1-Matrix-animation-output-transform-array" count="64" stride="16">
            <param type="float4x4"/>
          </accessor>
        </technique_common>
      </source>
      <source id="mixamorig_Scart1-Interpolations">
        <Name_array id="mixamorig_Scart1-Interpolations-array" count="64">
 LINEAR LINEAR LINEAR LINEAR LINEAR LINEAR LINEAR LINEAR LINEAR LINEAR LINEAR
LINEAR LINEAR LINEAR LINEAR LINEAR LINEAR LINEAR LINEAR LINEAR LINEAR LINEAR LINEAR
LINEAR LINEAR LINEAR LINEAR LINEAR LINEAR LINEAR LINEAR LINEAR LINEAR LINEAR LINEAR
LINEAR LINEAR LINEAR LINEAR LINEAR LINEAR LINEAR LINEAR LINEAR LINEAR LINEAR LINEAR
LINEAR LINEAR LINEAR LINEAR LINEAR LINEAR LINEAR LINEAR LINEAR LINEAR LINEAR LINEAR
LINEAR LINEAR LINEAR LINEAR LINEAR</Name_array>
        <technique_common>
          <accessor source="#mixamorig_Scart1-Interpolations-array" count="64">
            <param type="name"/>
          </accessor>
        </technique_common>
      </source>
      <sampler id="mixamorig_Scart1-Matrix-animation-transform">
        <input semantic="INPUT" source="#mixamorig_Scart1-Matrix-animation-input"/>
        <input semantic="OUTPUT" source="#mixamorig_Scart1-Matrix-animation-output-transform"/>
        <input semantic="INTERPOLATION" source="#mixamorig_Scart1-Interpolations"/>
      </sampler>
      <channel source="#mixamorig_Scart1-Matrix-animation-transform" target="mixamorig_Scart1/matrix"/>
    </animation>
    <animation id="mixamorig_Scart2-anim" name="mixamorig_Scart2">
      <source id="mixamorig_Scart2-Matrix-animation-input">
        <float_array id="mixamorig_Scart2-Matrix-animation-input-array" count="64">

0.000000 0.033333 0.066667 0.100000 0.133333 0.166667 0.200000 0.233333 0.266667 0.300000 0.333333 0.366667 0.400000 0.433333 0.466667 0.500000
0.533333 0.566667 0.600000 0.633333 0.666667 0.700000 0.733333 0.766667 0.800000 0.833333 0.866667 0.900000 0.933333 0.966667 1.000000 1.033333
1.066667 1.100000 1.133333 1.166667 1.200000 1.233333 1.266667 1.300000 1.333333 1.366667 1.400000 1.433333 1.466667 1.500000 1.533333 1.566667
1.600000 1.633333 1.666667 1.700000 1.733333 1.766667 1.800000 1.833333 1.866667 1.900000 1.933333 1.966667 2.000000 2.033333 2.066667 2.100000</float_array>
        <technique_common>
          <accessor source="#mixamorig_Scart2-Matrix-animation-input-array" count="64">
            <param name="TIME" type="float"/>
          </accessor>
        </technique_common>
      </source>
      <source id="mixamorig_Scart2-Matrix-animation-output-transform">
        <float_array id="mixamorig_Scart2-Matrix-animation-output-transform-array" count="1024">

0.981549 0.191213 0.000000 -0.000000 -0.191213 0.981549 0.000000 9.170600 0.000000 0.000000 1.000000 0.000000 0.000000 0.000000 0.000000 1.000000
0.981549 0.191213 -0.000000 0.000000 -0.191213 0.981549 -0.000000 9.170600 -0.000000 0.000000 1.000000 0.000000 0.000000 0.000000 0.000000 1.000000
0.981549 0.191213 0.000000 0.000000 -0.191213 0.981549 0.000000 9.170600 0.000000 0.000000 1.000000 0.000000 0.000000 0.000000 0.000000 1.000000
0.981549 0.191213 -0.000000 0.000000 -0.191213 0.981549 0.000000 9.170600 0.000000 0.000000 1.000000 0.000000 0.000000 0.000000 0.000000 1.000000
0.981549 0.191213 0.000000 0.000000 -0.191213 0.981549 0.000000 9.170600 0.000000 -0.000000 1.000000 0.000000 0.000000 0.000000 0.000000 1.000000
0.981549 0.191213 -0.000000 -0.000000 -0.191213 0.981549 0.000000 9.170600 0.000000 0.000000 1.000000 0.000000 0.000000 0.000000 0.000000 1.000000
0.981549 0.191213 0.000000 0.000000 -0.191213 0.981549 0.000000 9.170600 -0.000000 0.000000 1.000000 0.000000 0.000000 0.000000 0.000000 1.000000
0.981549 0.191213 0.000000 0.000000 -0.191213 0.981549 -0.000000 9.170600 -0.000000 0.000000 1.000000 0.000000 0.000000 0.000000 0.000000 1.000000
0.981549 0.191213 -0.000000 0.000000 -0.191213 0.981549 0.000000 9.170600 0.000000 0.000000 1.000000 0.000000 0.000000 0.000000 0.000000 1.000000
0.981549 0.191213 0.000000 0.000000 -0.191213 0.981549 0.000000 9.170600 0.000000 0.000000 1.000000 -0.000000 0.000000 0.000000 0.000000 1.000000
0.981549 0.191213 -0.000000 0.000000 -0.191213 0.981549 0.000000 9.170600 0.000000 0.000000 1.000000 -0.000000 0.000000 0.000000 0.000000 1.000000
0.981549 0.191213 -0.000000 -0.000000 -0.191213 0.981549 -0.000000 9.170600 0.000000 -0.000000 1.000000 0.000000 0.000000 0.000000 0.000000 1.000000
0.981549 0.191213 0.000000 0.000000 -0.191213 0.981549 0.000000 9.170600 0.000000 0.000000 1.000000 0.000000 0.000000 0.000000 0.000000 1.000000
0.981549 0.191213 -0.000000 0.000000 -0.191213 0.981549 0.000000 9.170600 0.000000 0.000000 1.000000 0.000000 0.000000 0.000000 0.000000 1.000000
0.981549 0.191213 -0.000000 0.000000 -0.191213 0.981549 0.000000 9.170600 -0.000000 0.000000 1.000000 -0.000000 0.000000 0.000000 0.000000 1.000000
0.981549 0.191213 0.000000 -0.000000 -0.191213 0.981549 0.000000 9.170600 0.000000 0.000000 1.000000 0.000000 0.000000 0.000000 0.000000 1.000000
0.981549 0.191213 0.000000 0.000000 -0.191213 0.981549 0.000000 9.170600 0.000000 0.000000 1.000000 0.000000 0.000000 0.000000 0.000000 1.000000
0.981549 0.191213 0.000000 -0.000000 -0.191213 0.981549 0.000000 9.170600 -0.000000 0.000000 1.000000 0.000000 0.000000 0.000000 0.000000 1.000000
0.981549 0.191213 -0.000000 0.000000 -0.191213 0.981549 -0.000000 9.170600 0.000000 0.000000 1.000000 0.000000 0.000000 0.000000 0.000000 1.000000
0.981549 0.191213 0.000000 -0.000000 -0.191213 0.981549 -0.000000 9.170600 -0.000000 0.000000 1.000000 0.000000 0.000000 0.000000 0.000000 1.000000
0.981549 0.191213 -0.000000 0.000000 -0.191213 0.981549 0.000000 9.170600 0.000000 0.000000 1.000000 0.000000 0.000000 0.000000 0.000000 1.000000
0.981549 0.191213 0.000000 0.000000 -0.191213 0.981549 -0.000000 9.170600 -0.000000 0.000000 1.000000 0.000000 0.000000 0.000000 0.000000 1.000000
0.981549 0.191213 -0.000000 0.000000 -0.191213 0.981549 0.000000 9.170600 0.000000 0.000000 1.000000 -0.000000 0.000000 0.000000 0.000000 1.000000
0.981549 0.191213 0.000000 -0.000000 -0.191213 0.981549 0.000000 9.170600 0.000000 0.000000 1.000000 0.000000 0.000000 0.000000 0.000000 1.000000
0.981549 0.191213 0.000000 -0.000000 -0.191213 0.981549 0.000000 9.170600 -0.000000 -0.000000 1.000000 0.000000 0.000000 0.000000 0.000000 1.000000
0.981549 0.191213 0.000000 0.000000 -0.191213 0.981549 0.000000 9.170600 0.000000 0.000000 1.000000 0.000000 0.000000 0.000000 0.000000 1.000000
0.981549 0.191213 -0.000000 0.000000 -0.191213 0.981549 0.000000 9.170600 -0.000000 -0.000000 1.000000 0.000000 0.000000 0.000000 0.000000 1.000000
0.981549 0.191213 -0.000000 -0.000000 -0.191213 0.981549 0.000000 9.170600 0.000000 0.000000 1.000000 -0.000000 0.000000 0.000000 0.000000 1.000000
0.981549 0.191213 -0.000000 -0.000000 -0.191213 0.981549 0.000000 9.170600 0.000000 0.000000 1.000000 0.000000 0.000000 0.000000 0.000000 1.000000
0.981549 0.191213 -0.000000 0.000000 -0.191213 0.981549 0.000000 9.170600 0.000000 0.000000 1.000000 0.000000 0.000000 0.000000 0.000000 1.000000
0.981549 0.191213 -0.000000 -0.000000 -0.191213 0.981549 -0.000000 9.170600 0.000000 -0.000000 1.000000 0.000000 0.000000 0.000000 0.000000 1.000000
0.981549 0.191213 -0.000000 -0.000000 -0.191213 0.981549 0.000000 9.170600 -0.000000 0.000000 1.000000 0.000000 0.000000 0.000000 0.000000 1.000000
0.981549 0.191213 0.000000 0.000000 -0.191213 0.981549 0.000000 9.170600 0.000000 -0.000000 1.000000 0.000000 0.000000 0.000000 0.000000 1.000000
0.981549 0.191213 0.000000 0.000000 -0.191213 0.981549 -0.000000 9.170600 0.000000 -0.000000 1.000000 -0.000000 0.000000 0.000000 0.000000 1.000000
0.981549 0.191213 -0.000000 0.000000 -0.191213 0.981549 0.000000 9.170600 0.000000 -0.000000 1.000000 -0.000000 0.000000 0.000000 0.000000 1.000000
0.981549 0.191213 0.000000 0.000000 -0.191213 0.981549 -0.000000 9.170600 -0.000000 0.000000 1.000000 0.000000 0.000000 0.000000 0.000000 1.000000
0.981549 0.191213 -0.000000 0.000000 -0.191213 0.981549 0.000000 9.170600 0.000000 -0.000000 1.000000 0.000000 0.000000 0.000000 0.000000 1.000000
0.981549 0.191213 -0.000000 0.000000 -0.191213 0.981549 0.000000 9.170600 0.000000 -0.000000 1.000000 0.000000 0.000000 0.000000 0.000000 1.000000
0.981549 0.191213 0.000000 0.000000 -0.191213 0.981549 0.000000 9.170600 0.000000 -0.000000 1.000000 0.000000 0.000000 0.000000 0.000000 1.000000
0.981549 0.191213 -0.000000 0.000000 -0.191213 0.981549 0.000000 9.170600 0.000000 0.000000 1.000000 0.000000 0.000000 0.000000 0.000000 1.000000
0.981549 0.191213 0.000000 -0.000000 -0.191213 0.981549 -0.000000 9.170600 -0.000000 -0.000000 1.000000 -0.000000 0.000000 0.000000 0.000000 1.000000
0.981549 0.191213 -0.000000 -0.000000 -0.191213 0.981549 0.000000 9.170600 0.000000 0.000000 1.000000 -0.000000 0.000000 0.000000 0.000000 1.000000
0.981549 0.191213 -0.000000 -0.000000 -0.191213 0.981549 0.000000 9.170600 0.000000 -0.000000 1.000000 0.000000 0.000000 0.000000 0.000000 1.000000
0.981549 0.191213 0.000000 0.000000 -0.191213 0.981549 0.000000 9.170600 0.000000 0.000000 1.000000 0.000000 0.000000 0.000000 0.000000 1.000000
0.981549 0.191213 -0.000000 0.000000 -0.191213 0.981549 -0.000000 9.170600 -0.000000 0.000000 1.000000 0.000000 0.000000 0.000000 0.000000 1.000000
0.981549 0.191213 0.000000 0.000000 -0.191213 0.981549 -0.000000 9.170600 0.000000 0.000000 1.000000 0.000000 0.000000 0.000000 0.000000 1.000000
0.981549 0.191213 -0.000000 0.000000 -0.191213 0.981549 0.000000 9.170600 0.000000 -0.000000 1.000000 0.000000 0.000000 0.000000 0.000000 1.000000
0.981549 0.191213 -0.000000 -0.000000 -0.191213 0.981549 0.000000 9.170600 0.000000 0.000000 1.000000 0.000000 0.000000 0.000000 0.000000 1.000000
0.981549 0.191213 -0.000000 0.000000 -0.191213 0.981549 -0.000000 9.170600 0.000000 0.000000 1.000000 0.000000 0.000000 0.000000 0.000000 1.000000
0.981549 0.191213 -0.000000 0.000000 -0.191213 0.981549 0.000000 9.170600 0.000000 0.000000 1.000000 0.000000 0.000000 0.000000 0.000000 1.000000
0.981549 0.191213 0.000000 0.000000 -0.191213 0.981549 -0.000000 9.170600 0.000000 -0.000000 1.000000 0.000000 0.000000 0.000000 0.000000 1.000000
0.981549 0.191213 0.000000 -0.000000 -0.191213 0.981549 0.000000 9.170600 0.000000 -0.000000 1.000000 0.000000 0.000000 0.000000 0.000000 1.000000
0.981549 0.191213 -0.000000 0.000000 -0.191213 0.981549 0.000000 9.170600 -0.000000 0.000000 1.000000 0.000000 0.000000 0.000000 0.000000 1.000000
0.981549 0.191213 -0.000000 -0.000000 -0.191213 0.981549 0.000000 9.170600 0.000000 -0.000000 1.000000 -0.000000 0.000000 0.000000 0.000000 1.000000
0.981549 0.191213 -0.000000 -0.000000 -0.191213 0.981549 0.000000 9.170600 -0.000000 0.000000 1.000000 0.000000 0.000000 0.000000 0.000000 1.000000
0.981549 0.191213 0.000000 -0.000000 -0.191213 0.981549 0.000000 9.170600 -0.000000 -0.000000 1.000000 0.000000 0.000000 0.000000 0.000000 1.000000
0.981549 0.191213 0.000000 0.000000 -0.191213 0.981549 -0.000000 9.170600 -0.000000 0.000000 1.000000 0.000000 0.000000 0.000000 0.000000 1.000000
0.981549 0.191213 -0.000000 0.000000 -0.191213 0.981549 -0.000000 9.170600 0.000000 0.000000 1.000000 0.000000 0.000000 0.000000 0.000000 1.000000
0.981549 0.191213 0.000000 0.000000 -0.191213 0.981549 0.000000 9.170600 0.000000 -0.000000 1.000000 0.000000 0.000000 0.000000 0.000000 1.000000
0.981549 0.191213 -0.000000 0.000000 -0.191213 0.981549 0.000000 9.170600 -0.000000 -0.000000 1.000000 -0.000000 0.000000 0.000000 0.000000 1.000000
0.981549 0.191213 0.000000 -0.000000 -0.191213 0.981549 0.000000 9.170600 0.000000 -0.000000 1.000000 0.000000 0.000000 0.000000 0.000000 1.000000
0.981549 0.191213 0.000000 0.000000 -0.191213 0.981549 0.000000 9.170600 0.000000 0.000000 1.000000 -0.000000 0.000000 0.000000 0.000000 1.000000
0.981549 0.191213 -0.000000 -0.000000 -0.191213 0.981549 -0.000000 9.170600 0.000000 0.000000 1.000000 0.000000 0.000000 0.000000 0.000000 1.000000
0.981549 0.191213 -0.000000 0.000000 -0.191213 0.981549 0.000000 9.170600 -0.000000 0.000000 1.000000 0.000000 0.000000 0.000000 0.000000 1.000000</float_array>
        <technique_common>
          <accessor source="#mixamorig_Scart2-Matrix-animation-output-transform-array" count="64" stride="16">
            <param type="float4x4"/>
          </accessor>
        </technique_common>
      </source>
      <source id="mixamorig_Scart2-Interpolations">
        <Name_array id="mixamorig_Scart2-Interpolations-array" count="64">
 LINEAR LINEAR LINEAR LINEAR LINEAR LINEAR LINEAR LINEAR LINEAR LINEAR LINEAR
LINEAR LINEAR LINEAR LINEAR LINEAR LINEAR LINEAR LINEAR LINEAR LINEAR LINEAR LINEAR
LINEAR LINEAR LINEAR LINEAR LINEAR LINEAR LINEAR LINEAR LINEAR LINEAR LINEAR LINEAR
LINEAR LINEAR LINEAR LINEAR LINEAR LINEAR LINEAR LINEAR LINEAR LINEAR LINEAR LINEAR
LINEAR LINEAR LINEAR LINEAR LINEAR LINEAR LINEAR LINEAR LINEAR LINEAR LINEAR LINEAR
LINEAR LINEAR LINEAR LINEAR LINEAR</Name_array>
        <technique_common>
          <accessor source="#mixamorig_Scart2-Interpolations-array" count="64">
            <param type="name"/>
          </accessor>
        </technique_common>
      </source>
      <sampler id="mixamorig_Scart2-Matrix-animation-transform">
        <input semantic="INPUT" source="#mixamorig_Scart2-Matrix-animation-input"/>
        <input semantic="OUTPUT" source="#mixamorig_Scart2-Matrix-animation-output-transform"/>
        <input semantic="INTERPOLATION" source="#mixamorig_Scart2-Interpolations"/>
      </sampler>
      <channel source="#mixamorig_Scart2-Matrix-animation-transform" target="mixamorig_Scart2/matrix"/>
    </animation>
    <animation id="mixamorig_Scart3-anim" name="mixamorig_Scart3">
      <source id="mixamorig_Scart3-Matrix-animation-input">
        <float_array id="mixamorig_Scart3-Matrix-animation-input-array" count="64">

0.000000 0.033333 0.066667 0.100000 0.133333 0.166667 0.200000 0.233333 0.266667 0.300000 0.333333 0.366667 0.400000 0.433333 0.466667 0.500000
0.533333 0.566667 0.600000 0.633333 0.666667 0.700000 0.733333 0.766667 0.800000 0.833333 0.866667 0.900000 0.933333 0.966667 1.000000 1.033333
1.066667 1.100000 1.133333 1.166667 1.200000 1.233333 1.266667 1.300000 1.333333 1.366667 1.400000 1.433333 1.466667 1.500000 1.533333 1.566667
1.600000 1.633333 1.666667 1.700000 1.733333 1.766667 1.800000 1.833333 1.866667 1.900000 1.933333 1.966667 2.000000 2.033333 2.066667 2.100000</float_array>
        <technique_common>
          <accessor source="#mixamorig_Scart3-Matrix-animation-input-array" count="64">
            <param name="TIME" type="float"/>
          </accessor>
        </technique_common>
      </source>
      <source id="mixamorig_Scart3-Matrix-animation-output-transform">
        <float_array id="mixamorig_Scart3-Matrix-animation-output-transform-array" count="1024">

1.000000 -0.000000 0.000000 -0.000000 -0.000000 1.000000 0.000000 8.298900 0.000000 0.000000 1.000000 0.000000 0.000000 0.000000 0.000000 1.000000
1.000000 -0.000000 0.000000 0.000000 0.000000 1.000000 0.000000 8.298900 0.000000 0.000000 1.000000 0.000000 0.000000 0.000000 0.000000 1.000000
1.000000 0.000000 0.000000 0.000000 0.000000 1.000000 0.000000 8.298900 0.000000 0.000000 1.000000 0.000000 0.000000 0.000000 0.000000 1.000000
1.000000 0.000000 0.000000 -0.000000 -0.000000 1.000000 0.000000 8.298900 0.000000 -0.000000 1.000000 0.000000 0.000000 0.000000 0.000000 1.000000
1.000000 0.000000 0.000000 -0.000000 -0.000000 1.000000 -0.000000 8.298900 -0.000000 0.000000 1.000000 0.000000 0.000000 0.000000 0.000000 1.000000
1.000000 0.000000 0.000000 0.000000 -0.000000 1.000000 -0.000000 8.298900 0.000000 0.000000 1.000000 0.000000 0.000000 0.000000 0.000000 1.000000
1.000000 0.000000 0.000000 0.000000 0.000000 1.000000 -0.000000 8.298900 -0.000000 0.000000 1.000000 0.000000 0.000000 0.000000 0.000000 1.000000
1.000000 -0.000000 0.000000 0.000000 0.000000 1.000000 -0.000000 8.298900 -0.000000 0.000000 1.000000 0.000000 0.000000 0.000000 0.000000 1.000000
1.000000 0.000000 0.000000 0.000000 0.000000 1.000000 0.000000 8.298900 -0.000000 0.000000 1.000000 -0.000000 0.000000 0.000000 0.000000 1.000000
1.000000 -0.000000 -0.000000 -0.000000 -0.000000 1.000000 -0.000000 8.298900 -0.000000 0.000000 1.000000 -0.000000 0.000000 0.000000 0.000000 1.000000
1.000000 0.000000 0.000000 0.000000 0.000000 1.000000 0.000000 8.298900 -0.000000 -0.000000 1.000000 0.000000 0.000000 0.000000 0.000000 1.000000
1.000000 -0.000000 0.000000 0.000000 0.000000 1.000000 0.000000 8.298900 -0.000000 0.000000 1.000000 -0.000000 0.000000 0.000000 0.000000 1.000000
1.000000 0.000000 -0.000000 0.000000 0.000000 1.000000 0.000000 8.298900 -0.000000 0.000000 1.000000 -0.000000 0.000000 0.000000 0.000000 1.000000
1.000000 -0.000000 0.000000 0.000000 0.000000 1.000000 0.000000 8.298900 0.000000 0.000000 1.000000 0.000000 0.000000 0.000000 0.000000 1.000000
1.000000 0.000000 -0.000000 0.000000 -0.000000 1.000000 0.000000 8.298900 0.000000 0.000000 1.000000 0.000000 0.000000 0.000000 0.000000 1.000000
1.000000 0.000000 0.000000 -0.000000 -0.000000 1.000000 0.000000 8.298900 -0.000000 -0.000000 1.000000 0.000000 0.000000 0.000000 0.000000 1.000000
1.000000 -0.000000 0.000000 0.000000 -0.000000 1.000000 0.000000 8.298900 0.000000 -0.000000 1.000000 0.000000 0.000000 0.000000 0.000000 1.000000
1.000000 -0.000000 -0.000000 -0.000000 0.000000 1.000000 -0.000000 8.298900 -0.000000 0.000000 1.000000 0.000000 0.000000 0.000000 0.000000 1.000000
1.000000 0.000000 0.000000 0.000000 0.000000 1.000000 0.000000 8.298900 0.000000 0.000000 1.000000 0.000000 0.000000 0.000000 0.000000 1.000000
1.000000 0.000000 0.000000 0.000000 0.000000 1.000000 0.000000 8.298900 0.000000 -0.000000 1.000000 0.000000 0.000000 0.000000 0.000000 1.000000
1.000000 0.000000 -0.000000 0.000000 -0.000000 1.000000 -0.000000 8.298900 0.000000 -0.000000 1.000000 0.000000 0.000000 0.000000 0.000000 1.000000
1.000000 0.000000 0.000000 -0.000000 0.000000 1.000000 0.000000 8.298900 0.000000 -0.000000 1.000000 -0.000000 0.000000 0.000000 0.000000 1.000000
1.000000 -0.000000 0.000000 -0.000000 0.000000 1.000000 0.000000 8.298900 0.000000 -0.000000 1.000000 -0.000000 0.000000 0.000000 0.000000 1.000000
1.000000 0.000000 0.000000 0.000000 -0.000000 1.000000 0.000000 8.298900 0.000000 -0.000000 1.000000 0.000000 0.000000 0.000000 0.000000 1.000000
1.000000 0.000000 0.000000 0.000000 0.000000 1.000000 0.000000 8.298900 0.000000 -0.000000 1.000000 0.000000 0.000000 0.000000 0.000000 1.000000
1.000000 -0.000000 0.000000 -0.000000 0.000000 1.000000 0.000000 8.298900 0.000000 -0.000000 1.000000 0.000000 0.000000 0.000000 0.000000 1.000000
1.000000 0.000000 0.000000 -0.000000 0.000000 1.000000 0.000000 8.298900 0.000000 0.000000 1.000000 0.000000 0.000000 0.000000 0.000000 1.000000
1.000000 0.000000 -0.000000 0.000000 0.000000 1.000000 -0.000000 8.298900 -0.000000 0.000000 1.000000 0.000000 0.000000 0.000000 0.000000 1.000000
1.000000 -0.000000 0.000000 0.000000 -0.000000 1.000000 0.000000 8.298900 -0.000000 0.000000 1.000000 -0.000000 0.000000 0.000000 0.000000 1.000000
1.000000 0.000000 0.000000 -0.000000 -0.000000 1.000000 0.000000 8.298900 -0.000000 0.000000 1.000000 -0.000000 0.000000 0.000000 0.000000 1.000000
1.000000 -0.000000 -0.000000 0.000000 -0.000000 1.000000 0.000000 8.298900 0.000000 -0.000000 1.000000 0.000000 0.000000 0.000000 0.000000 1.000000
1.000000 0.000000 0.000000 0.000000 0.000000 1.000000 0.000000 8.298900 -0.000000 0.000000 1.000000 -0.000000 0.000000 0.000000 0.000000 1.000000
1.000000 0.000000 0.000000 -0.000000 0.000000 1.000000 -0.000000 8.298900 0.000000 0.000000 1.000000 0.000000 0.000000 0.000000 0.000000 1.000000
1.000000 -0.000000 -0.000000 0.000000 0.000000 1.000000 0.000000 8.298900 0.000000 -0.000000 1.000000 0.000000 0.000000 0.000000 0.000000 1.000000
1.000000 0.000000 0.000000 0.000000 0.000000 1.000000 0.000000 8.298900 0.000000 0.000000 1.000000 0.000000 0.000000 0.000000 0.000000 1.000000
1.000000 -0.000000 0.000000 0.000000 -0.000000 1.000000 -0.000000 8.298900 -0.000000 0.000000 1.000000 0.000000 0.000000 0.000000 0.000000 1.000000
1.000000 0.000000 0.000000 0.000000 0.000000 1.000000 0.000000 8.298900 -0.000000 -0.000000 1.000000 0.000000 0.000000 0.000000 0.000000 1.000000
1.000000 0.000000 0.000000 -0.000000 0.000000 1.000000 0.000000 8.298900 0.000000 -0.000000 1.000000 -0.000000 0.000000 0.000000 0.000000 1.000000
1.000000 0.000000 0.000000 -0.000000 0.000000 1.000000 -0.000000 8.298900 0.000000 0.000000 1.000000 -0.000000 0.000000 0.000000 0.000000 1.000000
1.000000 0.000000 -0.000000 -0.000000 -0.000000 1.000000 0.000000 8.298900 0.000000 0.000000 1.000000 0.000000 0.000000 0.000000 0.000000 1.000000
1.000000 0.000000 0.000000 0.000000 0.000000 1.000000 -0.000000 8.298900 -0.000000 0.000000 1.000000 0.000000 0.000000 0.000000 0.000000 1.000000
1.000000 0.000000 -0.000000 -0.000000 -0.000000 1.000000 0.000000 8.298900 0.000000 -0.000000 1.000000 0.000000 0.000000 0.000000 0.000000 1.000000
1.000000 0.000000 0.000000 0.000000 0.000000 1.000000 0.000000 8.298900 -0.000000 0.000000 1.000000 0.000000 0.000000 0.000000 0.000000 1.000000
1.000000 0.000000 0.000000 -0.000000 0.000000 1.000000 0.000000 8.298900 -0.000000 0.000000 1.000000 -0.000000 0.000000 0.000000 0.000000 1.000000
1.000000 0.000000 0.000000 0.000000 0.000000 1.000000 0.000000 8.298900 -0.000000 0.000000 1.000000 0.000000 0.000000 0.000000 0.000000 1.000000
1.000000 0.000000 0.000000 0.000000 0.000000 1.000000 -0.000000 8.298900 0.000000 0.000000 1.000000 -0.000000 0.000000 0.000000 0.000000 1.000000
1.000000 -0.000000 0.000000 -0.000000 0.000000 1.000000 -0.000000 8.298900 -0.000000 0.000000 1.000000 0.000000 0.000000 0.000000 0.000000 1.000000
1.000000 0.000000 0.000000 -0.000000 0.000000 1.000000 -0.000000 8.298900 0.000000 -0.000000 1.000000 0.000000 0.000000 0.000000 0.000000 1.000000
1.000000 0.000000 0.000000 0.000000 0.000000 1.000000 -0.000000 8.298900 0.000000 0.000000 1.000000 0.000000 0.000000 0.000000 0.000000 1.000000
1.000000 -0.000000 0.000000 0.000000 0.000000 1.000000 -0.000000 8.298900 0.000000 0.000000 1.000000 -0.000000 0.000000 0.000000 0.000000 1.000000
1.000000 0.000000 0.000000 0.000000 0.000000 1.000000 0.000000 8.298900 -0.000000 0.000000 1.000000 -0.000000 0.000000 0.000000 0.000000 1.000000
1.000000 0.000000 0.000000 -0.000000 -0.000000 1.000000 -0.000000 8.298900 0.000000 -0.000000 1.000000 0.000000 0.000000 0.000000 0.000000 1.000000
1.000000 0.000000 0.000000 0.000000 -0.000000 1.000000 0.000000 8.298900 -0.000000 -0.000000 1.000000 0.000000 0.000000 0.000000 0.000000 1.000000
1.000000 0.000000 0.000000 0.000000 0.000000 1.000000 0.000000 8.298900 0.000000 0.000000 1.000000 -0.000000 0.000000 0.000000 0.000000 1.000000
1.000000 0.000000 -0.000000 0.000000 -0.000000 1.000000 -0.000000 8.298900 0.000000 0.000000 1.000000 0.000000 0.000000 0.000000 0.000000 1.000000
1.000000 -0.000000 0.000000 0.000000 0.000000 1.000000 -0.000000 8.298900 0.000000 0.000000 1.000000 0.000000 0.000000 0.000000 0.000000 1.000000
1.000000 0.000000 -0.000000 0.000000 0.000000 1.000000 0.000000 8.298900 -0.000000 0.000000 1.000000 0.000000 0.000000 0.000000 0.000000 1.000000
1.000000 0.000000 0.000000 0.000000 0.000000 1.000000 0.000000 8.298900 -0.000000 0.000000 1.000000 0.000000 0.000000 0.000000 0.000000 1.000000
1.000000 0.000000 0.000000 0.000000 0.000000 1.000000 0.000000 8.298900 0.000000 0.000000 1.000000 -0.000000 0.000000 0.000000 0.000000 1.000000
1.000000 -0.000000 0.000000 -0.000000 0.000000 1.000000 0.000000 8.298900 0.000000 0.000000 1.000000 -0.000000 0.000000 0.000000 0.000000 1.000000
1.000000 0.000000 -0.000000 0.000000 -0.000000 1.000000 0.000000 8.298900 0.000000 0.000000 1.000000 0.000000 0.000000 0.000000 0.000000 1.000000
1.000000 0.000000 0.000000 0.000000 0.000000 1.000000 -0.000000 8.298900 0.000000 0.000000 1.000000 0.000000 0.000000 0.000000 0.000000 1.000000
1.000000 0.000000 0.000000 0.000000 0.000000 1.000000 0.000000 8.298900 0.000000 -0.000000 1.000000 0.000000 0.000000 0.000000 0.000000 1.000000
1.000000 0.000000 -0.000000 0.000000 0.000000 1.000000 0.000000 8.298900 0.000000 0.000000 1.000000 0.000000 0.000000 0.000000 0.000000 1.000000</float_array>
        <technique_common>
          <accessor source="#mixamorig_Scart3-Matrix-animation-output-transform-array" count="64" stride="16">
            <param type="float4x4"/>
          </accessor>
        </technique_common>
      </source>
      <source id="mixamorig_Scart3-Interpolations">
        <Name_array id="mixamorig_Scart3-Interpolations-array" count="64">
 LINEAR LINEAR LINEAR LINEAR LINEAR LINEAR LINEAR LINEAR LINEAR LINEAR LINEAR
LINEAR LINEAR LINEAR LINEAR LINEAR LINEAR LINEAR LINEAR LINEAR LINEAR LINEAR LINEAR
LINEAR LINEAR LINEAR LINEAR LINEAR LINEAR LINEAR LINEAR LINEAR LINEAR LINEAR LINEAR
LINEAR LINEAR LINEAR LINEAR LINEAR LINEAR LINEAR LINEAR LINEAR LINEAR LINEAR LINEAR
LINEAR LINEAR LINEAR LINEAR LINEAR LINEAR LINEAR LINEAR LINEAR LINEAR LINEAR LINEAR
LINEAR LINEAR LINEAR LINEAR LINEAR</Name_array>
        <technique_common>
          <accessor source="#mixamorig_Scart3-Interpolations-array" count="64">
            <param type="name"/>
          </accessor>
        </technique_common>
      </source>
      <sampler id="mixamorig_Scart3-Matrix-animation-transform">
        <input semantic="INPUT" source="#mixamorig_Scart3-Matrix-animation-input"/>
        <input semantic="OUTPUT" source="#mixamorig_Scart3-Matrix-animation-output-transform"/>
        <input semantic="INTERPOLATION" source="#mixamorig_Scart3-Interpolations"/>
      </sampler>
      <channel source="#mixamorig_Scart3-Matrix-animation-transform" target="mixamorig_Scart3/matrix"/>
    </animation>
    <animation id="mixamorig_LeftUpLeg-anim" name="mixamorig_LeftUpLeg">
      <source id="mixamorig_LeftUpLeg-Matrix-animation-input">
        <float_array id="mixamorig_LeftUpLeg-Matrix-animation-input-array" count="64">

0.000000 0.033333 0.066667 0.100000 0.133333 0.166667 0.200000 0.233333 0.266667 0.300000 0.333333 0.366667 0.400000 0.433333 0.466667 0.500000
0.533333 0.566667 0.600000 0.633333 0.666667 0.700000 0.733333 0.766667 0.800000 0.833333 0.866667 0.900000 0.933333 0.966667 1.000000 1.033333
1.066667 1.100000 1.133333 1.166667 1.200000 1.233333 1.266667 1.300000 1.333333 1.366667 1.400000 1.433333 1.466667 1.500000 1.533333 1.566667
1.600000 1.633333 1.666667 1.700000 1.733333 1.766667 1.800000 1.833333 1.866667 1.900000 1.933333 1.966667 2.000000 2.033333 2.066667 2.100000</float_array>
        <technique_common>
          <accessor source="#mixamorig_LeftUpLeg-Matrix-animation-input-array" count="64">
            <param name="TIME" type="float"/>
          </accessor>
        </technique_common>
      </source>
      <source id="mixamorig_LeftUpLeg-Matrix-animation-output-transform">
        <float_array id="mixamorig_LeftUpLeg-Matrix-animation-output-transform-array" count="1024">

-0.776103 0.580823 -0.245580 8.267000 -0.336253 -0.051711 0.940351 -4.795500 0.533478 0.812386 0.235437 -0.379100 0.000000 0.000000 0.000000 1.000000
-0.775982 0.580958 -0.245642 8.267000 -0.336586 -0.052032 0.940214 -4.795500 0.533444 0.812269 0.235919 -0.379100 0.000000 0.000000 0.000000 1.000000
-0.775914 0.581009 -0.245735 8.267000 -0.336950 -0.052387 0.940064 -4.795500 0.533312 0.812210 0.236419 -0.379100 0.000000 0.000000 0.000000 1.000000
-0.775885 0.580992 -0.245866 8.267000 -0.337351 -0.052766 0.939899 -4.795500 0.533101 0.812197 0.236939 -0.379100 0.000000 0.000000 0.000000 1.000000
-0.775895 0.580910 -0.246029 8.267000 -0.337796 -0.053186 0.939716 -4.795500 0.532805 0.812228 0.237496 -0.379100 0.000000 0.000000 0.000000 1.000000
-0.775933 0.580775 -0.246230 8.267000 -0.338277 -0.053623 0.939518 -4.795500 0.532445 0.812296 0.238070 -0.379100 0.000000 0.000000 0.000000 1.000000
-0.776018 0.580570 -0.246442 8.267000 -0.338771 -0.054095 0.939313 -4.795500 0.532006 0.812411 0.238659 -0.379100 0.000000 0.000000 0.000000 1.000000
-0.776139 0.580313 -0.246667 8.267000 -0.339266 -0.054576 0.939106 -4.795500 0.531514 0.812563 0.239239 -0.379100 0.000000 0.000000 0.000000 1.000000
-0.776286 0.580011 -0.246914 8.267000 -0.339789 -0.055085 0.938887 -4.795500 0.530964 0.812744 0.239843 -0.379100 0.000000 0.000000 0.000000 1.000000
-0.776469 0.579658 -0.247168 8.267000 -0.340309 -0.055602 0.938668 -4.795500 0.530364 0.812960 0.240436 -0.379100 0.000000 0.000000 0.000000 1.000000
-0.776671 0.579275 -0.247432 8.267000 -0.340840 -0.056137 0.938444 -4.795500 0.529727 0.813197 0.241040 -0.379100 0.000000 0.000000 0.000000 1.000000
-0.776898 0.578855 -0.247704 8.267000 -0.341373 -0.056685 0.938217 -4.795500 0.529050 0.813458 0.241644 -0.379100 0.000000 0.000000 0.000000 1.000000
-0.777142 0.578409 -0.247980 8.267000 -0.341901 -0.057231 0.937992 -4.795500 0.528350 0.813737 0.242235 -0.379100 0.000000 0.000000 0.000000 1.000000
-0.777400 0.577942 -0.248257 8.267000 -0.342437 -0.057799 0.937761 -4.795500 0.527623 0.814028 0.242842 -0.379100 0.000000 0.000000 0.000000 1.000000
-0.777670 0.577460 -0.248534 8.267000 -0.342959 -0.058358 0.937536 -4.795500 0.526886 0.814331 0.243428 -0.379100 0.000000 0.000000 0.000000 1.000000
-0.777948 0.576968 -0.248809 8.267000 -0.343475 -0.058920 0.937312 -4.795500 0.526139 0.814639 0.244011 -0.379100 0.000000 0.000000 0.000000 1.000000
-0.778228 0.576473 -0.249078 8.267000 -0.343985 -0.059484 0.937089 -4.795500 0.525390 0.814948 0.244590 -0.379100 0.000000 0.000000 0.000000 1.000000
-0.778517 0.575972 -0.249334 8.267000 -0.344474 -0.060044 0.936874 -4.795500 0.524642 0.815261 0.245153 -0.379100 0.000000 0.000000 0.000000 1.000000
-0.778798 0.575482 -0.249588 8.267000 -0.344950 -0.060586 0.936664 -4.795500 0.523912 0.815567 0.245697 -0.379100 0.000000 0.000000 0.000000 1.000000
-0.779077 0.575002 -0.249824 8.267000 -0.345402 -0.061120 0.936462 -4.795500 0.523199 0.815866 0.246224 -0.379100 0.000000 0.000000 0.000000 1.000000
-0.779343 0.574551 -0.250031 8.267000 -0.345849 -0.061685 0.936260 -4.795500 0.522506 0.816141 0.246781 -0.379100 0.000000 0.000000 0.000000 1.000000
-0.779588 0.574141 -0.250209 8.267000 -0.346299 -0.062286 0.936054 -4.795500 0.521843 0.816384 0.247382 -0.379100 0.000000 0.000000 0.000000 1.000000
-0.779818 0.573767 -0.250350 8.267000 -0.346720 -0.062895 0.935858 -4.795500 0.521219 0.816600 0.247983 -0.379100 0.000000 0.000000 0.000000 1.000000
-0.780033 0.573423 -0.250468 8.267000 -0.347116 -0.063489 0.935671 -4.795500 0.520634 0.816795 0.248568 -0.379100 0.000000 0.000000 0.000000 1.000000
-0.780226 0.573119 -0.250564 8.267000 -0.347464 -0.064029 0.935505 -4.795500 0.520112 0.816967 0.249095 -0.379100 0.000000 0.000000 0.000000 1.000000
-0.780402 0.572850 -0.250632 8.267000 -0.347775 -0.064545 0.935354 -4.795500 0.519640 0.817115 0.249593 -0.379100 0.000000 0.000000 0.000000 1.000000
-0.780548 0.572632 -0.250674 8.267000 -0.348045 -0.065016 0.935221 -4.795500 0.519239 0.817230 0.250050 -0.379100 0.000000 0.000000 0.000000 1.000000
-0.780673 0.572459 -0.250681 8.267000 -0.348261 -0.065444 0.935110 -4.795500 0.518906 0.817318 0.250456 -0.379100 0.000000 0.000000 0.000000 1.000000
-0.780761 0.572350 -0.250655 8.267000 -0.348432 -0.065824 0.935020 -4.795500 0.518660 0.817363 0.250818 -0.379100 0.000000 0.000000 0.000000 1.000000
-0.780820 0.572296 -0.250594 8.267000 -0.348546 -0.066151 0.934954 -4.795500 0.518494 0.817375 0.251124 -0.379100 0.000000 0.000000 0.000000 1.000000
-0.780834 0.572317 -0.250502 8.267000 -0.348615 -0.066421 0.934909 -4.795500 0.518426 0.817338 0.251383 -0.379100 0.000000 0.000000 0.000000 1.000000
-0.780810 0.572405 -0.250378 8.267000 -0.348635 -0.066634 0.934887 -4.795500 0.518450 0.817259 0.251589 -0.379100 0.000000 0.000000 0.000000 1.000000
-0.780752 0.572547 -0.250233 8.267000 -0.348618 -0.066800 0.934881 -4.795500 0.518548 0.817146 0.251755 -0.379100 0.000000 0.000000 0.000000 1.000000
-0.780662 0.572742 -0.250069 8.267000 -0.348557 -0.066899 0.934897 -4.795500 0.518725 0.817002 0.251859 -0.379100 0.000000 0.000000 0.000000 1.000000
-0.780543 0.572980 -0.249893 8.267000 -0.348459 -0.066938 0.934931 -4.795500 0.518970 0.816831 0.251908 -0.379100 0.000000 0.000000 0.000000 1.000000
-0.780389 0.573269 -0.249712 8.267000 -0.348337 -0.066919 0.934978 -4.795500 0.519283 0.816630 0.251913 -0.379100 0.000000 0.000000 0.000000 1.000000
-0.780216 0.573589 -0.249517 8.267000 -0.348171 -0.066840 0.935045 -4.795500 0.519654 0.816412 0.251857 -0.379100 0.000000 0.000000 0.000000 1.000000
-0.780020 0.573943 -0.249314 8.267000 -0.347970 -0.066702 0.935130 -4.795500 0.520082 0.816174 0.251744 -0.379100 0.000000 0.000000 0.000000 1.000000
-0.779811 0.574318 -0.249106 8.267000 -0.347727 -0.066495 0.935235 -4.795500 0.520558 0.815927 0.251560 -0.379100 0.000000 0.000000 0.000000 1.000000
-0.779593 0.574703 -0.248898 8.267000 -0.347436 -0.066205 0.935364 -4.795500 0.521078 0.815679 0.251286 -0.379100 0.000000 0.000000 0.000000 1.000000
-0.779368 0.575100 -0.248687 8.267000 -0.347095 -0.065839 0.935516 -4.795500 0.521642 0.815429 0.250927 -0.379100 0.000000 0.000000 0.000000 1.000000
-0.779141 0.575500 -0.248473 8.267000 -0.346710 -0.065409 0.935689 -4.795500 0.522237 0.815182 0.250494 -0.379100 0.000000 0.000000 0.000000 1.000000
-0.778917 0.575900 -0.248250 8.267000 -0.346274 -0.064915 0.935885 -4.795500 0.522861 0.814939 0.249983 -0.379100 0.000000 0.000000 0.000000 1.000000
-0.778690 0.576304 -0.248024 8.267000 -0.345813 -0.064391 0.936091 -4.795500 0.523502 0.814695 0.249434 -0.379100 0.000000 0.000000 0.000000 1.000000
-0.778462 0.576708 -0.247799 8.267000 -0.345320 -0.063812 0.936313 -4.795500 0.524167 0.814454 0.248824 -0.379100 0.000000 0.000000 0.000000 1.000000
-0.778243 0.577100 -0.247575 8.267000 -0.344785 -0.063177 0.936553 -4.795500 0.524844 0.814226 0.248142 -0.379100 0.000000 0.000000 0.000000 1.000000
-0.778034 0.577470 -0.247369 8.267000 -0.344210 -0.062460 0.936813 -4.795500 0.525530 0.814019 0.247367 -0.379100 0.000000 0.000000 0.000000 1.000000
-0.777841 0.577814 -0.247172 8.267000 -0.343590 -0.061672 0.937093 -4.795500 0.526222 0.813835 0.246502 -0.379100 0.000000 0.000000 0.000000 1.000000
-0.777660 0.578134 -0.246993 8.267000 -0.342948 -0.060834 0.937383 -4.795500 0.526907 0.813671 0.245578 -0.379100 0.000000 0.000000 0.000000 1.000000
-0.777485 0.578444 -0.246817 8.267000 -0.342297 -0.059982 0.937675 -4.795500 0.527588 0.813514 0.244635 -0.379100 0.000000 0.000000 0.000000 1.000000
-0.777313 0.578745 -0.246656 8.267000 -0.341655 -0.059125 0.937964 -4.795500 0.528258 0.813363 0.243690 -0.379100 0.000000 0.000000 0.000000 1.000000
-0.777158 0.579021 -0.246497 8.267000 -0.341003 -0.058263 0.938255 -4.795500 0.528907 0.813229 0.242727 -0.379100 0.000000 0.000000 0.000000 1.000000
-0.777007 0.579284 -0.246352 8.267000 -0.340368 -0.057412 0.938538 -4.795500 0.529537 0.813101 0.241779 -0.379100 0.000000 0.000000 0.000000 1.000000
-0.776870 0.579529 -0.246211 8.267000 -0.339747 -0.056586 0.938813 -4.795500 0.530137 0.812985 0.240853 -0.379100 0.000000 0.000000 0.000000 1.000000
-0.776743 0.579752 -0.246086 8.267000 -0.339156 -0.055790 0.939074 -4.795500 0.530701 0.812881 0.239961 -0.379100 0.000000 0.000000 0.000000 1.000000
-0.776624 0.579959 -0.245971 8.267000 -0.338598 -0.055034 0.939320 -4.795500 0.531231 0.812784 0.239114 -0.379100 0.000000 0.000000 0.000000 1.000000
-0.776524 0.580140 -0.245862 8.267000 -0.338076 -0.054340 0.939549 -4.795500 0.531709 0.812702 0.238327 -0.379100 0.000000 0.000000 0.000000 1.000000
-0.776424 0.580309 -0.245778 8.267000 -0.337613 -0.053696 0.939752 -4.795500 0.532150 0.812624 0.237611 -0.379100 0.000000 0.000000 0.000000 1.000000
-0.776336 0.580456 -0.245707 8.267000 -0.337210 -0.053132 0.939929 -4.795500 0.532533 0.812556 0.236984 -0.379100 0.000000 0.000000 0.000000 1.000000
-0.776255 0.580584 -0.245665 8.267000 -0.336884 -0.052645 0.940073 -4.795500 0.532858 0.812497 0.236456 -0.379100 0.000000 0.000000 0.000000 1.000000
-0.776174 0.580701 -0.245644 8.267000 -0.336641 -0.052251 0.940182 -4.795500 0.533129 0.812439 0.236044 -0.379100 0.000000 0.000000 0.000000 1.000000
-0.776122 0.580779 -0.245622 8.267000 -0.336452 -0.051961 0.940266 -4.795500 0.533324 0.812401 0.235733 -0.379100 0.000000 0.000000 0.000000 1.000000
-0.776082 0.580837 -0.245610 8.267000 -0.336353 -0.051800 0.940310 -4.795500 0.533445 0.812370 0.235567 -0.379100 0.000000 0.000000 0.000000 1.000000
-0.776102 0.580824 -0.245581 8.267000 -0.336254 -0.051711 0.940351 -4.795500 0.533479 0.812385 0.235437 -0.379100 0.000000 0.000000 0.000000 1.000000</float_array>
        <technique_common>
          <accessor source="#mixamorig_LeftUpLeg-Matrix-animation-output-transform-array" count="64" stride="16">
            <param type="float4x4"/>
          </accessor>
        </technique_common>
      </source>
      <source id="mixamorig_LeftUpLeg-Interpolations">
        <Name_array id="mixamorig_LeftUpLeg-Interpolations-array" count="64">
 LINEAR LINEAR LINEAR LINEAR LINEAR LINEAR LINEAR LINEAR LINEAR LINEAR LINEAR
LINEAR LINEAR LINEAR LINEAR LINEAR LINEAR LINEAR LINEAR LINEAR LINEAR LINEAR LINEAR
LINEAR LINEAR LINEAR LINEAR LINEAR LINEAR LINEAR LINEAR LINEAR LINEAR LINEAR LINEAR
LINEAR LINEAR LINEAR LINEAR LINEAR LINEAR LINEAR LINEAR LINEAR LINEAR LINEAR LINEAR
LINEAR LINEAR LINEAR LINEAR LINEAR LINEAR LINEAR LINEAR LINEAR LINEAR LINEAR LINEAR
LINEAR LINEAR LINEAR LINEAR LINEAR</Name_array>
        <technique_common>
          <accessor source="#mixamorig_LeftUpLeg-Interpolations-array" count="64">
            <param type="name"/>
          </accessor>
        </technique_common>
      </source>
      <sampler id="mixamorig_LeftUpLeg-Matrix-animation-transform">
        <input semantic="INPUT" source="#mixamorig_LeftUpLeg-Matrix-animation-input"/>
        <input semantic="OUTPUT" source="#mixamorig_LeftUpLeg-Matrix-animation-output-transform"/>
        <input semantic="INTERPOLATION" source="#mixamorig_LeftUpLeg-Interpolations"/>
      </sampler>
      <channel source="#mixamorig_LeftUpLeg-Matrix-animation-transform" target="mixamorig_LeftUpLeg/matrix"/>
    </animation>
    <animation id="mixamorig_LeftLeg-anim" name="mixamorig_LeftLeg">
      <source id="mixamorig_LeftLeg-Matrix-animation-input">
        <float_array id="mixamorig_LeftLeg-Matrix-animation-input-array" count="64">

0.000000 0.033333 0.066667 0.100000 0.133333 0.166667 0.200000 0.233333 0.266667 0.300000 0.333333 0.366667 0.400000 0.433333 0.466667 0.500000
0.533333 0.566667 0.600000 0.633333 0.666667 0.700000 0.733333 0.766667 0.800000 0.833333 0.866667 0.900000 0.933333 0.966667 1.000000 1.033333
1.066667 1.100000 1.133333 1.166667 1.200000 1.233333 1.266667 1.300000 1.333333 1.366667 1.400000 1.433333 1.466667 1.500000 1.533333 1.566667
1.600000 1.633333 1.666667 1.700000 1.733333 1.766667 1.800000 1.833333 1.866667 1.900000 1.933333 1.966667 2.000000 2.033333 2.066667 2.100000</float_array>
        <technique_common>
          <accessor source="#mixamorig_LeftLeg-Matrix-animation-input-array" count="64">
            <param name="TIME" type="float"/>
          </accessor>
        </technique_common>
      </source>
      <source id="mixamorig_LeftLeg-Matrix-animation-output-transform">
        <float_array id="mixamorig_LeftLeg-Matrix-animation-output-transform-array" count="1024">

0.993024 0.077786 -0.088612 0.000000 0.117615 -0.600332 0.791055 33.831501 0.008336 -0.795959 -0.605293 0.000000 0.000000 0.000000 0.000000 1.000000
0.993043 0.077788 -0.088404 -0.000000 0.117450 -0.600366 0.791054 33.831501 0.008460 -0.795934 -0.605325 0.000000 0.000000 0.000000 0.000000 1.000000
0.993054 0.077791 -0.088278 0.000000 0.117353 -0.600401 0.791042 33.831501 0.008534 -0.795906 -0.605359 -0.000000 0.000000 0.000000 0.000000 1.000000
0.993058 0.077790 -0.088229 0.000000 0.117313 -0.600441 0.791017 33.831501 0.008557 -0.795877 -0.605398 0.000000 0.000000 0.000000 0.000000 1.000000
0.993056 0.077791 -0.088253 0.000000 0.117333 -0.600475 0.790988 33.831501 0.008538 -0.795850 -0.605433 0.000000 0.000000 0.000000 0.000000 1.000000
0.993050 0.077787 -0.088319 -0.000000 0.117384 -0.600519 0.790948 33.831501 0.008488 -0.795818 -0.605476 0.000000 0.000000 0.000000 0.000000 1.000000
0.993038 0.077790 -0.088457 0.000000 0.117496 -0.600551 0.790907 33.831501 0.008401 -0.795794 -0.605510 0.000000 0.000000 0.000000 0.000000 1.000000
0.993022 0.077784 -0.088644 0.000000 0.117641 -0.600587 0.790858 33.831501 0.008278 -0.795767 -0.605547 0.000000 0.000000 0.000000 0.000000 1.000000
0.993002 0.077783 -0.088859 0.000000 0.117812 -0.600613 0.790812 33.831501 0.008142 -0.795747 -0.605574 -0.000000 0.000000 0.000000 0.000000 1.000000
0.992978 0.077780 -0.089134 -0.000000 0.118030 -0.600644 0.790756 33.831501 0.007968 -0.795724 -0.605607 -0.000000 0.000000 0.000000 0.000000 1.000000
0.992952 0.077774 -0.089428 0.000000 0.118261 -0.600670 0.790702 33.831501 0.007780 -0.795705 -0.605634 0.000000 0.000000 0.000000 0.000000 1.000000
0.992923 0.077773 -0.089755 0.000000 0.118521 -0.600695 0.790644 33.831501 0.007575 -0.795686 -0.605662 0.000000 0.000000 0.000000 0.000000 1.000000
0.992891 0.077766 -0.090113 0.000000 0.118802 -0.600722 0.790581 33.831501 0.007348 -0.795666 -0.605691 0.000000 0.000000 0.000000 0.000000 1.000000
0.992858 0.077764 -0.090480 0.000000 0.119093 -0.600740 0.790524 33.831501 0.007120 -0.795653 -0.605710 -0.000000 0.000000 0.000000 0.000000 1.000000
0.992823 0.077757 -0.090866 -0.000000 0.119397 -0.600762 0.790462 33.831501 0.006875 -0.795638 -0.605734 -0.000000 0.000000 0.000000 0.000000 1.000000
0.992787 0.077751 -0.091264 0.000000 0.119710 -0.600781 0.790400 33.831501 0.006625 -0.795624 -0.605755 0.000000 0.000000 0.000000 0.000000 1.000000
0.992751 0.077746 -0.091659 0.000000 0.120021 -0.600793 0.790344 33.831501 0.006378 -0.795615 -0.605768 -0.000000 0.000000 0.000000 0.000000 1.000000
0.992713 0.077744 -0.092069 0.000000 0.120347 -0.600807 0.790283 33.831501 0.006123 -0.795604 -0.605785 -0.000000 0.000000 0.000000 0.000000 1.000000
0.992677 0.077736 -0.092464 -0.000000 0.120657 -0.600823 0.790224 33.831501 0.005875 -0.795594 -0.605802 -0.000000 0.000000 0.000000 0.000000 1.000000
0.992641 0.077730 -0.092860 0.000000 0.120968 -0.600838 0.790165 33.831501 0.005626 -0.795583 -0.605819 0.000000 0.000000 0.000000 0.000000 1.000000
0.992607 0.077726 -0.093225 0.000000 0.121256 -0.600847 0.790114 33.831501 0.005398 -0.795576 -0.605830 -0.000000 0.000000 0.000000 0.000000 1.000000
0.992576 0.077724 -0.093550 0.000000 0.121513 -0.600860 0.790065 33.831501 0.005196 -0.795567 -0.605844 0.000000 0.000000 0.000000 0.000000 1.000000
0.992548 0.077717 -0.093853 -0.000000 0.121751 -0.600872 0.790019 33.831501 0.005005 -0.795558 -0.605856 0.000000 0.000000 0.000000 0.000000 1.000000
0.992522 0.077717 -0.094125 0.000000 0.121967 -0.600881 0.789979 33.831501 0.004837 -0.795552 -0.605867 -0.000000 0.000000 0.000000 0.000000 1.000000
0.992499 0.077710 -0.094374 -0.000000 0.122162 -0.600894 0.789939 33.831501 0.004677 -0.795542 -0.605880 0.000000 0.000000 0.000000 0.000000 1.000000
0.992478 0.077709 -0.094593 0.000000 0.122336 -0.600896 0.789910 33.831501 0.004542 -0.795541 -0.605883 0.000000 0.000000 0.000000 0.000000 1.000000
0.992462 0.077706 -0.094768 0.000000 0.122472 -0.600903 0.789884 33.831501 0.004432 -0.795536 -0.605890 -0.000000 0.000000 0.000000 0.000000 1.000000
0.992448 0.077707 -0.094912 0.000000 0.122588 -0.600906 0.789863 33.831501 0.004344 -0.795533 -0.605894 -0.000000 0.000000 0.000000 0.000000 1.000000
0.992441 0.077703 -0.094989 0.000000 0.122647 -0.600909 0.789852 33.831501 0.004294 -0.795532 -0.605896 -0.000000 0.000000 0.000000 0.000000 1.000000
0.992437 0.077705 -0.095027 0.000000 0.122678 -0.600907 0.789849 33.831501 0.004273 -0.795533 -0.605895 0.000000 0.000000 0.000000 0.000000 1.000000
0.992439 0.077705 -0.095004 0.000000 0.122660 -0.600907 0.789851 33.831501 0.004287 -0.795533 -0.605895 0.000000 0.000000 0.000000 0.000000 1.000000
0.992447 0.077704 -0.094929 -0.000000 0.122599 -0.600909 0.789859 33.831501 0.004332 -0.795531 -0.605897 0.000000 0.000000 0.000000 0.000000 1.000000
0.992458 0.077709 -0.094803 0.000000 0.122502 -0.600907 0.789876 33.831501 0.004413 -0.795532 -0.605895 0.000000 0.000000 0.000000 0.000000 1.000000
0.992474 0.077711 -0.094642 0.000000 0.122376 -0.600906 0.789896 33.831501 0.004513 -0.795533 -0.605893 -0.000000 0.000000 0.000000 0.000000 1.000000
0.992492 0.077715 -0.094444 0.000000 0.122220 -0.600907 0.789920 33.831501 0.004637 -0.795532 -0.605894 0.000000 0.000000 0.000000 0.000000 1.000000
0.992516 0.077719 -0.094193 -0.000000 0.122023 -0.600907 0.789950 33.831501 0.004792 -0.795531 -0.605893 -0.000000 0.000000 0.000000 0.000000 1.000000
0.992540 0.077722 -0.093932 0.000000 0.121817 -0.600908 0.789981 33.831501 0.004955 -0.795530 -0.605893 -0.000000 0.000000 0.000000 0.000000 1.000000
0.992567 0.077726 -0.093645 0.000000 0.121590 -0.600906 0.790018 33.831501 0.005133 -0.795532 -0.605890 0.000000 0.000000 0.000000 0.000000 1.000000
0.992596 0.077730 -0.093338 0.000000 0.121349 -0.600905 0.790055 33.831501 0.005324 -0.795532 -0.605888 -0.000000 0.000000 0.000000 0.000000 1.000000
0.992624 0.077735 -0.093035 -0.000000 0.121111 -0.600902 0.790095 33.831501 0.005513 -0.795534 -0.605884 -0.000000 0.000000 0.000000 0.000000 1.000000
0.992653 0.077737 -0.092722 0.000000 0.120862 -0.600893 0.790139 33.831501 0.005707 -0.795540 -0.605874 -0.000000 0.000000 0.000000 0.000000 1.000000
0.992682 0.077742 -0.092409 0.000000 0.120616 -0.600881 0.790186 33.831501 0.005904 -0.795549 -0.605861 0.000000 0.000000 0.000000 0.000000 1.000000
0.992710 0.077744 -0.092100 0.000000 0.120372 -0.600870 0.790231 33.831501 0.006096 -0.795557 -0.605848 -0.000000 0.000000 0.000000 0.000000 1.000000
0.992740 0.077752 -0.091776 0.000000 0.120119 -0.600849 0.790286 33.831501 0.006302 -0.795572 -0.605826 0.000000 0.000000 0.000000 0.000000 1.000000
0.992769 0.077755 -0.091459 -0.000000 0.119868 -0.600829 0.790339 33.831501 0.006501 -0.795587 -0.605804 0.000000 0.000000 0.000000 0.000000 1.000000
0.992795 0.077758 -0.091164 -0.000000 0.119635 -0.600808 0.790391 33.831501 0.006687 -0.795602 -0.605782 0.000000 0.000000 0.000000 0.000000 1.000000
0.992821 0.077761 -0.090881 0.000000 0.119412 -0.600778 0.790447 33.831501 0.006867 -0.795625 -0.605751 0.000000 0.000000 0.000000 0.000000 1.000000
0.992844 0.077763 -0.090627 -0.000000 0.119210 -0.600745 0.790502 33.831501 0.007028 -0.795649 -0.605717 -0.000000 0.000000 0.000000 0.000000 1.000000
0.992865 0.077768 -0.090394 -0.000000 0.119027 -0.600710 0.790557 33.831501 0.007180 -0.795676 -0.605680 0.000000 0.000000 0.000000 0.000000 1.000000
0.992885 0.077771 -0.090168 -0.000000 0.118848 -0.600673 0.790612 33.831501 0.007325 -0.795703 -0.605642 -0.000000 0.000000 0.000000 0.000000 1.000000
0.992906 0.077773 -0.089943 0.000000 0.118670 -0.600636 0.790667 33.831501 0.007469 -0.795731 -0.605604 0.000000 0.000000 0.000000 0.000000 1.000000
0.992923 0.077775 -0.089754 0.000000 0.118520 -0.600601 0.790715 33.831501 0.007591 -0.795757 -0.605569 -0.000000 0.000000 0.000000 0.000000 1.000000
0.992940 0.077775 -0.089565 0.000000 0.118369 -0.600562 0.790768 33.831501 0.007712 -0.795787 -0.605528 -0.000000 0.000000 0.000000 0.000000 1.000000
0.992955 0.077775 -0.089398 -0.000000 0.118236 -0.600526 0.790815 33.831501 0.007820 -0.795814 -0.605491 0.000000 0.000000 0.000000 0.000000 1.000000
0.992968 0.077778 -0.089246 -0.000000 0.118116 -0.600493 0.790858 33.831501 0.007920 -0.795839 -0.605457 0.000000 0.000000 0.000000 0.000000 1.000000
0.992981 0.077777 -0.089104 -0.000000 0.118003 -0.600461 0.790899 33.831501 0.008011 -0.795863 -0.605424 0.000000 0.000000 0.000000 0.000000 1.000000
0.992992 0.077782 -0.088979 0.000000 0.117906 -0.600422 0.790943 33.831501 0.008097 -0.795891 -0.605385 -0.000000 0.000000 0.000000 0.000000 1.000000
0.993003 0.077781 -0.088853 0.000000 0.117805 -0.600397 0.790977 33.831501 0.008176 -0.795910 -0.605359 0.000000 0.000000 0.000000 0.000000 1.000000
0.993010 0.077783 -0.088771 0.000000 0.117740 -0.600372 0.791006 33.831501 0.008231 -0.795929 -0.605333 0.000000 0.000000 0.000000 0.000000 1.000000
0.993015 0.077785 -0.088718 0.000000 0.117699 -0.600359 0.791022 33.831501 0.008266 -0.795939 -0.605321 -0.000000 0.000000 0.000000 0.000000 1.000000
0.993020 0.077781 -0.088664 0.000000 0.117654 -0.600352 0.791034 33.831501 0.008298 -0.795944 -0.605313 -0.000000 0.000000 0.000000 0.000000 1.000000
0.993021 0.077783 -0.088648 0.000000 0.117642 -0.600348 0.791039 33.831501 0.008310 -0.795948 -0.605309 -0.000000 0.000000 0.000000 0.000000 1.000000
0.993025 0.077784 -0.088609 0.000000 0.117611 -0.600344 0.791047 33.831501 0.008335 -0.795950 -0.605305 0.000000 0.000000 0.000000 0.000000 1.000000
0.993024 0.077786 -0.088613 0.000000 0.117615 -0.600332 0.791055 33.831501 0.008336 -0.795959 -0.605293 -0.000000 0.000000 0.000000 0.000000 1.000000</float_array>
        <technique_common>
          <accessor source="#mixamorig_LeftLeg-Matrix-animation-output-transform-array" count="64" stride="16">
            <param type="float4x4"/>
          </accessor>
        </technique_common>
      </source>
      <source id="mixamorig_LeftLeg-Interpolations">
        <Name_array id="mixamorig_LeftLeg-Interpolations-array" count="64">
 LINEAR LINEAR LINEAR LINEAR LINEAR LINEAR LINEAR LINEAR LINEAR LINEAR LINEAR
LINEAR LINEAR LINEAR LINEAR LINEAR LINEAR LINEAR LINEAR LINEAR LINEAR LINEAR LINEAR
LINEAR LINEAR LINEAR LINEAR LINEAR LINEAR LINEAR LINEAR LINEAR LINEAR LINEAR LINEAR
LINEAR LINEAR LINEAR LINEAR LINEAR LINEAR LINEAR LINEAR LINEAR LINEAR LINEAR LINEAR
LINEAR LINEAR LINEAR LINEAR LINEAR LINEAR LINEAR LINEAR LINEAR LINEAR LINEAR LINEAR
LINEAR LINEAR LINEAR LINEAR LINEAR</Name_array>
        <technique_common>
          <accessor source="#mixamorig_LeftLeg-Interpolations-array" count="64">
            <param type="name"/>
          </accessor>
        </technique_common>
      </source>
      <sampler id="mixamorig_LeftLeg-Matrix-animation-transform">
        <input semantic="INPUT" source="#mixamorig_LeftLeg-Matrix-animation-input"/>
        <input semantic="OUTPUT" source="#mixamorig_LeftLeg-Matrix-animation-output-transform"/>
        <input semantic="INTERPOLATION" source="#mixamorig_LeftLeg-Interpolations"/>
      </sampler>
      <channel source="#mixamorig_LeftLeg-Matrix-animation-transform" target="mixamorig_LeftLeg/matrix"/>
    </animation>
    <animation id="mixamorig_LeftFoot-anim" name="mixamorig_LeftFoot">
      <source id="mixamorig_LeftFoot-Matrix-animation-input">
        <float_array id="mixamorig_LeftFoot-Matrix-animation-input-array" count="64">

0.000000 0.033333 0.066667 0.100000 0.133333 0.166667 0.200000 0.233333 0.266667 0.300000 0.333333 0.366667 0.400000 0.433333 0.466667 0.500000
0.533333 0.566667 0.600000 0.633333 0.666667 0.700000 0.733333 0.766667 0.800000 0.833333 0.866667 0.900000 0.933333 0.966667 1.000000 1.033333
1.066667 1.100000 1.133333 1.166667 1.200000 1.233333 1.266667 1.300000 1.333333 1.366667 1.400000 1.433333 1.466667 1.500000 1.533333 1.566667
1.600000 1.633333 1.666667 1.700000 1.733333 1.766667 1.800000 1.833333 1.866667 1.900000 1.933333 1.966667 2.000000 2.033333 2.066667 2.100000</float_array>
        <technique_common>
          <accessor source="#mixamorig_LeftFoot-Matrix-animation-input-array" count="64">
            <param name="TIME" type="float"/>
          </accessor>
        </technique_common>
      </source>
      <source id="mixamorig_LeftFoot-Matrix-animation-output-transform">
        <float_array id="mixamorig_LeftFoot-Matrix-animation-output-transform-array" count="1024">

0.977652 0.128885 -0.166087 0.000000 -0.197434 0.291485 -0.935979 33.272099 -0.072222 0.947853 0.310417 -0.000000 0.000000 0.000000 0.000000 1.000000
0.977705 0.128774 -0.165862 0.000000 -0.197184 0.291482 -0.936033 33.272099 -0.072191 0.947869 0.310376 0.000000 0.000000 0.000000 0.000000 1.000000
0.977746 0.128692 -0.165686 0.000000 -0.196991 0.291507 -0.936065 33.272099 -0.072165 0.947872 0.310371 0.000000 0.000000 0.000000 0.000000 1.000000
0.977774 0.128639 -0.165561 -0.000000 -0.196860 0.291565 -0.936075 33.272099 -0.072144 0.947862 0.310408 -0.000000 0.000000 0.000000 0.000000 1.000000
0.977786 0.128624 -0.165503 0.000000 -0.196805 0.291649 -0.936060 33.272099 -0.072131 0.947838 0.310484 0.000000 0.000000 0.000000 0.000000 1.000000
0.977781 0.128647 -0.165510 0.000000 -0.196827 0.291754 -0.936023 33.272099 -0.072128 0.947803 0.310593 0.000000 0.000000 0.000000 0.000000 1.000000
0.977771 0.128684 -0.165539 0.000000 -0.196878 0.291888 -0.935970 33.272099 -0.072126 0.947756 0.310735 -0.000000 0.000000 0.000000 0.000000 1.000000
0.977760 0.128727 -0.165575 0.000000 -0.196938 0.292054 -0.935906 33.272099 -0.072119 0.947699 0.310910 0.000000 0.000000 0.000000 0.000000 1.000000
0.977733 0.128804 -0.165672 0.000000 -0.197069 0.292241 -0.935820 33.272099 -0.072122 0.947631 0.311117 -0.000000 0.000000 0.000000 0.000000 1.000000
0.977709 0.128877 -0.165756 0.000000 -0.197189 0.292454 -0.935728 33.272099 -0.072118 0.947556 0.311348 0.000000 0.000000 0.000000 0.000000 1.000000
0.977678 0.128968 -0.165872 -0.000000 -0.197346 0.292682 -0.935624 33.272099 -0.072117 0.947473 0.311600 -0.000000 0.000000 0.000000 0.000000 1.000000
0.977641 0.129070 -0.166006 0.000000 -0.197525 0.292929 -0.935509 33.272099 -0.072118 0.947382 0.311874 0.000000 0.000000 0.000000 0.000000 1.000000
0.977608 0.129167 -0.166126 -0.000000 -0.197690 0.293201 -0.935389 33.272099 -0.072113 0.947285 0.312170 0.000000 0.000000 0.000000 0.000000 1.000000
0.977567 0.129282 -0.166280 0.000000 -0.197895 0.293478 -0.935258 33.272099 -0.072113 0.947184 0.312479 -0.000000 0.000000 0.000000 0.000000 1.000000
0.977529 0.129390 -0.166418 0.000000 -0.198084 0.293775 -0.935125 33.272099 -0.072106 0.947077 0.312803 0.000000 0.000000 0.000000 0.000000 1.000000
0.977493 0.129495 -0.166549 -0.000000 -0.198266 0.294085 -0.934989 33.272099 -0.072097 0.946966 0.313141 0.000000 0.000000 0.000000 0.000000 1.000000
0.977455 0.129604 -0.166685 0.000000 -0.198456 0.294412 -0.934846 33.272099 -0.072086 0.946850 0.313495 0.000000 0.000000 0.000000 0.000000 1.000000
0.977424 0.129699 -0.166794 0.000000 -0.198615 0.294739 -0.934709 33.272099 -0.072070 0.946735 0.313845 -0.000000 0.000000 0.000000 0.000000 1.000000
0.977391 0.129797 -0.166910 0.000000 -0.198782 0.295068 -0.934570 33.272099 -0.072054 0.946619 0.314198 0.000000 0.000000 0.000000 0.000000 1.000000
0.977369 0.129872 -0.166983 0.000000 -0.198901 0.295407 -0.934437 33.272099 -0.072029 0.946503 0.314553 0.000000 0.000000 0.000000 0.000000 1.000000
0.977363 0.129913 -0.166984 0.000000 -0.198945 0.295788 -0.934308 33.272099 -0.071987 0.946379 0.314938 0.000000 0.000000 0.000000 0.000000 1.000000
0.977383 0.129903 -0.166879 -0.000000 -0.198873 0.296219 -0.934186 33.272099 -0.071921 0.946245 0.315353 0.000000 0.000000 0.000000 0.000000 1.000000
0.977428 0.129837 -0.166664 0.000000 -0.198683 0.296693 -0.934076 33.272099 -0.071829 0.946106 0.315792 0.000000 0.000000 0.000000 0.000000 1.000000
0.977477 0.129763 -0.166435 -0.000000 -0.198476 0.297159 -0.933972 33.272099 -0.071737 0.945969 0.316221 0.000000 0.000000 0.000000 0.000000 1.000000
0.977535 0.129667 -0.166169 0.000000 -0.198227 0.297617 -0.933879 33.272099 -0.071639 0.945839 0.316634 0.000000 0.000000 0.000000 0.000000 1.000000
0.977595 0.129563 -0.165894 0.000000 -0.197963 0.298057 -0.933795 33.272099 -0.071540 0.945714 0.317028 0.000000 0.000000 0.000000 0.000000 1.000000
0.977665 0.129438 -0.165581 -0.000000 -0.197656 0.298480 -0.933725 33.272099 -0.071437 0.945598 0.317398 0.000000 0.000000 0.000000 0.000000 1.000000
0.977747 0.129284 -0.165217 0.000000 -0.197290 0.298887 -0.933672 33.272099 -0.071327 0.945490 0.317743 -0.000000 0.000000 0.000000 0.000000 1.000000
0.977833 0.129116 -0.164836 0.000000 -0.196901 0.299267 -0.933632 33.272099 -0.071217 0.945393 0.318056 -0.000000 0.000000 0.000000 0.000000 1.000000
0.977930 0.128923 -0.164411 0.000000 -0.196460 0.299621 -0.933612 33.272099 -0.071103 0.945307 0.318337 0.000000 0.000000 0.000000 0.000000 1.000000
0.978035 0.128710 -0.163956 0.000000 -0.195981 0.299936 -0.933611 33.272099 -0.070989 0.945236 0.318573 0.000000 0.000000 0.000000 0.000000 1.000000
0.978146 0.128479 -0.163473 0.000000 -0.195466 0.300217 -0.933629 33.272099 -0.070874 0.945179 0.318770 0.000000 0.000000 0.000000 0.000000 1.000000
0.978255 0.128248 -0.162999 -0.000000 -0.194957 0.300452 -0.933660 33.272099 -0.070767 0.945135 0.318922 0.000000 0.000000 0.000000 0.000000 1.000000
0.978369 0.128006 -0.162510 0.000000 -0.194427 0.300650 -0.933706 33.272099 -0.070661 0.945105 0.319034 0.000000 0.000000 0.000000 0.000000 1.000000
0.978478 0.127767 -0.162038 -0.000000 -0.193911 0.300794 -0.933767 33.272099 -0.070565 0.945092 0.319096 0.000000 0.000000 0.000000 0.000000 1.000000
0.978576 0.127550 -0.161615 0.000000 -0.193443 0.300879 -0.933837 33.272099 -0.070484 0.945094 0.319106 0.000000 0.000000 0.000000 0.000000 1.000000
0.978673 0.127331 -0.161199 0.000000 -0.192979 0.300911 -0.933923 33.272099 -0.070411 0.945113 0.319066 0.000000 0.000000 0.000000 0.000000 1.000000
0.978762 0.127129 -0.160823 0.000000 -0.192553 0.300891 -0.934017 33.272099 -0.070350 0.945147 0.318979 0.000000 0.000000 0.000000 0.000000 1.000000
0.978834 0.126959 -0.160518 -0.000000 -0.192201 0.300805 -0.934117 33.272099 -0.070310 0.945197 0.318839 -0.000000 0.000000 0.000000 0.000000 1.000000
0.978892 0.126815 -0.160273 0.000000 -0.191911 0.300667 -0.934221 33.272099 -0.070284 0.945260 0.318658 -0.000000 0.000000 0.000000 0.000000 1.000000
0.978936 0.126704 -0.160097 0.000000 -0.191693 0.300483 -0.934325 33.272099 -0.070276 0.945334 0.318442 -0.000000 0.000000 0.000000 0.000000 1.000000
0.978968 0.126614 -0.159972 0.000000 -0.191528 0.300254 -0.934433 33.272099 -0.070280 0.945419 0.318189 0.000000 0.000000 0.000000 0.000000 1.000000
0.978995 0.126533 -0.159870 0.000000 -0.191385 0.299991 -0.934547 33.272099 -0.070292 0.945513 0.317906 0.000000 0.000000 0.000000 0.000000 1.000000
0.979007 0.126484 -0.159836 -0.000000 -0.191314 0.299686 -0.934659 33.272099 -0.070319 0.945616 0.317593 0.000000 0.000000 0.000000 0.000000 1.000000
0.979014 0.126444 -0.159823 0.000000 -0.191265 0.299363 -0.934772 33.272099 -0.070351 0.945724 0.317265 0.000000 0.000000 0.000000 0.000000 1.000000
0.979011 0.126425 -0.159859 0.000000 -0.191266 0.299000 -0.934888 33.272099 -0.070396 0.945841 0.316905 -0.000000 0.000000 0.000000 0.000000 1.000000
0.978976 0.126473 -0.160033 0.000000 -0.191416 0.298575 -0.934994 33.272099 -0.070470 0.945969 0.316507 0.000000 0.000000 0.000000 0.000000 1.000000
0.978917 0.126572 -0.160317 0.000000 -0.191682 0.298079 -0.935097 33.272099 -0.070569 0.946112 0.316056 0.000000 0.000000 0.000000 0.000000 1.000000
0.978839 0.126709 -0.160682 0.000000 -0.192034 0.297548 -0.935194 33.272099 -0.070687 0.946261 0.315584 -0.000000 0.000000 0.000000 0.000000 1.000000
0.978753 0.126863 -0.161083 -0.000000 -0.192425 0.297001 -0.935288 33.272099 -0.070811 0.946412 0.315102 -0.000000 0.000000 0.000000 0.000000 1.000000
0.978658 0.127037 -0.161525 0.000000 -0.192862 0.296441 -0.935375 33.272099 -0.070944 0.946564 0.314615 0.000000 0.000000 0.000000 0.000000 1.000000
0.978565 0.127203 -0.161955 0.000000 -0.193284 0.295889 -0.935463 33.272099 -0.071073 0.946715 0.314133 -0.000000 0.000000 0.000000 0.000000 1.000000
0.978463 0.127390 -0.162423 0.000000 -0.193749 0.295339 -0.935541 33.272099 -0.071209 0.946861 0.313660 -0.000000 0.000000 0.000000 0.000000 1.000000
0.978363 0.127573 -0.162885 0.000000 -0.194208 0.294796 -0.935617 33.272099 -0.071342 0.947006 0.313193 0.000000 0.000000 0.000000 0.000000 1.000000
0.978261 0.127759 -0.163347 -0.000000 -0.194669 0.294270 -0.935686 33.272099 -0.071474 0.947145 0.312743 0.000000 0.000000 0.000000 0.000000 1.000000
0.978162 0.127941 -0.163799 0.000000 -0.195120 0.293767 -0.935750 33.272099 -0.071602 0.947276 0.312316 0.000000 0.000000 0.000000 0.000000 1.000000
0.978065 0.128121 -0.164240 0.000000 -0.195564 0.293300 -0.935804 33.272099 -0.071724 0.947396 0.311922 0.000000 0.000000 0.000000 0.000000 1.000000
0.977971 0.128294 -0.164661 0.000000 -0.195989 0.292868 -0.935851 33.272099 -0.071840 0.947507 0.311561 0.000000 0.000000 0.000000 0.000000 1.000000
0.977887 0.128449 -0.165041 0.000000 -0.196372 0.292480 -0.935892 33.272099 -0.071944 0.947605 0.311236 0.000000 0.000000 0.000000 0.000000 1.000000
0.977808 0.128596 -0.165394 0.000000 -0.196730 0.292140 -0.935923 33.272099 -0.072038 0.947690 0.310956 -0.000000 0.000000 0.000000 0.000000 1.000000
0.977732 0.128740 -0.165728 0.000000 -0.197073 0.291849 -0.935942 33.272099 -0.072125 0.947761 0.310721 0.000000 0.000000 0.000000 0.000000 1.000000
0.977685 0.128828 -0.165940 0.000000 -0.197288 0.291645 -0.935960 33.272099 -0.072182 0.947812 0.310553 0.000000 0.000000 0.000000 0.000000 1.000000
0.977654 0.128885 -0.166077 0.000000 -0.197427 0.291515 -0.935971 33.272099 -0.072219 0.947844 0.310446 0.000000 0.000000 0.000000 0.000000 1.000000
0.977652 0.128886 -0.166087 0.000000 -0.197434 0.291481 -0.935980 33.272099 -0.072223 0.947854 0.310414 0.000000 0.000000 0.000000 0.000000 1.000000</float_array>
        <technique_common>
          <accessor source="#mixamorig_LeftFoot-Matrix-animation-output-transform-array" count="64" stride="16">
            <param type="float4x4"/>
          </accessor>
        </technique_common>
      </source>
      <source id="mixamorig_LeftFoot-Interpolations">
        <Name_array id="mixamorig_LeftFoot-Interpolations-array" count="64">
 LINEAR LINEAR LINEAR LINEAR LINEAR LINEAR LINEAR LINEAR LINEAR LINEAR LINEAR
LINEAR LINEAR LINEAR LINEAR LINEAR LINEAR LINEAR LINEAR LINEAR LINEAR LINEAR LINEAR
LINEAR LINEAR LINEAR LINEAR LINEAR LINEAR LINEAR LINEAR LINEAR LINEAR LINEAR LINEAR
LINEAR LINEAR LINEAR LINEAR LINEAR LINEAR LINEAR LINEAR LINEAR LINEAR LINEAR LINEAR
LINEAR LINEAR LINEAR LINEAR LINEAR LINEAR LINEAR LINEAR LINEAR LINEAR LINEAR LINEAR
LINEAR LINEAR LINEAR LINEAR LINEAR</Name_array>
        <technique_common>
          <accessor source="#mixamorig_LeftFoot-Interpolations-array" count="64">
            <param type="name"/>
          </accessor>
        </technique_common>
      </source>
      <sampler id="mixamorig_LeftFoot-Matrix-animation-transform">
        <input semantic="INPUT" source="#mixamorig_LeftFoot-Matrix-animation-input"/>
        <input semantic="OUTPUT" source="#mixamorig_LeftFoot-Matrix-animation-output-transform"/>
        <input semantic="INTERPOLATION" source="#mixamorig_LeftFoot-Interpolations"/>
      </sampler>
      <channel source="#mixamorig_LeftFoot-Matrix-animation-transform" target="mixamorig_LeftFoot/matrix"/>
    </animation>
    <animation id="mixamorig_LeftToeBase-anim" name="mixamorig_LeftToeBase">
      <source id="mixamorig_LeftToeBase-Matrix-animation-input">
        <float_array id="mixamorig_LeftToeBase-Matrix-animation-input-array" count="64">

0.000000 0.033333 0.066667 0.100000 0.133333 0.166667 0.200000 0.233333 0.266667 0.300000 0.333333 0.366667 0.400000 0.433333 0.466667 0.500000
0.533333 0.566667 0.600000 0.633333 0.666667 0.700000 0.733333 0.766667 0.800000 0.833333 0.866667 0.900000 0.933333 0.966667 1.000000 1.033333
1.066667 1.100000 1.133333 1.166667 1.200000 1.233333 1.266667 1.300000 1.333333 1.366667 1.400000 1.433333 1.466667 1.500000 1.533333 1.566667
1.600000 1.633333 1.666667 1.700000 1.733333 1.766667 1.800000 1.833333 1.866667 1.900000 1.933333 1.966667 2.000000 2.033333 2.066667 2.100000</float_array>
        <technique_common>
          <accessor source="#mixamorig_LeftToeBase-Matrix-animation-input-array" count="64">
            <param name="TIME" type="float"/>
          </accessor>
        </technique_common>
      </source>
      <source id="mixamorig_LeftToeBase-Matrix-animation-output-transform">
        <float_array id="mixamorig_LeftToeBase-Matrix-animation-output-transform-array" count="1024">

0.999650 0.007229 -0.025458 -0.000000 -0.022451 0.740990 -0.671141 19.000000 0.014012 0.671478 0.740892 -0.000000 0.000000 0.000000 0.000000 1.000000
0.999650 0.007230 -0.025449 0.000000 -0.022445 0.740990 -0.671141 19.000000 0.014006 0.671477 0.740893 0.000000 0.000000 0.000000 0.000000 1.000000
0.999650 0.007229 -0.025450 0.000000 -0.022445 0.740986 -0.671145 19.000000 0.014006 0.671482 0.740889 0.000000 0.000000 0.000000 0.000000 1.000000
0.999650 0.007230 -0.025460 0.000000 -0.022452 0.740997 -0.671133 19.000000 0.014014 0.671470 0.740900 -0.000000 0.000000 0.000000 0.000000 1.000000
0.999650 0.007229 -0.025466 -0.000000 -0.022456 0.740992 -0.671138 19.000000 0.014019 0.671475 0.740895 -0.000000 0.000000 0.000000 0.000000 1.000000
0.999650 0.007229 -0.025451 -0.000000 -0.022446 0.740998 -0.671132 19.000000 0.014007 0.671468 0.740901 -0.000000 0.000000 0.000000 0.000000 1.000000
0.999650 0.007229 -0.025447 0.000000 -0.022443 0.740989 -0.671142 19.000000 0.014004 0.671478 0.740892 0.000000 0.000000 0.000000 0.000000 1.000000
0.999650 0.007229 -0.025463 0.000000 -0.022454 0.741001 -0.671129 19.000000 0.014016 0.671465 0.740903 0.000000 0.000000 0.000000 0.000000 1.000000
0.999650 0.007229 -0.025441 -0.000000 -0.022439 0.740989 -0.671142 19.000000 0.013999 0.671478 0.740892 0.000000 0.000000 0.000000 0.000000 1.000000
0.999650 0.007229 -0.025455 -0.000000 -0.022448 0.740993 -0.671137 19.000000 0.014010 0.671473 0.740896 -0.000000 0.000000 0.000000 0.000000 1.000000
0.999650 0.007229 -0.025452 -0.000000 -0.022447 0.740992 -0.671139 19.000000 0.014008 0.671475 0.740894 0.000000 0.000000 0.000000 0.000000 1.000000
0.999650 0.007230 -0.025443 -0.000000 -0.022441 0.740992 -0.671138 19.000000 0.014001 0.671475 0.740895 0.000000 0.000000 0.000000 0.000000 1.000000
0.999650 0.007230 -0.025457 0.000000 -0.022450 0.740997 -0.671132 19.000000 0.014012 0.671469 0.740900 0.000000 0.000000 0.000000 0.000000 1.000000
0.999650 0.007229 -0.025443 -0.000000 -0.022441 0.740985 -0.671146 19.000000 0.014001 0.671482 0.740888 -0.000000 0.000000 0.000000 0.000000 1.000000
0.999650 0.007229 -0.025445 -0.000000 -0.022442 0.740991 -0.671139 19.000000 0.014002 0.671476 0.740894 0.000000 0.000000 0.000000 0.000000 1.000000
0.999650 0.007229 -0.025447 0.000000 -0.022443 0.740991 -0.671140 19.000000 0.014004 0.671476 0.740894 -0.000000 0.000000 0.000000 0.000000 1.000000
0.999650 0.007230 -0.025433 -0.000000 -0.022434 0.740986 -0.671146 19.000000 0.013993 0.671481 0.740889 0.000000 0.000000 0.000000 0.000000 1.000000
0.999650 0.007229 -0.025440 0.000000 -0.022439 0.740985 -0.671147 19.000000 0.013999 0.671483 0.740888 0.000000 0.000000 0.000000 0.000000 1.000000
0.999650 0.007230 -0.025436 -0.000000 -0.022436 0.740989 -0.671143 19.000000 0.013996 0.671479 0.740892 0.000000 0.000000 0.000000 0.000000 1.000000
0.999650 0.007229 -0.025448 -0.000000 -0.022444 0.740994 -0.671137 19.000000 0.014005 0.671473 0.740897 0.000000 0.000000 0.000000 0.000000 1.000000
0.999650 0.007229 -0.025444 0.000000 -0.022441 0.740988 -0.671144 19.000000 0.014002 0.671480 0.740891 -0.000000 0.000000 0.000000 0.000000 1.000000
0.999651 0.007229 -0.025427 0.000000 -0.022430 0.740985 -0.671147 19.000000 0.013989 0.671483 0.740888 0.000000 0.000000 0.000000 0.000000 1.000000
0.999650 0.007230 -0.025434 0.000000 -0.022435 0.740991 -0.671140 19.000000 0.013995 0.671476 0.740894 0.000000 0.000000 0.000000 0.000000 1.000000
0.999651 0.007230 -0.025421 -0.000000 -0.022426 0.740979 -0.671153 19.000000 0.013984 0.671489 0.740882 0.000000 0.000000 0.000000 0.000000 1.000000
0.999650 0.007230 -0.025429 0.000000 -0.022432 0.740992 -0.671139 19.000000 0.013990 0.671475 0.740896 0.000000 0.000000 0.000000 0.000000 1.000000
0.999651 0.007230 -0.025424 0.000000 -0.022428 0.740985 -0.671147 19.000000 0.013986 0.671483 0.740888 -0.000000 0.000000 0.000000 0.000000 1.000000
0.999651 0.007229 -0.025422 -0.000000 -0.022427 0.740986 -0.671146 19.000000 0.013985 0.671482 0.740889 0.000000 0.000000 0.000000 0.000000 1.000000
0.999650 0.007229 -0.025433 0.000000 -0.022434 0.740988 -0.671143 19.000000 0.013994 0.671479 0.740891 0.000000 0.000000 0.000000 0.000000 1.000000
0.999651 0.007230 -0.025426 0.000000 -0.022430 0.740987 -0.671144 19.000000 0.013988 0.671480 0.740890 0.000000 0.000000 0.000000 0.000000 1.000000
0.999651 0.007229 -0.025427 -0.000000 -0.022430 0.740985 -0.671147 19.000000 0.013989 0.671483 0.740888 0.000000 0.000000 0.000000 0.000000 1.000000
0.999651 0.007230 -0.025428 -0.000000 -0.022430 0.740989 -0.671142 19.000000 0.013989 0.671478 0.740892 0.000000 0.000000 0.000000 0.000000 1.000000
0.999650 0.007229 -0.025436 -0.000000 -0.022436 0.740991 -0.671140 19.000000 0.013996 0.671476 0.740894 0.000000 0.000000 0.000000 0.000000 1.000000
0.999651 0.007229 -0.025426 0.000000 -0.022430 0.740985 -0.671147 19.000000 0.013989 0.671483 0.740888 0.000000 0.000000 0.000000 0.000000 1.000000
0.999650 0.007230 -0.025433 -0.000000 -0.022434 0.740988 -0.671144 19.000000 0.013994 0.671480 0.740891 0.000000 0.000000 0.000000 0.000000 1.000000
0.999650 0.007230 -0.025438 0.000000 -0.022437 0.740988 -0.671143 19.000000 0.013997 0.671479 0.740891 -0.000000 0.000000 0.000000 0.000000 1.000000
0.999651 0.007229 -0.025420 0.000000 -0.022425 0.740984 -0.671149 19.000000 0.013984 0.671484 0.740887 0.000000 0.000000 0.000000 0.000000 1.000000
0.999651 0.007229 -0.025428 0.000000 -0.022431 0.740986 -0.671146 19.000000 0.013990 0.671481 0.740889 0.000000 0.000000 0.000000 0.000000 1.000000
0.999650 0.007229 -0.025439 0.000000 -0.022438 0.740989 -0.671142 19.000000 0.013998 0.671478 0.740892 -0.000000 0.000000 0.000000 0.000000 1.000000
0.999650 0.007230 -0.025437 0.000000 -0.022437 0.740989 -0.671143 19.000000 0.013996 0.671479 0.740892 0.000000 0.000000 0.000000 0.000000 1.000000
0.999650 0.007229 -0.025441 0.000000 -0.022439 0.740987 -0.671144 19.000000 0.014000 0.671480 0.740890 0.000000 0.000000 0.000000 0.000000 1.000000
0.999650 0.007229 -0.025436 0.000000 -0.022436 0.740987 -0.671144 19.000000 0.013996 0.671480 0.740891 0.000000 0.000000 0.000000 0.000000 1.000000
0.999650 0.007230 -0.025431 0.000000 -0.022433 0.740985 -0.671147 19.000000 0.013992 0.671483 0.740888 0.000000 0.000000 0.000000 0.000000 1.000000
0.999650 0.007229 -0.025447 0.000000 -0.022443 0.740994 -0.671136 19.000000 0.014004 0.671472 0.740897 0.000000 0.000000 0.000000 0.000000 1.000000
0.999650 0.007230 -0.025430 0.000000 -0.022432 0.740986 -0.671146 19.000000 0.013991 0.671482 0.740889 0.000000 0.000000 0.000000 0.000000 1.000000
0.999650 0.007230 -0.025431 0.000000 -0.022433 0.740988 -0.671143 19.000000 0.013991 0.671479 0.740892 0.000000 0.000000 0.000000 0.000000 1.000000
0.999650 0.007230 -0.025451 -0.000000 -0.022446 0.740995 -0.671135 19.000000 0.014007 0.671471 0.740898 -0.000000 0.000000 0.000000 0.000000 1.000000
0.999650 0.007229 -0.025447 0.000000 -0.022443 0.740992 -0.671139 19.000000 0.014004 0.671475 0.740895 0.000000 0.000000 0.000000 0.000000 1.000000
0.999650 0.007229 -0.025451 -0.000000 -0.022446 0.740991 -0.671140 19.000000 0.014007 0.671476 0.740894 0.000000 0.000000 0.000000 0.000000 1.000000
0.999650 0.007229 -0.025449 0.000000 -0.022445 0.740989 -0.671142 19.000000 0.014006 0.671478 0.740892 0.000000 0.000000 0.000000 0.000000 1.000000
0.999650 0.007229 -0.025448 0.000000 -0.022444 0.740986 -0.671145 19.000000 0.014005 0.671481 0.740889 0.000000 0.000000 0.000000 0.000000 1.000000
0.999650 0.007230 -0.025430 0.000000 -0.022432 0.740985 -0.671147 19.000000 0.013991 0.671483 0.740888 0.000000 0.000000 0.000000 0.000000 1.000000
0.999650 0.007230 -0.025446 0.000000 -0.022443 0.740987 -0.671144 19.000000 0.014003 0.671480 0.740890 0.000000 0.000000 0.000000 0.000000 1.000000
0.999650 0.007230 -0.025441 0.000000 -0.022440 0.740994 -0.671137 19.000000 0.014000 0.671473 0.740897 0.000000 0.000000 0.000000 0.000000 1.000000
0.999650 0.007230 -0.025449 -0.000000 -0.022445 0.740992 -0.671139 19.000000 0.014006 0.671475 0.740895 0.000000 0.000000 0.000000 0.000000 1.000000
0.999650 0.007230 -0.025454 -0.000000 -0.022448 0.740994 -0.671136 19.000000 0.014009 0.671472 0.740897 0.000000 0.000000 0.000000 0.000000 1.000000
0.999650 0.007230 -0.025458 0.000000 -0.022451 0.740997 -0.671133 19.000000 0.014012 0.671469 0.740900 0.000000 0.000000 0.000000 0.000000 1.000000
0.999650 0.007229 -0.025446 0.000000 -0.022443 0.740988 -0.671143 19.000000 0.014004 0.671479 0.740891 0.000000 0.000000 0.000000 0.000000 1.000000
0.999650 0.007230 -0.025430 0.000000 -0.022432 0.740991 -0.671140 19.000000 0.013991 0.671476 0.740895 0.000000 0.000000 0.000000 0.000000 1.000000
0.999650 0.007230 -0.025434 0.000000 -0.022435 0.740986 -0.671145 19.000000 0.013994 0.671481 0.740890 -0.000000 0.000000 0.000000 0.000000 1.000000
0.999650 0.007229 -0.025447 -0.000000 -0.022443 0.740989 -0.671142 19.000000 0.014004 0.671478 0.740892 -0.000000 0.000000 0.000000 0.000000 1.000000
0.999650 0.007230 -0.025432 -0.000000 -0.022434 0.740987 -0.671145 19.000000 0.013993 0.671480 0.740890 -0.000000 0.000000 0.000000 0.000000 1.000000
0.999650 0.007229 -0.025453 -0.000000 -0.022447 0.740994 -0.671136 19.000000 0.014009 0.671473 0.740897 0.000000 0.000000 0.000000 0.000000 1.000000
0.999650 0.007230 -0.025440 0.000000 -0.022439 0.740988 -0.671144 19.000000 0.013999 0.671480 0.740891 0.000000 0.000000 0.000000 0.000000 1.000000
0.999650 0.007229 -0.025457 0.000000 -0.022450 0.740989 -0.671141 19.000000 0.014011 0.671478 0.740892 0.000000 0.000000 0.000000 0.000000 1.000000</float_array>
        <technique_common>
          <accessor source="#mixamorig_LeftToeBase-Matrix-animation-output-transform-array" count="64" stride="16">
            <param type="float4x4"/>
          </accessor>
        </technique_common>
      </source>
      <source id="mixamorig_LeftToeBase-Interpolations">
        <Name_array id="mixamorig_LeftToeBase-Interpolations-array" count="64">
 LINEAR LINEAR LINEAR LINEAR LINEAR LINEAR LINEAR LINEAR LINEAR LINEAR LINEAR
LINEAR LINEAR LINEAR LINEAR LINEAR LINEAR LINEAR LINEAR LINEAR LINEAR LINEAR LINEAR
LINEAR LINEAR LINEAR LINEAR LINEAR LINEAR LINEAR LINEAR LINEAR LINEAR LINEAR LINEAR
LINEAR LINEAR LINEAR LINEAR LINEAR LINEAR LINEAR LINEAR LINEAR LINEAR LINEAR LINEAR
LINEAR LINEAR LINEAR LINEAR LINEAR LINEAR LINEAR LINEAR LINEAR LINEAR LINEAR LINEAR
LINEAR LINEAR LINEAR LINEAR LINEAR</Name_array>
        <technique_common>
          <accessor source="#mixamorig_LeftToeBase-Interpolations-array" count="64">
            <param type="name"/>
          </accessor>
        </technique_common>
      </source>
      <sampler id="mixamorig_LeftToeBase-Matrix-animation-transform">
        <input semantic="INPUT" source="#mixamorig_LeftToeBase-Matrix-animation-input"/>
        <input semantic="OUTPUT" source="#mixamorig_LeftToeBase-Matrix-animation-output-transform"/>
        <input semantic="INTERPOLATION" source="#mixamorig_LeftToeBase-Interpolations"/>
      </sampler>
      <channel source="#mixamorig_LeftToeBase-Matrix-animation-transform" target="mixamorig_LeftToeBase/matrix"/>
    </animation>
    <animation id="mixamorig_RightUpLeg-anim" name="mixamorig_RightUpLeg">
      <source id="mixamorig_RightUpLeg-Matrix-animation-input">
        <float_array id="mixamorig_RightUpLeg-Matrix-animation-input-array" count="64">

0.000000 0.033333 0.066667 0.100000 0.133333 0.166667 0.200000 0.233333 0.266667 0.300000 0.333333 0.366667 0.400000 0.433333 0.466667 0.500000
0.533333 0.566667 0.600000 0.633333 0.666667 0.700000 0.733333 0.766667 0.800000 0.833333 0.866667 0.900000 0.933333 0.966667 1.000000 1.033333
1.066667 1.100000 1.133333 1.166667 1.200000 1.233333 1.266667 1.300000 1.333333 1.366667 1.400000 1.433333 1.466667 1.500000 1.533333 1.566667
1.600000 1.633333 1.666667 1.700000 1.733333 1.766667 1.800000 1.833333 1.866667 1.900000 1.933333 1.966667 2.000000 2.033333 2.066667 2.100000</float_array>
        <technique_common>
          <accessor source="#mixamorig_RightUpLeg-Matrix-animation-input-array" count="64">
            <param name="TIME" type="float"/>
          </accessor>
        </technique_common>
      </source>
      <source id="mixamorig_RightUpLeg-Matrix-animation-output-transform">
        <float_array id="mixamorig_RightUpLeg-Matrix-animation-output-transform-array" count="1024">

-0.736977 -0.315705 0.597659 -8.267000 0.377709 -0.925634 -0.023197 -4.795500 0.560536 0.208645 0.801415 -0.379100 0.000000 0.000000 0.000000 1.000000
-0.737282 -0.315614 0.597330 -8.267000 0.377242 -0.925815 -0.023549 -4.795500 0.560450 0.207976 0.801649 -0.379100 0.000000 0.000000 0.000000 1.000000
-0.737577 -0.315537 0.597006 -8.267000 0.376780 -0.925994 -0.023920 -4.795500 0.560372 0.207297 0.801880 -0.379100 0.000000 0.000000 0.000000 1.000000
-0.737865 -0.315464 0.596689 -8.267000 0.376322 -0.926170 -0.024298 -4.795500 0.560301 0.206618 0.802104 -0.379100 0.000000 0.000000 0.000000 1.000000
-0.738143 -0.315395 0.596381 -8.267000 0.375870 -0.926344 -0.024678 -4.795500 0.560237 0.205946 0.802322 -0.379100 0.000000 0.000000 0.000000 1.000000
-0.738412 -0.315337 0.596079 -8.267000 0.375425 -0.926514 -0.025073 -4.795500 0.560181 0.205269 0.802534 -0.379100 0.000000 0.000000 0.000000 1.000000
-0.738678 -0.315284 0.595777 -8.267000 0.374980 -0.926683 -0.025478 -4.795500 0.560129 0.204585 0.802745 -0.379100 0.000000 0.000000 0.000000 1.000000
-0.738927 -0.315257 0.595483 -8.267000 0.374549 -0.926845 -0.025912 -4.795500 0.560089 0.203891 0.802950 -0.379100 0.000000 0.000000 0.000000 1.000000
-0.739175 -0.315228 0.595190 -8.267000 0.374115 -0.927008 -0.026348 -4.795500 0.560052 0.203194 0.803153 -0.379100 0.000000 0.000000 0.000000 1.000000
-0.739410 -0.315220 0.594903 -8.267000 0.373694 -0.927165 -0.026807 -4.795500 0.560023 0.202490 0.803350 -0.379100 0.000000 0.000000 0.000000 1.000000
-0.739638 -0.315213 0.594622 -8.267000 0.373277 -0.927319 -0.027266 -4.795500 0.559999 0.201792 0.803543 -0.379100 0.000000 0.000000 0.000000 1.000000
-0.739857 -0.315225 0.594344 -8.267000 0.372870 -0.927469 -0.027746 -4.795500 0.559982 0.201085 0.803732 -0.379100 0.000000 0.000000 0.000000 1.000000
-0.740070 -0.315244 0.594069 -8.267000 0.372469 -0.927615 -0.028233 -4.795500 0.559968 0.200378 0.803918 -0.379100 0.000000 0.000000 0.000000 1.000000
-0.740273 -0.315269 0.593802 -8.267000 0.372076 -0.927758 -0.028724 -4.795500 0.559961 0.199676 0.804098 -0.379100 0.000000 0.000000 0.000000 1.000000
-0.740466 -0.315307 0.593541 -8.267000 0.371694 -0.927895 -0.029224 -4.795500 0.559959 0.198976 0.804273 -0.379100 0.000000 0.000000 0.000000 1.000000
-0.740658 -0.315342 0.593283 -8.267000 0.371313 -0.928032 -0.029718 -4.795500 0.559957 0.198283 0.804445 -0.379100 0.000000 0.000000 0.000000 1.000000
-0.740838 -0.315390 0.593033 -8.267000 0.370948 -0.928162 -0.030218 -4.795500 0.559961 0.197598 0.804611 -0.379100 0.000000 0.000000 0.000000 1.000000
-0.741009 -0.315446 0.592789 -8.267000 0.370593 -0.928287 -0.030722 -4.795500 0.559970 0.196919 0.804771 -0.379100 0.000000 0.000000 0.000000 1.000000
-0.741172 -0.315505 0.592554 -8.267000 0.370252 -0.928407 -0.031216 -4.795500 0.559980 0.196258 0.804926 -0.379100 0.000000 0.000000 0.000000 1.000000
-0.741331 -0.315567 0.592322 -8.267000 0.369915 -0.928524 -0.031710 -4.795500 0.559992 0.195602 0.805077 -0.379100 0.000000 0.000000 0.000000 1.000000
-0.741493 -0.315646 0.592078 -8.267000 0.369561 -0.928646 -0.032253 -4.795500 0.560011 0.194893 0.805235 -0.379100 0.000000 0.000000 0.000000 1.000000
-0.741672 -0.315736 0.591805 -8.267000 0.369164 -0.928783 -0.032867 -4.795500 0.560035 0.194097 0.805411 -0.379100 0.000000 0.000000 0.000000 1.000000
-0.741852 -0.315841 0.591523 -8.267000 0.368759 -0.928920 -0.033518 -4.795500 0.560064 0.193264 0.805591 -0.379100 0.000000 0.000000 0.000000 1.000000
-0.742023 -0.315953 0.591249 -8.267000 0.368367 -0.929052 -0.034165 -4.795500 0.560096 0.192446 0.805765 -0.379100 0.000000 0.000000 0.000000 1.000000
-0.742177 -0.316062 0.590998 -8.267000 0.368008 -0.929172 -0.034770 -4.795500 0.560128 0.191687 0.805923 -0.379100 0.000000 0.000000 0.000000 1.000000
-0.742316 -0.316169 0.590765 -8.267000 0.367671 -0.929284 -0.035348 -4.795500 0.560164 0.190968 0.806069 -0.379100 0.000000 0.000000 0.000000 1.000000
-0.742445 -0.316279 0.590544 -8.267000 0.367360 -0.929386 -0.035901 -4.795500 0.560198 0.190287 0.806206 -0.379100 0.000000 0.000000 0.000000 1.000000
-0.742562 -0.316385 0.590340 -8.267000 0.367069 -0.929480 -0.036424 -4.795500 0.560234 0.189648 0.806332 -0.379100 0.000000 0.000000 0.000000 1.000000
-0.742665 -0.316493 0.590153 -8.267000 0.366807 -0.929564 -0.036915 -4.795500 0.560269 0.189057 0.806447 -0.379100 0.000000 0.000000 0.000000 1.000000
-0.742755 -0.316595 0.589985 -8.267000 0.366572 -0.929639 -0.037367 -4.795500 0.560304 0.188517 0.806549 -0.379100 0.000000 0.000000 0.000000 1.000000
-0.742833 -0.316690 0.589836 -8.267000 0.366366 -0.929704 -0.037772 -4.795500 0.560334 0.188038 0.806639 -0.379100 0.000000 0.000000 0.000000 1.000000
-0.742900 -0.316776 0.589706 -8.267000 0.366187 -0.929760 -0.038129 -4.795500 0.560363 0.187617 0.806718 -0.379100 0.000000 0.000000 0.000000 1.000000
-0.742953 -0.316850 0.589598 -8.267000 0.366039 -0.929806 -0.038432 -4.795500 0.560389 0.187262 0.806782 -0.379100 0.000000 0.000000 0.000000 1.000000
-0.742997 -0.316912 0.589510 -8.267000 0.365919 -0.929843 -0.038680 -4.795500 0.560410 0.186974 0.806834 -0.379100 0.000000 0.000000 0.000000 1.000000
-0.743025 -0.316956 0.589451 -8.267000 0.365834 -0.929869 -0.038855 -4.795500 0.560428 0.186771 0.806869 -0.379100 0.000000 0.000000 0.000000 1.000000
-0.743040 -0.316985 0.589416 -8.267000 0.365782 -0.929884 -0.038969 -4.795500 0.560441 0.186642 0.806889 -0.379100 0.000000 0.000000 0.000000 1.000000
-0.743046 -0.316998 0.589402 -8.267000 0.365763 -0.929890 -0.039013 -4.795500 0.560446 0.186593 0.806897 -0.379100 0.000000 0.000000 0.000000 1.000000
-0.743033 -0.316996 0.589420 -8.267000 0.365788 -0.929881 -0.038982 -4.795500 0.560448 0.186638 0.806886 -0.379100 0.000000 0.000000 0.000000 1.000000
-0.742986 -0.316991 0.589482 -8.267000 0.365875 -0.929852 -0.038872 -4.795500 0.560453 0.186795 0.806846 -0.379100 0.000000 0.000000 0.000000 1.000000
-0.742909 -0.316965 0.589593 -8.267000 0.366027 -0.929801 -0.038654 -4.795500 0.560456 0.187090 0.806775 -0.379100 0.000000 0.000000 0.000000 1.000000
-0.742789 -0.316939 0.589758 -8.267000 0.366253 -0.929725 -0.038351 -4.795500 0.560467 0.187514 0.806669 -0.379100 0.000000 0.000000 0.000000 1.000000
-0.742645 -0.316905 0.589958 -8.267000 0.366530 -0.929631 -0.037974 -4.795500 0.560477 0.188036 0.806541 -0.379100 0.000000 0.000000 0.000000 1.000000
-0.742471 -0.316873 0.590194 -8.267000 0.366860 -0.929518 -0.037540 -4.795500 0.560492 0.188646 0.806388 -0.379100 0.000000 0.000000 0.000000 1.000000
-0.742277 -0.316836 0.590457 -8.267000 0.367229 -0.929392 -0.037055 -4.795500 0.560507 0.189327 0.806218 -0.379100 0.000000 0.000000 0.000000 1.000000
-0.742062 -0.316793 0.590750 -8.267000 0.367637 -0.929252 -0.036514 -4.795500 0.560523 0.190086 0.806028 -0.379100 0.000000 0.000000 0.000000 1.000000
-0.741822 -0.316746 0.591077 -8.267000 0.368101 -0.929092 -0.035902 -4.795500 0.560537 0.190943 0.805816 -0.379100 0.000000 0.000000 0.000000 1.000000
-0.741534 -0.316694 0.591467 -8.267000 0.368652 -0.928902 -0.035183 -4.795500 0.560556 0.191956 0.805562 -0.379100 0.000000 0.000000 0.000000 1.000000
-0.741206 -0.316629 0.591912 -8.267000 0.369283 -0.928682 -0.034352 -4.795500 0.560575 0.193121 0.805270 -0.379100 0.000000 0.000000 0.000000 1.000000
-0.740857 -0.316560 0.592386 -8.267000 0.369960 -0.928445 -0.033459 -4.795500 0.560589 0.194370 0.804959 -0.379100 0.000000 0.000000 0.000000 1.000000
-0.740497 -0.316489 0.592873 -8.267000 0.370660 -0.928198 -0.032539 -4.795500 0.560602 0.195659 0.804638 -0.379100 0.000000 0.000000 0.000000 1.000000
-0.740137 -0.316415 0.593363 -8.267000 0.371367 -0.927948 -0.031607 -4.795500 0.560611 0.196961 0.804314 -0.379100 0.000000 0.000000 0.000000 1.000000
-0.739772 -0.316346 0.593854 -8.267000 0.372081 -0.927693 -0.030675 -4.795500 0.560618 0.198270 0.803988 -0.379100 0.000000 0.000000 0.000000 1.000000
-0.739411 -0.316275 0.594342 -8.267000 0.372794 -0.927437 -0.029742 -4.795500 0.560621 0.199576 0.803663 -0.379100 0.000000 0.000000 0.000000 1.000000
-0.739057 -0.316204 0.594819 -8.267000 0.373495 -0.927184 -0.028824 -4.795500 0.560621 0.200860 0.803343 -0.379100 0.000000 0.000000 0.000000 1.000000
-0.738720 -0.316134 0.595275 -8.267000 0.374170 -0.926939 -0.027938 -4.795500 0.560616 0.202095 0.803036 -0.379100 0.000000 0.000000 0.000000 1.000000
-0.738399 -0.316068 0.595707 -8.267000 0.374811 -0.926705 -0.027097 -4.795500 0.560610 0.203269 0.802744 -0.379100 0.000000 0.000000 0.000000 1.000000
-0.738098 -0.316011 0.596111 -8.267000 0.375415 -0.926483 -0.026314 -4.795500 0.560602 0.204367 0.802471 -0.379100 0.000000 0.000000 0.000000 1.000000
-0.737824 -0.315952 0.596481 -8.267000 0.375968 -0.926279 -0.025587 -4.795500 0.560593 0.205379 0.802219 -0.379100 0.000000 0.000000 0.000000 1.000000
-0.737584 -0.315889 0.596812 -8.267000 0.376458 -0.926098 -0.024924 -4.795500 0.560579 0.206291 0.801994 -0.379100 0.000000 0.000000 0.000000 1.000000
-0.737375 -0.315826 0.597103 -8.267000 0.376886 -0.925940 -0.024334 -4.795500 0.560566 0.207097 0.801796 -0.379100 0.000000 0.000000 0.000000 1.000000
-0.737207 -0.315766 0.597342 -8.267000 0.377235 -0.925811 -0.023837 -4.795500 0.560553 0.207765 0.801632 -0.379100 0.000000 0.000000 0.000000 1.000000
-0.737084 -0.315721 0.597518 -8.267000 0.377493 -0.925715 -0.023471 -4.795500 0.560542 0.208259 0.801512 -0.379100 0.000000 0.000000 0.000000 1.000000
-0.737018 -0.315694 0.597613 -8.267000 0.377631 -0.925664 -0.023269 -4.795500 0.560534 0.208527 0.801447 -0.379100 0.000000 0.000000 0.000000 1.000000
-0.736976 -0.315705 0.597659 -8.267000 0.377709 -0.925634 -0.023198 -4.795500 0.560537 0.208645 0.801415 -0.379100 0.000000 0.000000 0.000000 1.000000</float_array>
        <technique_common>
          <accessor source="#mixamorig_RightUpLeg-Matrix-animation-output-transform-array" count="64" stride="16">
            <param type="float4x4"/>
          </accessor>
        </technique_common>
      </source>
      <source id="mixamorig_RightUpLeg-Interpolations">
        <Name_array id="mixamorig_RightUpLeg-Interpolations-array" count="64">
 LINEAR LINEAR LINEAR LINEAR LINEAR LINEAR LINEAR LINEAR LINEAR LINEAR LINEAR
LINEAR LINEAR LINEAR LINEAR LINEAR LINEAR LINEAR LINEAR LINEAR LINEAR LINEAR LINEAR
LINEAR LINEAR LINEAR LINEAR LINEAR LINEAR LINEAR LINEAR LINEAR LINEAR LINEAR LINEAR
LINEAR LINEAR LINEAR LINEAR LINEAR LINEAR LINEAR LINEAR LINEAR LINEAR LINEAR LINEAR
LINEAR LINEAR LINEAR LINEAR LINEAR LINEAR LINEAR LINEAR LINEAR LINEAR LINEAR LINEAR
LINEAR LINEAR LINEAR LINEAR LINEAR</Name_array>
        <technique_common>
          <accessor source="#mixamorig_RightUpLeg-Interpolations-array" count="64">
            <param type="name"/>
          </accessor>
        </technique_common>
      </source>
      <sampler id="mixamorig_RightUpLeg-Matrix-animation-transform">
        <input semantic="INPUT" source="#mixamorig_RightUpLeg-Matrix-animation-input"/>
        <input semantic="OUTPUT" source="#mixamorig_RightUpLeg-Matrix-animation-output-transform"/>
        <input semantic="INTERPOLATION" source="#mixamorig_RightUpLeg-Interpolations"/>
      </sampler>
      <channel source="#mixamorig_RightUpLeg-Matrix-animation-transform" target="mixamorig_RightUpLeg/matrix"/>
    </animation>
    <animation id="mixamorig_RightLeg-anim" name="mixamorig_RightLeg">
      <source id="mixamorig_RightLeg-Matrix-animation-input">
        <float_array id="mixamorig_RightLeg-Matrix-animation-input-array" count="64">

0.000000 0.033333 0.066667 0.100000 0.133333 0.166667 0.200000 0.233333 0.266667 0.300000 0.333333 0.366667 0.400000 0.433333 0.466667 0.500000
0.533333 0.566667 0.600000 0.633333 0.666667 0.700000 0.733333 0.766667 0.800000 0.833333 0.866667 0.900000 0.933333 0.966667 1.000000 1.033333
1.066667 1.100000 1.133333 1.166667 1.200000 1.233333 1.266667 1.300000 1.333333 1.366667 1.400000 1.433333 1.466667 1.500000 1.533333 1.566667
1.600000 1.633333 1.666667 1.700000 1.733333 1.766667 1.800000 1.833333 1.866667 1.900000 1.933333 1.966667 2.000000 2.033333 2.066667 2.100000</float_array>
        <technique_common>
          <accessor source="#mixamorig_RightLeg-Matrix-animation-input-array" count="64">
            <param name="TIME" type="float"/>
          </accessor>
        </technique_common>
      </source>
      <source id="mixamorig_RightLeg-Matrix-animation-output-transform">
        <float_array id="mixamorig_RightLeg-Matrix-animation-output-transform-array" count="1024">

0.972474 0.006365 0.232925 0.000000 -0.173670 -0.646651 0.742752 33.831501 0.155349 -0.762759 -0.627746 0.000000 0.000000 0.000000 0.000000 1.000000
0.972421 0.006572 0.233138 0.000000 -0.173708 -0.646624 0.742767 33.831501 0.155634 -0.762780 -0.627650 -0.000000 0.000000 0.000000 0.000000 1.000000
0.972373 0.006791 0.233336 0.000000 -0.173724 -0.646611 0.742775 33.831501 0.155922 -0.762790 -0.627567 0.000000 0.000000 0.000000 0.000000 1.000000
0.972327 0.007038 0.233518 0.000000 -0.173707 -0.646619 0.742772 33.831501 0.156224 -0.762781 -0.627502 0.000000 0.000000 0.000000 0.000000 1.000000
0.972284 0.007314 0.233688 0.000000 -0.173657 -0.646647 0.742759 33.831501 0.156546 -0.762754 -0.627455 -0.000000 0.000000 0.000000 0.000000 1.000000
0.972247 0.007609 0.233834 0.000000 -0.173574 -0.646694 0.742738 33.831501 0.156870 -0.762712 -0.627425 0.000000 0.000000 0.000000 0.000000 1.000000
0.972214 0.007909 0.233962 -0.000000 -0.173471 -0.646752 0.742711 33.831501 0.157190 -0.762660 -0.627409 -0.000000 0.000000 0.000000 0.000000 1.000000
0.972185 0.008210 0.234069 -0.000000 -0.173349 -0.646824 0.742677 33.831501 0.157498 -0.762595 -0.627409 0.000000 0.000000 0.000000 0.000000 1.000000
0.972162 0.008517 0.234155 0.000000 -0.173205 -0.646906 0.742639 33.831501 0.157801 -0.762522 -0.627422 0.000000 0.000000 0.000000 0.000000 1.000000
0.972141 0.008827 0.234228 -0.000000 -0.173046 -0.647001 0.742593 33.831501 0.158101 -0.762438 -0.627449 0.000000 0.000000 0.000000 0.000000 1.000000
0.972127 0.009143 0.234276 0.000000 -0.172862 -0.647108 0.742543 33.831501 0.158392 -0.762343 -0.627491 0.000000 0.000000 0.000000 0.000000 1.000000
0.972115 0.009460 0.234313 0.000000 -0.172667 -0.647220 0.742490 33.831501 0.158677 -0.762244 -0.627539 0.000000 0.000000 0.000000 0.000000 1.000000
0.972108 0.009780 0.234331 0.000000 -0.172454 -0.647343 0.742433 33.831501 0.158953 -0.762136 -0.627601 0.000000 0.000000 0.000000 0.000000 1.000000
0.972104 0.010100 0.234333 0.000000 -0.172227 -0.647473 0.742372 33.831501 0.159222 -0.762022 -0.627671 -0.000000 0.000000 0.000000 0.000000 1.000000
0.972103 0.010419 0.234324 0.000000 -0.171992 -0.647609 0.742308 33.831501 0.159484 -0.761901 -0.627751 -0.000000 0.000000 0.000000 0.000000 1.000000
0.972104 0.010741 0.234305 -0.000000 -0.171744 -0.647755 0.742238 33.831501 0.159744 -0.761773 -0.627841 0.000000 0.000000 0.000000 0.000000 1.000000
0.972111 0.011061 0.234262 0.000000 -0.171477 -0.647908 0.742166 33.831501 0.159989 -0.761638 -0.627942 0.000000 0.000000 0.000000 0.000000 1.000000
0.972117 0.011377 0.234219 0.000000 -0.171213 -0.648063 0.742092 33.831501 0.160232 -0.761502 -0.628046 0.000000 0.000000 0.000000 0.000000 1.000000
0.972125 0.011687 0.234171 0.000000 -0.170949 -0.648216 0.742019 33.831501 0.160465 -0.761367 -0.628149 -0.000000 0.000000 0.000000 0.000000 1.000000
0.972136 0.011996 0.234109 0.000000 -0.170673 -0.648376 0.741943 33.831501 0.160691 -0.761226 -0.628263 0.000000 0.000000 0.000000 0.000000 1.000000
0.972152 0.012332 0.234028 0.000000 -0.170362 -0.648555 0.741858 33.831501 0.160928 -0.761068 -0.628393 -0.000000 0.000000 0.000000 0.000000 1.000000
0.972170 0.012712 0.233931 0.000000 -0.170004 -0.648763 0.741758 33.831501 0.161194 -0.760884 -0.628547 -0.000000 0.000000 0.000000 0.000000 1.000000
0.972194 0.013113 0.233811 0.000000 -0.169612 -0.648991 0.741649 33.831501 0.161466 -0.760683 -0.628720 0.000000 0.000000 0.000000 0.000000 1.000000
0.972218 0.013504 0.233689 0.000000 -0.169224 -0.649213 0.741542 33.831501 0.161728 -0.760486 -0.628891 -0.000000 0.000000 0.000000 0.000000 1.000000
0.972244 0.013876 0.233556 0.000000 -0.168841 -0.649436 0.741435 33.831501 0.161968 -0.760290 -0.629068 -0.000000 0.000000 0.000000 0.000000 1.000000
0.972270 0.014229 0.233427 0.000000 -0.168475 -0.649648 0.741332 33.831501 0.162194 -0.760102 -0.629236 0.000000 0.000000 0.000000 0.000000 1.000000
0.972297 0.014564 0.233297 -0.000000 -0.168120 -0.649853 0.741233 33.831501 0.162404 -0.759920 -0.629402 -0.000000 0.000000 0.000000 0.000000 1.000000
0.972324 0.014874 0.233161 0.000000 -0.167779 -0.650048 0.741139 33.831501 0.162590 -0.759747 -0.629562 0.000000 0.000000 0.000000 0.000000 1.000000
0.972353 0.015155 0.233024 -0.000000 -0.167458 -0.650232 0.741051 33.831501 0.162750 -0.759585 -0.629717 0.000000 0.000000 0.000000 0.000000 1.000000
0.972379 0.015408 0.232896 0.000000 -0.167165 -0.650402 0.740968 33.831501 0.162893 -0.759434 -0.629862 -0.000000 0.000000 0.000000 0.000000 1.000000
0.972405 0.015636 0.232775 0.000000 -0.166896 -0.650553 0.740896 33.831501 0.163017 -0.759300 -0.629992 -0.000000 0.000000 0.000000 0.000000 1.000000
0.972427 0.015837 0.232668 0.000000 -0.166658 -0.650689 0.740830 33.831501 0.163127 -0.759179 -0.630108 0.000000 0.000000 0.000000 0.000000 1.000000
0.972447 0.016006 0.232575 0.000000 -0.166455 -0.650806 0.740773 33.831501 0.163219 -0.759076 -0.630210 0.000000 0.000000 0.000000 0.000000 1.000000
0.972464 0.016145 0.232494 0.000000 -0.166286 -0.650898 0.740730 33.831501 0.163289 -0.758994 -0.630290 -0.000000 0.000000 0.000000 0.000000 1.000000
0.972477 0.016246 0.232431 -0.000000 -0.166157 -0.650974 0.740692 33.831501 0.163340 -0.758926 -0.630358 0.000000 0.000000 0.000000 0.000000 1.000000
0.972486 0.016307 0.232390 -0.000000 -0.166077 -0.651020 0.740669 33.831501 0.163368 -0.758885 -0.630400 0.000000 0.000000 0.000000 0.000000 1.000000
0.972489 0.016332 0.232374 0.000000 -0.166046 -0.651038 0.740660 33.831501 0.163381 -0.758869 -0.630416 0.000000 0.000000 0.000000 0.000000 1.000000
0.972491 0.016314 0.232369 0.000000 -0.166055 -0.651032 0.740664 33.831501 0.163363 -0.758875 -0.630413 0.000000 0.000000 0.000000 0.000000 1.000000
0.972489 0.016242 0.232382 0.000000 -0.166118 -0.650997 0.740680 33.831501 0.163310 -0.758906 -0.630390 -0.000000 0.000000 0.000000 0.000000 1.000000
0.972488 0.016116 0.232395 -0.000000 -0.166219 -0.650940 0.740708 33.831501 0.163212 -0.758958 -0.630353 -0.000000 0.000000 0.000000 0.000000 1.000000
0.972490 0.015934 0.232400 0.000000 -0.166354 -0.650865 0.740744 33.831501 0.163063 -0.759027 -0.630309 0.000000 0.000000 0.000000 0.000000 1.000000
0.972492 0.015700 0.232408 0.000000 -0.166531 -0.650761 0.740795 33.831501 0.162873 -0.759120 -0.630245 -0.000000 0.000000 0.000000 0.000000 1.000000
0.972493 0.015415 0.232421 -0.000000 -0.166747 -0.650638 0.740855 33.831501 0.162642 -0.759232 -0.630170 -0.000000 0.000000 0.000000 0.000000 1.000000
0.972498 0.015089 0.232422 0.000000 -0.166985 -0.650496 0.740926 33.831501 0.162369 -0.759360 -0.630087 0.000000 0.000000 0.000000 0.000000 1.000000
0.972502 0.014731 0.232429 -0.000000 -0.167248 -0.650346 0.740998 33.831501 0.162075 -0.759495 -0.629999 0.000000 0.000000 0.000000 0.000000 1.000000
0.972505 0.014327 0.232442 0.000000 -0.167550 -0.650175 0.741080 33.831501 0.161746 -0.759649 -0.629898 0.000000 0.000000 0.000000 0.000000 1.000000
0.972509 0.013852 0.232452 0.000000 -0.167900 -0.649974 0.741177 33.831501 0.161355 -0.759830 -0.629780 0.000000 0.000000 0.000000 0.000000 1.000000
0.972514 0.013306 0.232465 -0.000000 -0.168304 -0.649743 0.741288 33.831501 0.160906 -0.760038 -0.629644 0.000000 0.000000 0.000000 0.000000 1.000000
0.972517 0.012722 0.232484 -0.000000 -0.168740 -0.649491 0.741410 33.831501 0.160428 -0.760263 -0.629494 0.000000 0.000000 0.000000 0.000000 1.000000
0.972520 0.012121 0.232504 -0.000000 -0.169189 -0.649232 0.741534 33.831501 0.159937 -0.760494 -0.629340 -0.000000 0.000000 0.000000 0.000000 1.000000
0.972520 0.011517 0.232534 -0.000000 -0.169648 -0.648970 0.741658 33.831501 0.159449 -0.760727 -0.629183 0.000000 0.000000 0.000000 0.000000 1.000000
0.972520 0.010910 0.232565 -0.000000 -0.170111 -0.648702 0.741787 33.831501 0.158958 -0.760964 -0.629020 0.000000 0.000000 0.000000 0.000000 1.000000
0.972521 0.010307 0.232587 0.000000 -0.170562 -0.648441 0.741911 33.831501 0.158466 -0.761195 -0.628865 0.000000 0.000000 0.000000 0.000000 1.000000
0.972520 0.009720 0.232617 0.000000 -0.171009 -0.648185 0.742033 33.831501 0.157991 -0.761421 -0.628711 -0.000000 0.000000 0.000000 0.000000 1.000000
0.972517 0.009155 0.232652 -0.000000 -0.171443 -0.647934 0.742151 33.831501 0.157537 -0.761641 -0.628558 0.000000 0.000000 0.000000 0.000000 1.000000
0.972514 0.008617 0.232686 0.000000 -0.171858 -0.647693 0.742266 33.831501 0.157106 -0.761853 -0.628409 0.000000 0.000000 0.000000 0.000000 1.000000
0.972511 0.008112 0.232716 -0.000000 -0.172244 -0.647469 0.742372 33.831501 0.156699 -0.762049 -0.628273 -0.000000 0.000000 0.000000 0.000000 1.000000
0.972508 0.007657 0.232744 0.000000 -0.172593 -0.647268 0.742466 33.831501 0.156333 -0.762224 -0.628152 -0.000000 0.000000 0.000000 0.000000 1.000000
0.972502 0.007273 0.232783 -0.000000 -0.172902 -0.647087 0.742552 33.831501 0.156031 -0.762381 -0.628036 0.000000 0.000000 0.000000 0.000000 1.000000
0.972492 0.006965 0.232833 0.000000 -0.173164 -0.646939 0.742620 33.831501 0.155801 -0.762510 -0.627937 0.000000 0.000000 0.000000 0.000000 1.000000
0.972481 0.006729 0.232883 0.000000 -0.173375 -0.646817 0.742676 33.831501 0.155630 -0.762615 -0.627851 0.000000 0.000000 0.000000 0.000000 1.000000
0.972474 0.006559 0.232921 0.000000 -0.173529 -0.646731 0.742716 33.831501 0.155509 -0.762690 -0.627791 0.000000 0.000000 0.000000 0.000000 1.000000
0.972467 0.006458 0.232949 0.000000 -0.173625 -0.646677 0.742740 33.831501 0.155439 -0.762736 -0.627752 0.000000 0.000000 0.000000 0.000000 1.000000
0.972474 0.006365 0.232923 -0.000000 -0.173669 -0.646650 0.742754 33.831501 0.155347 -0.762760 -0.627745 -0.000000 0.000000 0.000000 0.000000 1.000000</float_array>
        <technique_common>
          <accessor source="#mixamorig_RightLeg-Matrix-animation-output-transform-array" count="64" stride="16">
            <param type="float4x4"/>
          </accessor>
        </technique_common>
      </source>
      <source id="mixamorig_RightLeg-Interpolations">
        <Name_array id="mixamorig_RightLeg-Interpolations-array" count="64">
 LINEAR LINEAR LINEAR LINEAR LINEAR LINEAR LINEAR LINEAR LINEAR LINEAR LINEAR
LINEAR LINEAR LINEAR LINEAR LINEAR LINEAR LINEAR LINEAR LINEAR LINEAR LINEAR LINEAR
LINEAR LINEAR LINEAR LINEAR LINEAR LINEAR LINEAR LINEAR LINEAR LINEAR LINEAR LINEAR
LINEAR LINEAR LINEAR LINEAR LINEAR LINEAR LINEAR LINEAR LINEAR LINEAR LINEAR LINEAR
LINEAR LINEAR LINEAR LINEAR LINEAR LINEAR LINEAR LINEAR LINEAR LINEAR LINEAR LINEAR
LINEAR LINEAR LINEAR LINEAR LINEAR</Name_array>
        <technique_common>
          <accessor source="#mixamorig_RightLeg-Interpolations-array" count="64">
            <param type="name"/>
          </accessor>
        </technique_common>
      </source>
      <sampler id="mixamorig_RightLeg-Matrix-animation-transform">
        <input semantic="INPUT" source="#mixamorig_RightLeg-Matrix-animation-input"/>
        <input semantic="OUTPUT" source="#mixamorig_RightLeg-Matrix-animation-output-transform"/>
        <input semantic="INTERPOLATION" source="#mixamorig_RightLeg-Interpolations"/>
      </sampler>
      <channel source="#mixamorig_RightLeg-Matrix-animation-transform" target="mixamorig_RightLeg/matrix"/>
    </animation>
    <animation id="mixamorig_RightFoot-anim" name="mixamorig_RightFoot">
      <source id="mixamorig_RightFoot-Matrix-animation-input">
        <float_array id="mixamorig_RightFoot-Matrix-animation-input-array" count="64">

0.000000 0.033333 0.066667 0.100000 0.133333 0.166667 0.200000 0.233333 0.266667 0.300000 0.333333 0.366667 0.400000 0.433333 0.466667 0.500000
0.533333 0.566667 0.600000 0.633333 0.666667 0.700000 0.733333 0.766667 0.800000 0.833333 0.866667 0.900000 0.933333 0.966667 1.000000 1.033333
1.066667 1.100000 1.133333 1.166667 1.200000 1.233333 1.266667 1.300000 1.333333 1.366667 1.400000 1.433333 1.466667 1.500000 1.533333 1.566667
1.600000 1.633333 1.666667 1.700000 1.733333 1.766667 1.800000 1.833333 1.866667 1.900000 1.933333 1.966667 2.000000 2.033333 2.066667 2.100000</float_array>
        <technique_common>
          <accessor source="#mixamorig_RightFoot-Matrix-animation-input-array" count="64">
            <param name="TIME" type="float"/>
          </accessor>
        </technique_common>
      </source>
      <source id="mixamorig_RightFoot-Matrix-animation-output-transform">
        <float_array id="mixamorig_RightFoot-Matrix-animation-output-transform-array" count="1024">

0.978341 -0.053230 0.200040 0.000000 0.190386 -0.147954 -0.970496 33.271999 0.081257 0.987561 -0.134615 0.000000 0.000000 0.000000 0.000000 1.000000
0.978342 -0.053221 0.200038 -0.000000 0.190384 -0.147968 -0.970494 33.271999 0.081250 0.987559 -0.134631 0.000000 0.000000 0.000000 0.000000 1.000000
0.978342 -0.053212 0.200038 0.000000 0.190385 -0.147974 -0.970493 33.271999 0.081242 0.987559 -0.134638 -0.000000 0.000000 0.000000 0.000000 1.000000
0.978344 -0.053202 0.200033 0.000000 0.190380 -0.147987 -0.970492 33.271999 0.081235 0.987557 -0.134653 0.000000 0.000000 0.000000 0.000000 1.000000
0.978346 -0.053192 0.200025 0.000000 0.190373 -0.147993 -0.970493 33.271999 0.081225 0.987557 -0.134662 0.000000 0.000000 0.000000 0.000000 1.000000
0.978351 -0.053178 0.200006 0.000000 0.190355 -0.148003 -0.970495 33.271999 0.081210 0.987556 -0.134676 -0.000000 0.000000 0.000000 0.000000 1.000000
0.978357 -0.053164 0.199980 -0.000000 0.190331 -0.148006 -0.970499 33.271999 0.081194 0.987556 -0.134684 -0.000000 0.000000 0.000000 0.000000 1.000000
0.978361 -0.053154 0.199963 0.000000 0.190315 -0.148019 -0.970500 33.271999 0.081184 0.987555 -0.134700 0.000000 0.000000 0.000000 0.000000 1.000000
0.978369 -0.053139 0.199928 0.000000 0.190282 -0.148017 -0.970507 33.271999 0.081165 0.987556 -0.134703 -0.000000 0.000000 0.000000 0.000000 1.000000
0.978373 -0.053128 0.199908 0.000000 0.190263 -0.148029 -0.970509 33.271999 0.081153 0.987555 -0.134720 0.000000 0.000000 0.000000 0.000000 1.000000
0.978382 -0.053114 0.199869 -0.000000 0.190226 -0.148029 -0.970516 33.271999 0.081134 0.987556 -0.134726 0.000000 0.000000 0.000000 0.000000 1.000000
0.978389 -0.053100 0.199836 0.000000 0.190195 -0.148032 -0.970522 33.271999 0.081117 0.987556 -0.134734 0.000000 0.000000 0.000000 0.000000 1.000000
0.978398 -0.053086 0.199797 0.000000 0.190158 -0.148040 -0.970528 33.271999 0.081099 0.987556 -0.134747 -0.000000 0.000000 0.000000 0.000000 1.000000
0.978407 -0.053073 0.199758 0.000000 0.190120 -0.148044 -0.970535 33.271999 0.081082 0.987556 -0.134757 0.000000 0.000000 0.000000 0.000000 1.000000
0.978415 -0.053061 0.199723 -0.000000 0.190086 -0.148052 -0.970540 33.271999 0.081067 0.987555 -0.134770 0.000000 0.000000 0.000000 0.000000 1.000000
0.978425 -0.053047 0.199677 0.000000 0.190042 -0.148051 -0.970549 33.271999 0.081047 0.987556 -0.134776 -0.000000 0.000000 0.000000 0.000000 1.000000
0.978437 -0.053032 0.199620 -0.000000 0.189989 -0.148048 -0.970560 33.271999 0.081024 0.987557 -0.134780 -0.000000 0.000000 0.000000 0.000000 1.000000
0.978446 -0.053020 0.199579 0.000000 0.189949 -0.148051 -0.970567 33.271999 0.081007 0.987557 -0.134789 0.000000 0.000000 0.000000 0.000000 1.000000
0.978456 -0.053007 0.199536 0.000000 0.189908 -0.148053 -0.970575 33.271999 0.080989 0.987558 -0.134797 -0.000000 0.000000 0.000000 0.000000 1.000000
0.978466 -0.052994 0.199491 -0.000000 0.189865 -0.148058 -0.970582 33.271999 0.080971 0.987558 -0.134808 -0.000000 0.000000 0.000000 0.000000 1.000000
0.978478 -0.052979 0.199433 0.000000 0.189809 -0.148054 -0.970594 33.271999 0.080948 0.987559 -0.134812 -0.000000 0.000000 0.000000 0.000000 1.000000
0.978490 -0.052965 0.199377 0.000000 0.189756 -0.148058 -0.970604 33.271999 0.080927 0.987559 -0.134823 -0.000000 0.000000 0.000000 0.000000 1.000000
0.978505 -0.052947 0.199311 0.000000 0.189692 -0.148059 -0.970616 33.271999 0.080901 0.987560 -0.134833 0.000000 0.000000 0.000000 0.000000 1.000000
0.978518 -0.052931 0.199250 -0.000000 0.189634 -0.148063 -0.970627 33.271999 0.080878 0.987560 -0.134845 -0.000000 0.000000 0.000000 0.000000 1.000000
0.978533 -0.052915 0.199181 0.000000 0.189568 -0.148064 -0.970640 33.271999 0.080853 0.987561 -0.134854 -0.000000 0.000000 0.000000 0.000000 1.000000
0.978546 -0.052901 0.199123 0.000000 0.189512 -0.148063 -0.970651 33.271999 0.080831 0.987562 -0.134861 -0.000000 0.000000 0.000000 0.000000 1.000000
0.978559 -0.052887 0.199063 0.000000 0.189455 -0.148062 -0.970662 33.271999 0.080809 0.987563 -0.134867 -0.000000 0.000000 0.000000 0.000000 1.000000
0.978572 -0.052874 0.199003 0.000000 0.189397 -0.148060 -0.970674 33.271999 0.080788 0.987564 -0.134873 0.000000 0.000000 0.000000 0.000000 1.000000
0.978584 -0.052862 0.198946 0.000000 0.189343 -0.148058 -0.970684 33.271999 0.080767 0.987565 -0.134878 0.000000 0.000000 0.000000 0.000000 1.000000
0.978593 -0.052851 0.198902 0.000000 0.189299 -0.148064 -0.970692 33.271999 0.080752 0.987565 -0.134890 -0.000000 0.000000 0.000000 0.000000 1.000000
0.978603 -0.052841 0.198856 0.000000 0.189255 -0.148062 -0.970701 33.271999 0.080736 0.987565 -0.134894 0.000000 0.000000 0.000000 0.000000 1.000000
0.978612 -0.052832 0.198814 0.000000 0.189215 -0.148063 -0.970709 33.271999 0.080721 0.987566 -0.134899 -0.000000 0.000000 0.000000 0.000000 1.000000
0.978619 -0.052825 0.198784 0.000000 0.189186 -0.148061 -0.970714 33.271999 0.080711 0.987566 -0.134902 -0.000000 0.000000 0.000000 0.000000 1.000000
0.978626 -0.052818 0.198749 0.000000 0.189152 -0.148059 -0.970721 33.271999 0.080698 0.987567 -0.134903 -0.000000 0.000000 0.000000 0.000000 1.000000
0.978630 -0.052814 0.198730 -0.000000 0.189134 -0.148059 -0.970725 33.271999 0.080692 0.987567 -0.134906 0.000000 0.000000 0.000000 0.000000 1.000000
0.978632 -0.052813 0.198722 -0.000000 0.189126 -0.148061 -0.970726 33.271999 0.080690 0.987567 -0.134909 -0.000000 0.000000 0.000000 0.000000 1.000000
0.978633 -0.052812 0.198718 0.000000 0.189123 -0.148062 -0.970727 33.271999 0.080689 0.987567 -0.134910 0.000000 0.000000 0.000000 0.000000 1.000000
0.978634 -0.052811 0.198712 -0.000000 0.189117 -0.148059 -0.970728 33.271999 0.080686 0.987568 -0.134908 0.000000 0.000000 0.000000 0.000000 1.000000
0.978629 -0.052816 0.198734 0.000000 0.189138 -0.148066 -0.970723 33.271999 0.080696 0.987566 -0.134912 -0.000000 0.000000 0.000000 0.000000 1.000000
0.978625 -0.052821 0.198752 -0.000000 0.189154 -0.148066 -0.970720 33.271999 0.080703 0.987566 -0.134910 -0.000000 0.000000 0.000000 0.000000 1.000000
0.978621 -0.052828 0.198774 -0.000000 0.189175 -0.148065 -0.970716 33.271999 0.080713 0.987566 -0.134906 -0.000000 0.000000 0.000000 0.000000 1.000000
0.978615 -0.052837 0.198801 0.000000 0.189201 -0.148061 -0.970712 33.271999 0.080724 0.987566 -0.134897 0.000000 0.000000 0.000000 0.000000 1.000000
0.978604 -0.052851 0.198848 0.000000 0.189246 -0.148065 -0.970702 33.271999 0.080745 0.987564 -0.134895 0.000000 0.000000 0.000000 0.000000 1.000000
0.978597 -0.052862 0.198879 -0.000000 0.189276 -0.148055 -0.970698 33.271999 0.080758 0.987565 -0.134881 0.000000 0.000000 0.000000 0.000000 1.000000
0.978587 -0.052877 0.198927 0.000000 0.189322 -0.148053 -0.970689 33.271999 0.080779 0.987565 -0.134872 0.000000 0.000000 0.000000 0.000000 1.000000
0.978575 -0.052894 0.198980 0.000000 0.189372 -0.148050 -0.970680 33.271999 0.080802 0.987564 -0.134861 0.000000 0.000000 0.000000 0.000000 1.000000
0.978561 -0.052914 0.199044 0.000000 0.189433 -0.148046 -0.970668 33.271999 0.080830 0.987564 -0.134849 0.000000 0.000000 0.000000 0.000000 1.000000
0.978546 -0.052936 0.199112 -0.000000 0.189499 -0.148038 -0.970657 33.271999 0.080859 0.987564 -0.134830 -0.000000 0.000000 0.000000 0.000000 1.000000
0.978529 -0.052961 0.199187 0.000000 0.189570 -0.148034 -0.970644 33.271999 0.080893 0.987563 -0.134816 0.000000 0.000000 0.000000 0.000000 1.000000
0.978513 -0.052985 0.199263 0.000000 0.189643 -0.148025 -0.970631 33.271999 0.080925 0.987563 -0.134797 -0.000000 0.000000 0.000000 0.000000 1.000000
0.978494 -0.053011 0.199348 -0.000000 0.189724 -0.148022 -0.970615 33.271999 0.080961 0.987562 -0.134781 -0.000000 0.000000 0.000000 0.000000 1.000000
0.978474 -0.053039 0.199436 0.000000 0.189808 -0.148018 -0.970600 33.271999 0.081000 0.987561 -0.134764 0.000000 0.000000 0.000000 0.000000 1.000000
0.978459 -0.053062 0.199506 0.000000 0.189874 -0.148009 -0.970588 33.271999 0.081030 0.987562 -0.134745 -0.000000 0.000000 0.000000 0.000000 1.000000
0.978441 -0.053087 0.199586 -0.000000 0.189951 -0.148002 -0.970574 33.271999 0.081064 0.987561 -0.134727 0.000000 0.000000 0.000000 0.000000 1.000000
0.978425 -0.053111 0.199660 0.000000 0.190022 -0.147995 -0.970561 33.271999 0.081096 0.987561 -0.134710 0.000000 0.000000 0.000000 0.000000 1.000000
0.978409 -0.053135 0.199733 0.000000 0.190092 -0.147989 -0.970548 33.271999 0.081128 0.987561 -0.134693 0.000000 0.000000 0.000000 0.000000 1.000000
0.978393 -0.053157 0.199802 0.000000 0.190158 -0.147984 -0.970536 33.271999 0.081158 0.987560 -0.134679 -0.000000 0.000000 0.000000 0.000000 1.000000
0.978381 -0.053174 0.199857 -0.000000 0.190211 -0.147976 -0.970527 33.271999 0.081181 0.987560 -0.134662 -0.000000 0.000000 0.000000 0.000000 1.000000
0.978370 -0.053191 0.199908 0.000000 0.190259 -0.147968 -0.970519 33.271999 0.081202 0.987561 -0.134647 0.000000 0.000000 0.000000 0.000000 1.000000
0.978358 -0.053206 0.199960 0.000000 0.190308 -0.147970 -0.970509 33.271999 0.081224 0.987560 -0.134642 0.000000 0.000000 0.000000 0.000000 1.000000
0.978352 -0.053216 0.199991 0.000000 0.190339 -0.147963 -0.970504 33.271999 0.081237 0.987560 -0.134631 0.000000 0.000000 0.000000 0.000000 1.000000
0.978345 -0.053224 0.200018 0.000000 0.190365 -0.147963 -0.970499 33.271999 0.081249 0.987560 -0.134627 0.000000 0.000000 0.000000 0.000000 1.000000
0.978341 -0.053229 0.200040 0.000000 0.190385 -0.147963 -0.970495 33.271999 0.081257 0.987559 -0.134624 -0.000000 0.000000 0.000000 0.000000 1.000000
0.978340 -0.053232 0.200045 0.000000 0.190390 -0.147961 -0.970494 33.271999 0.081260 0.987560 -0.134621 0.000000 0.000000 0.000000 0.000000 1.000000</float_array>
        <technique_common>
          <accessor source="#mixamorig_RightFoot-Matrix-animation-output-transform-array" count="64" stride="16">
            <param type="float4x4"/>
          </accessor>
        </technique_common>
      </source>
      <source id="mixamorig_RightFoot-Interpolations">
        <Name_array id="mixamorig_RightFoot-Interpolations-array" count="64">
 LINEAR LINEAR LINEAR LINEAR LINEAR LINEAR LINEAR LINEAR LINEAR LINEAR LINEAR
LINEAR LINEAR LINEAR LINEAR LINEAR LINEAR LINEAR LINEAR LINEAR LINEAR LINEAR LINEAR
LINEAR LINEAR LINEAR LINEAR LINEAR LINEAR LINEAR LINEAR LINEAR LINEAR LINEAR LINEAR
LINEAR LINEAR LINEAR LINEAR LINEAR LINEAR LINEAR LINEAR LINEAR LINEAR LINEAR LINEAR
LINEAR LINEAR LINEAR LINEAR LINEAR LINEAR LINEAR LINEAR LINEAR LINEAR LINEAR LINEAR
LINEAR LINEAR LINEAR LINEAR LINEAR</Name_array>
        <technique_common>
          <accessor source="#mixamorig_RightFoot-Interpolations-array" count="64">
            <param type="name"/>
          </accessor>
        </technique_common>
      </source>
      <sampler id="mixamorig_RightFoot-Matrix-animation-transform">
        <input semantic="INPUT" source="#mixamorig_RightFoot-Matrix-animation-input"/>
        <input semantic="OUTPUT" source="#mixamorig_RightFoot-Matrix-animation-output-transform"/>
        <input semantic="INTERPOLATION" source="#mixamorig_RightFoot-Interpolations"/>
      </sampler>
      <channel source="#mixamorig_RightFoot-Matrix-animation-transform" target="mixamorig_RightFoot/matrix"/>
    </animation>
    <animation id="mixamorig_RightToeBase-anim" name="mixamorig_RightToeBase">
      <source id="mixamorig_RightToeBase-Matrix-animation-input">
        <float_array id="mixamorig_RightToeBase-Matrix-animation-input-array" count="64">

0.000000 0.033333 0.066667 0.100000 0.133333 0.166667 0.200000 0.233333 0.266667 0.300000 0.333333 0.366667 0.400000 0.433333 0.466667 0.500000
0.533333 0.566667 0.600000 0.633333 0.666667 0.700000 0.733333 0.766667 0.800000 0.833333 0.866667 0.900000 0.933333 0.966667 1.000000 1.033333
1.066667 1.100000 1.133333 1.166667 1.200000 1.233333 1.266667 1.300000 1.333333 1.366667 1.400000 1.433333 1.466667 1.500000 1.533333 1.566667
1.600000 1.633333 1.666667 1.700000 1.733333 1.766667 1.800000 1.833333 1.866667 1.900000 1.933333 1.966667 2.000000 2.033333 2.066667 2.100000</float_array>
        <technique_common>
          <accessor source="#mixamorig_RightToeBase-Matrix-animation-input-array" count="64">
            <param name="TIME" type="float"/>
          </accessor>
        </technique_common>
      </source>
      <source id="mixamorig_RightToeBase-Matrix-animation-output-transform">
        <float_array id="mixamorig_RightToeBase-Matrix-animation-output-transform-array" count="1024">

0.869820 0.251037 0.424727 0.000000 0.391410 0.172955 -0.903817 19.000000 -0.300350 0.952401 0.052181 -0.000000 0.000000 0.000000 0.000000 1.000000
0.869820 0.251037 0.424727 0.000000 0.391411 0.172955 -0.903817 19.000000 -0.300350 0.952401 0.052181 0.000000 0.000000 0.000000 0.000000 1.000000
0.869821 0.251037 0.424727 0.000000 0.391411 0.172954 -0.903817 19.000000 -0.300349 0.952401 0.052180 0.000000 0.000000 0.000000 0.000000 1.000000
0.869823 0.251036 0.424723 0.000000 0.391406 0.172957 -0.903818 19.000000 -0.300350 0.952401 0.052185 0.000000 0.000000 0.000000 0.000000 1.000000
0.869825 0.251034 0.424719 0.000000 0.391402 0.172958 -0.903820 19.000000 -0.300348 0.952401 0.052188 0.000000 0.000000 0.000000 0.000000 1.000000
0.869823 0.251036 0.424722 0.000000 0.391405 0.172956 -0.903819 19.000000 -0.300349 0.952401 0.052184 0.000000 0.000000 0.000000 0.000000 1.000000
0.869820 0.251037 0.424727 0.000000 0.391411 0.172955 -0.903817 19.000000 -0.300350 0.952401 0.052181 -0.000000 0.000000 0.000000 0.000000 1.000000
0.869824 0.251035 0.424721 0.000000 0.391404 0.172958 -0.903819 19.000000 -0.300349 0.952401 0.052187 0.000000 0.000000 0.000000 0.000000 1.000000
0.869820 0.251038 0.424727 0.000000 0.391411 0.172954 -0.903816 19.000000 -0.300350 0.952401 0.052180 0.000000 0.000000 0.000000 0.000000 1.000000
0.869824 0.251035 0.424721 0.000000 0.391403 0.172958 -0.903819 19.000000 -0.300349 0.952401 0.052187 0.000000 0.000000 0.000000 0.000000 1.000000
0.869822 0.251037 0.424725 0.000000 0.391409 0.172954 -0.903817 19.000000 -0.300349 0.952401 0.052181 0.000000 0.000000 0.000000 0.000000 1.000000
0.869823 0.251036 0.424722 0.000000 0.391406 0.172955 -0.903819 19.000000 -0.300349 0.952401 0.052183 0.000000 0.000000 0.000000 0.000000 1.000000
0.869821 0.251037 0.424726 0.000000 0.391409 0.172955 -0.903817 19.000000 -0.300350 0.952401 0.052182 0.000000 0.000000 0.000000 0.000000 1.000000
0.869821 0.251037 0.424725 0.000000 0.391409 0.172954 -0.903817 19.000000 -0.300349 0.952401 0.052181 0.000000 0.000000 0.000000 0.000000 1.000000
0.869824 0.251035 0.424721 0.000000 0.391404 0.172958 -0.903819 19.000000 -0.300349 0.952401 0.052187 0.000000 0.000000 0.000000 0.000000 1.000000
0.869822 0.251036 0.424723 0.000000 0.391407 0.172956 -0.903818 19.000000 -0.300349 0.952401 0.052184 0.000000 0.000000 0.000000 0.000000 1.000000
0.869818 0.251039 0.424730 -0.000000 0.391415 0.172952 -0.903815 19.000000 -0.300351 0.952401 0.052177 -0.000000 0.000000 0.000000 0.000000 1.000000
0.869819 0.251038 0.424729 0.000000 0.391413 0.172954 -0.903816 19.000000 -0.300351 0.952401 0.052179 -0.000000 0.000000 0.000000 0.000000 1.000000
0.869820 0.251038 0.424727 0.000000 0.391411 0.172954 -0.903817 19.000000 -0.300350 0.952401 0.052180 0.000000 0.000000 0.000000 0.000000 1.000000
0.869821 0.251036 0.424725 0.000000 0.391409 0.172956 -0.903817 19.000000 -0.300350 0.952401 0.052183 0.000000 0.000000 0.000000 0.000000 1.000000
0.869819 0.251039 0.424729 0.000000 0.391414 0.172953 -0.903816 19.000000 -0.300351 0.952401 0.052177 0.000000 0.000000 0.000000 0.000000 1.000000
0.869821 0.251037 0.424725 0.000000 0.391409 0.172954 -0.903817 19.000000 -0.300350 0.952401 0.052181 0.000000 0.000000 0.000000 0.000000 1.000000
0.869820 0.251037 0.424727 0.000000 0.391411 0.172955 -0.903816 19.000000 -0.300350 0.952401 0.052181 -0.000000 0.000000 0.000000 0.000000 1.000000
0.869823 0.251035 0.424723 0.000000 0.391407 0.172956 -0.903818 19.000000 -0.300349 0.952401 0.052184 -0.000000 0.000000 0.000000 0.000000 1.000000
0.869820 0.251038 0.424726 0.000000 0.391411 0.172953 -0.903817 19.000000 -0.300350 0.952401 0.052179 0.000000 0.000000 0.000000 0.000000 1.000000
0.869822 0.251037 0.424724 -0.000000 0.391408 0.172954 -0.903818 19.000000 -0.300349 0.952401 0.052181 0.000000 0.000000 0.000000 0.000000 1.000000
0.869821 0.251037 0.424727 0.000000 0.391410 0.172955 -0.903817 19.000000 -0.300350 0.952401 0.052181 -0.000000 0.000000 0.000000 0.000000 1.000000
0.869819 0.251038 0.424728 0.000000 0.391413 0.172953 -0.903816 19.000000 -0.300350 0.952401 0.052178 0.000000 0.000000 0.000000 0.000000 1.000000
0.869816 0.251040 0.424733 0.000000 0.391418 0.172951 -0.903814 19.000000 -0.300351 0.952401 0.052174 0.000000 0.000000 0.000000 0.000000 1.000000
0.869820 0.251038 0.424728 -0.000000 0.391412 0.172954 -0.903816 19.000000 -0.300351 0.952401 0.052179 0.000000 0.000000 0.000000 0.000000 1.000000
0.869819 0.251038 0.424729 0.000000 0.391413 0.172953 -0.903816 19.000000 -0.300350 0.952401 0.052178 0.000000 0.000000 0.000000 0.000000 1.000000
0.869818 0.251039 0.424731 0.000000 0.391416 0.172952 -0.903815 19.000000 -0.300351 0.952401 0.052176 -0.000000 0.000000 0.000000 0.000000 1.000000
0.869819 0.251039 0.424729 0.000000 0.391414 0.172953 -0.903816 19.000000 -0.300351 0.952401 0.052178 0.000000 0.000000 0.000000 0.000000 1.000000
0.869816 0.251040 0.424735 0.000000 0.391420 0.172950 -0.903813 19.000000 -0.300352 0.952401 0.052173 0.000000 0.000000 0.000000 0.000000 1.000000
0.869816 0.251040 0.424734 0.000000 0.391419 0.172950 -0.903814 19.000000 -0.300351 0.952401 0.052173 0.000000 0.000000 0.000000 0.000000 1.000000
0.869819 0.251038 0.424730 0.000000 0.391415 0.172951 -0.903815 19.000000 -0.300350 0.952401 0.052176 0.000000 0.000000 0.000000 0.000000 1.000000
0.869818 0.251039 0.424730 0.000000 0.391414 0.172953 -0.903815 19.000000 -0.300351 0.952400 0.052177 0.000000 0.000000 0.000000 0.000000 1.000000
0.869816 0.251041 0.424735 0.000000 0.391421 0.172948 -0.903813 19.000000 -0.300351 0.952401 0.052170 0.000000 0.000000 0.000000 0.000000 1.000000
0.869820 0.251038 0.424727 0.000000 0.391412 0.172953 -0.903816 19.000000 -0.300350 0.952401 0.052179 -0.000000 0.000000 0.000000 0.000000 1.000000
0.869820 0.251038 0.424727 0.000000 0.391411 0.172956 -0.903816 19.000000 -0.300351 0.952400 0.052181 0.000000 0.000000 0.000000 0.000000 1.000000
0.869819 0.251038 0.424728 0.000000 0.391413 0.172953 -0.903816 19.000000 -0.300351 0.952401 0.052179 -0.000000 0.000000 0.000000 0.000000 1.000000
0.869817 0.251039 0.424732 0.000000 0.391417 0.172952 -0.903814 19.000000 -0.300351 0.952401 0.052176 0.000000 0.000000 0.000000 0.000000 1.000000
0.869823 0.251036 0.424722 -0.000000 0.391405 0.172956 -0.903819 19.000000 -0.300349 0.952401 0.052184 0.000000 0.000000 0.000000 0.000000 1.000000
0.869816 0.251040 0.424733 0.000000 0.391418 0.172951 -0.903814 19.000000 -0.300352 0.952401 0.052174 -0.000000 0.000000 0.000000 0.000000 1.000000
0.869817 0.251039 0.424732 -0.000000 0.391416 0.172953 -0.903814 19.000000 -0.300351 0.952400 0.052177 0.000000 0.000000 0.000000 0.000000 1.000000
0.869818 0.251039 0.424731 -0.000000 0.391416 0.172952 -0.903815 19.000000 -0.300350 0.952401 0.052176 0.000000 0.000000 0.000000 0.000000 1.000000
0.869819 0.251038 0.424728 0.000000 0.391413 0.172953 -0.903816 19.000000 -0.300350 0.952401 0.052178 0.000000 0.000000 0.000000 0.000000 1.000000
0.869819 0.251038 0.424730 0.000000 0.391414 0.172952 -0.903815 19.000000 -0.300350 0.952401 0.052177 0.000000 0.000000 0.000000 0.000000 1.000000
0.869818 0.251039 0.424730 0.000000 0.391415 0.172953 -0.903815 19.000000 -0.300351 0.952401 0.052177 0.000000 0.000000 0.000000 0.000000 1.000000
0.869818 0.251039 0.424731 -0.000000 0.391416 0.172951 -0.903815 19.000000 -0.300351 0.952401 0.052175 0.000000 0.000000 0.000000 0.000000 1.000000
0.869820 0.251037 0.424726 -0.000000 0.391410 0.172955 -0.903817 19.000000 -0.300350 0.952401 0.052181 0.000000 0.000000 0.000000 0.000000 1.000000
0.869825 0.251035 0.424719 -0.000000 0.391401 0.172958 -0.903820 19.000000 -0.300349 0.952401 0.052188 -0.000000 0.000000 0.000000 0.000000 1.000000
0.869821 0.251037 0.424725 0.000000 0.391409 0.172954 -0.903817 19.000000 -0.300350 0.952401 0.052181 0.000000 0.000000 0.000000 0.000000 1.000000
0.869823 0.251035 0.424723 -0.000000 0.391406 0.172957 -0.903818 19.000000 -0.300349 0.952401 0.052185 0.000000 0.000000 0.000000 0.000000 1.000000
0.869823 0.251036 0.424723 -0.000000 0.391406 0.172956 -0.903818 19.000000 -0.300349 0.952401 0.052184 -0.000000 0.000000 0.000000 0.000000 1.000000
0.869823 0.251036 0.424722 0.000000 0.391404 0.172958 -0.903819 19.000000 -0.300350 0.952401 0.052186 0.000000 0.000000 0.000000 0.000000 1.000000
0.869824 0.251035 0.424721 0.000000 0.391403 0.172959 -0.903819 19.000000 -0.300350 0.952400 0.052188 0.000000 0.000000 0.000000 0.000000 1.000000
0.869823 0.251036 0.424723 0.000000 0.391406 0.172956 -0.903818 19.000000 -0.300349 0.952401 0.052184 -0.000000 0.000000 0.000000 0.000000 1.000000
0.869822 0.251036 0.424724 0.000000 0.391407 0.172956 -0.903818 19.000000 -0.300349 0.952401 0.052184 0.000000 0.000000 0.000000 0.000000 1.000000
0.869825 0.251034 0.424718 0.000000 0.391401 0.172960 -0.903820 19.000000 -0.300349 0.952400 0.052190 -0.000000 0.000000 0.000000 0.000000 1.000000
0.869822 0.251037 0.424723 -0.000000 0.391407 0.172955 -0.903818 19.000000 -0.300350 0.952401 0.052182 -0.000000 0.000000 0.000000 0.000000 1.000000
0.869824 0.251036 0.424721 0.000000 0.391404 0.172957 -0.903819 19.000000 -0.300349 0.952401 0.052186 0.000000 0.000000 0.000000 0.000000 1.000000
0.869824 0.251034 0.424720 0.000000 0.391403 0.172959 -0.903819 19.000000 -0.300349 0.952401 0.052188 -0.000000 0.000000 0.000000 0.000000 1.000000
0.869824 0.251035 0.424721 0.000000 0.391404 0.172958 -0.903819 19.000000 -0.300349 0.952401 0.052187 -0.000000 0.000000 0.000000 0.000000 1.000000</float_array>
        <technique_common>
          <accessor source="#mixamorig_RightToeBase-Matrix-animation-output-transform-array" count="64" stride="16">
            <param type="float4x4"/>
          </accessor>
        </technique_common>
      </source>
      <source id="mixamorig_RightToeBase-Interpolations">
        <Name_array id="mixamorig_RightToeBase-Interpolations-array" count="64">
 LINEAR LINEAR LINEAR LINEAR LINEAR LINEAR LINEAR LINEAR LINEAR LINEAR LINEAR
LINEAR LINEAR LINEAR LINEAR LINEAR LINEAR LINEAR LINEAR LINEAR LINEAR LINEAR LINEAR
LINEAR LINEAR LINEAR LINEAR LINEAR LINEAR LINEAR LINEAR LINEAR LINEAR LINEAR LINEAR
LINEAR LINEAR LINEAR LINEAR LINEAR LINEAR LINEAR LINEAR LINEAR LINEAR LINEAR LINEAR
LINEAR LINEAR LINEAR LINEAR LINEAR LINEAR LINEAR LINEAR LINEAR LINEAR LINEAR LINEAR
LINEAR LINEAR LINEAR LINEAR LINEAR</Name_array>
        <technique_common>
          <accessor source="#mixamorig_RightToeBase-Interpolations-array" count="64">
            <param type="name"/>
          </accessor>
        </technique_common>
      </source>
      <sampler id="mixamorig_RightToeBase-Matrix-animation-transform">
        <input semantic="INPUT" source="#mixamorig_RightToeBase-Matrix-animation-input"/>
        <input semantic="OUTPUT" source="#mixamorig_RightToeBase-Matrix-animation-output-transform"/>
        <input semantic="INTERPOLATION" source="#mixamorig_RightToeBase-Interpolations"/>
      </sampler>
      <channel source="#mixamorig_RightToeBase-Matrix-animation-transform" target="mixamorig_RightToeBase/matrix"/>
    </animation>
  </library_animations>
  <library_visual_scenes>
    <visual_scene id="RootNode" name="RootNode">
      <node id="mixamorig_Hips" name="mixamorig_Hips" sid="mixamorig_Hips" type="JOINT">
        <matrix sid="matrix">0.762041 0.089314 -0.641339 -0.037013 0.076678 0.971026 0.226336 40.317547 0.642972 -0.221654 0.733114 -0.023317 0.000000 0.000000 0.000000 1.000000</matrix>
        <node id="mixamorig_Spine" name="mixamorig_Spine" sid="mixamorig_Spine" type="JOINT">
          <matrix sid="matrix">0.996671 0.074354 0.033438 0.000000 -0.062057 0.957900 -0.280316 7.722000 -0.052873 0.277307 0.959325 1.166200 0.000000 0.000000 0.000000 1.000000</matrix>
          <node id="mixamorig_Spine1" name="mixamorig_Spine1" sid="mixamorig_Spine1" type="JOINT">
            <matrix sid="matrix">0.994118 0.043509 0.099180 -0.000000 -0.023766 0.981074 -0.192168 9.598400 -0.105664 0.188681 0.976337 0.000000 0.000000 0.000000 0.000000 1.000000</matrix>
            <node id="mixamorig_Spine2" name="mixamorig_Spine2" sid="mixamorig_Spine2" type="JOINT">
              <matrix sid="matrix">0.993419 0.061072 0.096900 0.000000 -0.021521 0.930448 -0.365791 11.048200 -0.112500 0.361298 0.925639 0.000000 0.000000 0.000000 0.000000 1.000000</matrix>
              <node id="mixamorig_Neck" name="mixamorig_Neck" sid="mixamorig_Neck" type="JOINT">
                <matrix sid="matrix">0.997533 -0.061693 0.033505 -0.001600 0.061054 0.997939 0.019772 21.684401 -0.034656 -0.017678 0.999243 -3.096600 0.000000 0.000000 0.000000 1.000000</matrix>
                <node id="mixamorig_Head" name="mixamorig_Head" sid="mixamorig_Head" type="JOINT">
                  <matrix sid="matrix">0.946695 -0.081076 0.311763 -0.000700 0.000148 0.967918 0.251266 8.918400 -0.322133 -0.237826 0.916335 1.007300 0.000000 0.000000 0.000000 1.000000</matrix>
                  <node id="mixamorig_HeadTop_End" name="mixamorig_HeadTop_End" sid="mixamorig_HeadTop_End" type="JOINT">
                    <matrix sid="matrix">1.000000 -0.000000 0.000000 -0.004600 0.000000 1.000000 0.000000 62.362999 -0.000000 0.000000 1.000000 0.076600 0.000000 0.000000 0.000000 1.000000</matrix>
                  </node>
                </node>
              </node>
              <node id="mixamorig_LeftShoulder" name="mixamorig_LeftShoulder" sid="mixamorig_LeftShoulder" type="JOINT">
                <matrix sid="matrix">-0.188763 0.974053 0.124858 4.217400 -0.089212 0.109609 -0.989963 16.560900 -0.977962 -0.198007 0.066207 -4.061100 0.000000 0.000000 0.000000 1.000000</matrix>
                <node id="mixamorig_LeftArm" name="mixamorig_LeftArm" sid="mixamorig_LeftArm" type="JOINT">
                  <matrix sid="matrix">0.326732 -0.902465 0.280719 0.000000 0.396826 -0.138577 -0.907373 5.607700 0.857773 0.407865 0.312844 -0.000000 0.000000 0.000000 0.000000 1.000000</matrix>
                  <node id="mixamorig_LeftForeArm" name="mixamorig_LeftForeArm" sid="mixamorig_LeftForeArm" type="JOINT">
                    <matrix sid="matrix">-0.062858 -0.971273 -0.229515 0.000000 -0.247023 0.237955 -0.939339 21.869200 0.966969 -0.002350 -0.254884 0.000000 0.000000 0.000000 0.000000 1.000000</matrix>
                    <node id="mixamorig_LeftHand" name="mixamorig_LeftHand" sid="mixamorig_LeftHand" type="JOINT">
                      <matrix sid="matrix">0.908952 0.098015 -0.405215 0.000000 -0.003759 0.973857 0.227130 23.865299 0.416884 -0.204927 0.885558 0.000000 0.000000 0.000000 0.000000 1.000000</matrix>
                      <node id="mixamorig_LeftHandThumb1" name="mixamorig_LeftHandThumb1" sid="mixamorig_LeftHandThumb1" type="JOINT">
                        <matrix sid="matrix">0.932480 -0.310254 0.184997 -3.107300 0.360980 0.819124 -0.445791 4.377300 -0.013227 0.482471 0.875812 2.078700 0.000000 0.000000 0.000000 1.000000</matrix>
                        <node id="mixamorig_LeftHandThumb2" name="mixamorig_LeftHandThumb2" sid="mixamorig_LeftHandThumb2" type="JOINT">
                          <matrix sid="matrix">0.970257 0.242050 -0.003575 -0.000000 -0.242050 0.969828 -0.029093 4.021300 -0.003575 0.029094 0.999570 0.000000 0.000000 0.000000 0.000000 1.000000</matrix>
                          <node id="mixamorig_LeftHandThumb3" name="mixamorig_LeftHandThumb3" sid="mixamorig_LeftHandThumb3" type="JOINT">
                            <matrix sid="matrix">0.910845 -0.360499 -0.201003 0.000000 0.404082 0.878109 0.256208 3.952700 0.084140 -0.314587 0.945492 0.000000 0.000000 0.000000 0.000000 1.000000</matrix>
                            <node id="mixamorig_LeftHandThumb4" name="mixamorig_LeftHandThumb4" sid="mixamorig_LeftHandThumb4" type="JOINT">
                              <matrix sid="matrix">1.000000 -0.000000 -0.000000 0.000000 0.000000 1.000000 -0.000000 4.386100 -0.000000 0.000000 1.000000 0.000000 0.000000 0.000000 0.000000 1.000000</matrix>
                            </node>
                          </node>
                        </node>
                      </node>
                      <node id="mixamorig_LeftHandIndex1" name="mixamorig_LeftHandIndex1" sid="mixamorig_LeftHandIndex1" type="JOINT">
                        <matrix sid="matrix">0.986108 0.038091 0.161680 -3.728800 0.021932 0.934974 -0.354038 12.149100 -0.164652 0.352665 0.921150 0.679300 0.000000 0.000000 0.000000 1.000000</matrix>
                        <node id="mixamorig_LeftHandIndex2" name="mixamorig_LeftHandIndex2" sid="mixamorig_LeftHandIndex2" type="JOINT">
                          <matrix sid="matrix">0.998742 0.048612 -0.012323 0.000000 -0.048611 0.878044 -0.476105 3.278100 -0.012324 0.476105 0.879302 0.000000 0.000000 0.000000 0.000000 1.000000</matrix>
                          <node id="mixamorig_LeftHandIndex3" name="mixamorig_LeftHandIndex3" sid="mixamorig_LeftHandIndex3" type="JOINT">
                            <matrix sid="matrix">0.998734 0.048756 -0.012402 0.000000 -0.048756 0.877267 -0.477520 3.333500 -0.012402 0.477520 0.878534 0.000000 0.000000 0.000000 0.000000 1.000000</matrix>
                            <node id="mixamorig_LeftHandIndex4" name="mixamorig_LeftHandIndex4" sid="mixamorig_LeftHandIndex4" type="JOINT">
                              <matrix sid="matrix">1.000000 0.000000 0.000000 0.000000 0.000000 1.000000 0.000000 3.640500 0.000000 0.000000 1.000000 0.000000 0.000000 0.000000 0.000000 1.000000</matrix>
                            </node>
                          </node>
                        </node>
                      </node>
                      <node id="mixamorig_LeftHandMiddle1" name="mixamorig_LeftHandMiddle1" sid="mixamorig_LeftHandMiddle1" type="JOINT">
                        <matrix sid="matrix">0.984163 0.033026 0.174165 0.006900 0.030835 0.935620 -0.351659 12.134500 -0.174566 0.351460 0.919784 -0.010900 0.000000 0.000000 0.000000 1.000000</matrix>
                        <node id="mixamorig_LeftHandMiddle2" name="mixamorig_LeftHandMiddle2" sid="mixamorig_LeftHandMiddle2" type="JOINT">
                          <matrix sid="matrix">0.996859 0.072983 -0.030768 0.000000 -0.072983 0.695516 -0.714794 3.418300 -0.030768 0.714794 0.698658 0.000000 0.000000 0.000000 0.000000 1.000000</matrix>
                          <node id="mixamorig_LeftHandMiddle3" name="mixamorig_LeftHandMiddle3" sid="mixamorig_LeftHandMiddle3" type="JOINT">
                            <matrix sid="matrix">0.997109 0.070507 -0.028310 0.000000 -0.070507 0.719837 -0.690553 3.298600 -0.028310 0.690553 0.722727 0.000000 0.000000 0.000000 0.000000 1.000000</matrix>
                            <node id="mixamorig_LeftHandMiddle4" name="mixamorig_LeftHandMiddle4" sid="mixamorig_LeftHandMiddle4" type="JOINT">
                              <matrix sid="matrix">1.000000 0.000000 -0.000000 0.000000 0.000000 1.000000 0.000000 4.858100 -0.000000 -0.000000 1.000000 0.000000 0.000000 0.000000 0.000000 1.000000</matrix>
                            </node>
                          </node>
                        </node>
                      </node>
                      <node id="mixamorig_LeftHandRing1" name="mixamorig_LeftHandRing1" sid="mixamorig_LeftHandRing1" type="JOINT">
                        <matrix sid="matrix">0.999760 0.005947 0.021063 2.998700 0.000813 0.951621 -0.307273 12.329200 -0.021872 0.307217 0.951388 -0.106900 0.000000 0.000000 0.000000 1.000000</matrix>
                        <node id="mixamorig_LeftHandRing2" name="mixamorig_LeftHandRing2" sid="mixamorig_LeftHandRing2" type="JOINT">
                          <matrix sid="matrix">0.993369 0.094870 -0.064944 0.000000 -0.094869 0.357303 -0.929158 3.058600 -0.064944 0.929158 0.363934 0.000000 0.000000 0.000000 0.000000 1.000000</matrix>
                          <node id="mixamorig_LeftHandRing3" name="mixamorig_LeftHandRing3" sid="mixamorig_LeftHandRing3" type="JOINT">
                            <matrix sid="matrix">0.981711 0.189721 -0.015776 -0.000000 -0.167226 0.819761 -0.547747 3.289500 -0.090987 0.540368 0.836495 0.000000 0.000000 0.000000 0.000000 1.000000</matrix>
                            <node id="mixamorig_LeftHandRing4" name="mixamorig_LeftHandRing4" sid="mixamorig_LeftHandRing4" type="JOINT">
                              <matrix sid="matrix">1.000000 0.000000 -0.000000 0.000000 -0.000000 1.000000 0.000000 4.093700 0.000000 -0.000000 1.000000 -0.000000 0.000000 0.000000 0.000000 1.000000</matrix>
                            </node>
                          </node>
                        </node>
                      </node>
                      <node id="mixamorig_LeftHandPinky1" name="mixamorig_LeftHandPinky1" sid="mixamorig_LeftHandPinky1" type="JOINT">
                        <matrix sid="matrix">0.990012 0.012530 -0.140427 5.731500 -0.028477 0.993285 -0.112130 11.385500 0.138079 0.115009 0.983721 0.770100 0.000000 0.000000 0.000000 1.000000</matrix>
                        <node id="mixamorig_LeftHandPinky2" name="mixamorig_LeftHandPinky2" sid="mixamorig_LeftHandPinky2" type="JOINT">
                          <matrix sid="matrix">0.996088 0.079626 -0.038312 0.000000 -0.079626 0.620862 -0.779866 2.856200 -0.038312 0.779866 0.624774 0.000000 0.000000 0.000000 0.000000 1.000000</matrix>
                          <node id="mixamorig_LeftHandPinky3" name="mixamorig_LeftHandPinky3" sid="mixamorig_LeftHandPinky3" type="JOINT">
                            <matrix sid="matrix">0.998433 0.053815 -0.015347 -0.000000 -0.053815 0.848118 -0.527067 2.868000 -0.015348 0.527067 0.849685 0.000000 0.000000 0.000000 0.000000 1.000000</matrix>
                            <node id="mixamorig_LeftHandPinky4" name="mixamorig_LeftHandPinky4" sid="mixamorig_LeftHandPinky4" type="JOINT">
                              <matrix sid="matrix">1.000000 -0.000000 0.000000 0.000000 0.000000 1.000000 0.000000 2.950200 0.000000 0.000000 1.000000 0.000000 0.000000 0.000000 0.000000 1.000000</matrix>
                            </node>
                          </node>
                        </node>
                      </node>
                    </node>
                  </node>
                </node>
              </node>
              <node id="mixamorig_RightShoulder" name="mixamorig_RightShoulder" sid="mixamorig_RightShoulder" type="JOINT">
                <matrix sid="matrix">-0.395112 -0.905510 -0.154719 -4.217400 0.156710 0.099514 -0.982618 16.561300 0.905168 -0.412490 0.102583 -4.061100 0.000000 0.000000 0.000000 1.000000</matrix>
                <node id="mixamorig_RightArm" name="mixamorig_RightArm" sid="mixamorig_RightArm" type="JOINT">
                  <matrix sid="matrix">0.417563 0.625086 -0.659475 -0.000000 -0.905650 0.227405 -0.357888 5.607700 -0.073743 0.746695 0.661066 0.000000 0.000000 0.000000 0.000000 1.000000</matrix>
                  <node id="mixamorig_RightForeArm" name="mixamorig_RightForeArm" sid="mixamorig_RightForeArm" type="JOINT">
                    <matrix sid="matrix">-0.482246 0.875922 0.014104 -0.000000 -0.788556 -0.427021 -0.442529 21.869200 -0.381598 -0.224530 0.896643 0.000000 0.000000 0.000000 0.000000 1.000000</matrix>
                    <node id="mixamorig_RightHand" name="mixamorig_RightHand" sid="mixamorig_RightHand" type="JOINT">
                      <matrix sid="matrix">0.963666 0.222514 0.147769 0.000000 -0.255490 0.929248 0.266876 23.865299 -0.077930 -0.294932 0.952335 -0.000000 0.000000 0.000000 0.000000 1.000000</matrix>
                      <node id="mixamorig_RightHandThumb1" name="mixamorig_RightHandThumb1" sid="mixamorig_RightHandThumb1" type="JOINT">
                        <matrix sid="matrix">0.854819 0.283701 -0.434508 3.107300 -0.437537 0.844238 -0.309554 4.377200 0.279007 0.454727 0.845801 2.079000 0.000000 0.000000 0.000000 1.000000</matrix>
                        <node id="mixamorig_RightHandThumb2" name="mixamorig_RightHandThumb2" sid="mixamorig_RightHandThumb2" type="JOINT">
                          <matrix sid="matrix">0.925677 -0.377047 0.030944 0.000000 0.377466 0.925981 -0.008848 4.021500 -0.025317 0.019870 0.999482 0.000000 0.000000 0.000000 0.000000 1.000000</matrix>
                          <node id="mixamorig_RightHandThumb3" name="mixamorig_RightHandThumb3" sid="mixamorig_RightHandThumb3" type="JOINT">
                            <matrix sid="matrix">0.889994 -0.455865 -0.009895 0.000000 0.443558 0.860530 0.250490 3.952700 -0.105674 -0.227324 0.968069 0.000000 0.000000 0.000000 0.000000 1.000000</matrix>
                            <node id="mixamorig_RightHandThumb4" name="mixamorig_RightHandThumb4" sid="mixamorig_RightHandThumb4" type="JOINT">
                              <matrix sid="matrix">1.000000 0.000000 -0.000000 0.000000 0.000000 1.000000 0.000000 4.385600 -0.000000 0.000000 1.000000 0.000000 0.000000 0.000000 0.000000 1.000000</matrix>
                            </node>
                          </node>
                        </node>
                      </node>
                      <node id="mixamorig_RightHandIndex1" name="mixamorig_RightHandIndex1" sid="mixamorig_RightHandIndex1" type="JOINT">
                        <matrix sid="matrix">0.994749 -0.102300 0.003000 3.728800 0.102161 0.990789 -0.088880 12.149100 0.006120 0.088720 0.996038 0.680000 0.000000 0.000000 0.000000 1.000000</matrix>
                        <node id="mixamorig_RightHandIndex2" name="mixamorig_RightHandIndex2" sid="mixamorig_RightHandIndex2" type="JOINT">
                          <matrix sid="matrix">0.999867 -0.016218 0.001639 -0.000000 0.016218 0.979656 -0.200029 3.278100 0.001638 0.200029 0.979789 0.000000 0.000000 0.000000 0.000000 1.000000</matrix>
                          <node id="mixamorig_RightHandIndex3" name="mixamorig_RightHandIndex3" sid="mixamorig_RightHandIndex3" type="JOINT">
                            <matrix sid="matrix">0.998906 -0.044776 0.013495 0.000000 0.044776 0.832464 -0.552267 3.333500 0.013494 0.552267 0.833558 0.000000 0.000000 0.000000 0.000000 1.000000</matrix>
                            <node id="mixamorig_RightHandIndex4" name="mixamorig_RightHandIndex4" sid="mixamorig_RightHandIndex4" type="JOINT">
                              <matrix sid="matrix">1.000000 0.000000 0.000000 -0.000000 0.000000 1.000000 0.000000 3.640500 0.000000 -0.000000 1.000000 0.000000 0.000000 0.000000 0.000000 1.000000</matrix>
                            </node>
                          </node>
                        </node>
                      </node>
                      <node id="mixamorig_RightHandMiddle1" name="mixamorig_RightHandMiddle1" sid="mixamorig_RightHandMiddle1" type="JOINT">
                        <matrix sid="matrix">0.975627 -0.210657 -0.061448 -0.006900 0.209892 0.977545 -0.018729 12.134400 0.064013 0.005375 0.997935 -0.011000 0.000000 0.000000 0.000000 1.000000</matrix>
                        <node id="mixamorig_RightHandMiddle2" name="mixamorig_RightHandMiddle2" sid="mixamorig_RightHandMiddle2" type="JOINT">
                          <matrix sid="matrix">0.991990 -0.078711 0.098792 0.000000 0.078712 -0.226509 -0.970823 3.418400 0.098792 0.970823 -0.218499 0.000000 0.000000 0.000000 0.000000 1.000000</matrix>
                          <node id="mixamorig_RightHandMiddle3" name="mixamorig_RightHandMiddle3" sid="mixamorig_RightHandMiddle3" type="JOINT">
                            <matrix sid="matrix">0.995564 -0.076542 0.054713 0.000000 0.076543 0.320736 -0.944071 3.298600 0.054713 0.944071 0.325172 0.000000 0.000000 0.000000 0.000000 1.000000</matrix>
                            <node id="mixamorig_RightHandMiddle4" name="mixamorig_RightHandMiddle4" sid="mixamorig_RightHandMiddle4" type="JOINT">
                              <matrix sid="matrix">1.000000 -0.000000 0.000000 0.000000 0.000000 1.000000 0.000000 4.858100 -0.000000 0.000000 1.000000 0.000000 0.000000 0.000000 0.000000 1.000000</matrix>
                            </node>
                          </node>
                        </node>
                      </node>
                      <node id="mixamorig_RightHandRing1" name="mixamorig_RightHandRing1" sid="mixamorig_RightHandRing1" type="JOINT">
                        <matrix sid="matrix">0.953836 -0.177587 0.242196 -2.998700 0.218847 0.963278 -0.155571 12.329100 -0.205674 0.201393 0.957674 -0.107000 0.000000 0.000000 0.000000 1.000000</matrix>
                        <node id="mixamorig_RightHandRing2" name="mixamorig_RightHandRing2" sid="mixamorig_RightHandRing2" type="JOINT">
                          <matrix sid="matrix">0.990796 -0.073732 0.113517 0.000000 0.073733 -0.409310 -0.909411 3.058700 0.113516 0.909411 -0.400106 0.000000 0.000000 0.000000 0.000000 1.000000</matrix>
                          <node id="mixamorig_RightHandRing3" name="mixamorig_RightHandRing3" sid="mixamorig_RightHandRing3" type="JOINT">
                            <matrix sid="matrix">0.994732 -0.079288 0.064979 0.000000 0.079288 0.193281 -0.977935 3.289500 0.064979 0.977935 0.198549 0.000000 0.000000 0.000000 0.000000 1.000000</matrix>
                            <node id="mixamorig_RightHandRing4" name="mixamorig_RightHandRing4" sid="mixamorig_RightHandRing4" type="JOINT">
                              <matrix sid="matrix">1.000000 -0.000000 0.000000 0.000000 -0.000000 1.000000 0.000000 4.093700 0.000000 0.000000 1.000000 0.000000 0.000000 0.000000 0.000000 1.000000</matrix>
                            </node>
                          </node>
                        </node>
                      </node>
                      <node id="mixamorig_RightHandPinky1" name="mixamorig_RightHandPinky1" sid="mixamorig_RightHandPinky1" type="JOINT">
                        <matrix sid="matrix">0.936955 -0.156268 0.312562 -5.731500 0.182422 0.981620 -0.056069 11.385500 -0.298056 0.109552 0.948241 0.771000 0.000000 0.000000 0.000000 1.000000</matrix>
                        <node id="mixamorig_RightHandPinky2" name="mixamorig_RightHandPinky2" sid="mixamorig_RightHandPinky2" type="JOINT">
                          <matrix sid="matrix">0.992999 -0.080602 0.086355 0.000000 0.080602 -0.072095 -0.994136 2.856200 0.086355 0.994136 -0.065093 0.000000 0.000000 0.000000 0.000000 1.000000</matrix>
                          <node id="mixamorig_RightHandPinky3" name="mixamorig_RightHandPinky3" sid="mixamorig_RightHandPinky3" type="JOINT">
                            <matrix sid="matrix">0.994882 -0.078898 0.063119 0.000000 0.078898 0.216379 -0.973116 2.868000 0.063119 0.973116 0.221497 0.000000 0.000000 0.000000 0.000000 1.000000</matrix>
                            <node id="mixamorig_RightHandPinky4" name="mixamorig_RightHandPinky4" sid="mixamorig_RightHandPinky4" type="JOINT">
                              <matrix sid="matrix">1.000000 0.000000 0.000000 -0.000000 -0.000000 1.000000 0.000000 2.950200 0.000000 -0.000000 1.000000 0.000000 0.000000 0.000000 0.000000 1.000000</matrix>
                            </node>
                          </node>
                        </node>
                      </node>
                    </node>
                  </node>
                </node>
              </node>
              <node id="mixamorig_Scart1" name="mixamorig_Scart1" sid="mixamorig_Scart1" type="JOINT">
                <matrix sid="matrix">0.999263 -0.038384 -0.000000 5.409700 -0.038384 -0.999263 -0.000000 17.819599 0.000000 0.000000 -1.000000 5.011300 0.000000 0.000000 0.000000 1.000000</matrix>
                <node id="mixamorig_Scart2" name="mixamorig_Scart2" sid="mixamorig_Scart2" type="JOINT">
                  <matrix sid="matrix">0.981549 0.191213 0.000000 -0.000000 -0.191213 0.981549 0.000000 9.170600 0.000000 0.000000 1.000000 0.000000 0.000000 0.000000 0.000000 1.000000</matrix>
                  <node id="mixamorig_Scart3" name="mixamorig_Scart3" sid="mixamorig_Scart3" type="JOINT">
                    <matrix sid="matrix">1.000000 -0.000000 0.000000 -0.000000 -0.000000 1.000000 0.000000 8.298900 0.000000 0.000000 1.000000 0.000000 0.000000 0.000000 0.000000 1.000000</matrix>
                    <node id="mixamorig_Scart4" name="mixamorig_Scart4" sid="mixamorig_Scart4" type="JOINT">
                      <matrix sid="matrix">1.000000 0.000000 0.000000 -0.000000 0.000000 1.000000 0.000000 10.284700 0.000000 0.000000 1.000000 0.000000 0.000000 0.000000 0.000000 1.000000</matrix>
                    </node>
                  </node>
                </node>
              </node>
            </node>
          </node>
        </node>
        <node id="mixamorig_LeftUpLeg" name="mixamorig_LeftUpLeg" sid="mixamorig_LeftUpLeg" type="JOINT">
          <matrix sid="matrix">-0.776103 0.580823 -0.245580 8.267000 -0.336253 -0.051711 0.940351 -4.795500 0.533478 0.812386 0.235437 -0.379100 0.000000 0.000000 0.000000 1.000000</matrix>
          <node id="mixamorig_LeftLeg" name="mixamorig_LeftLeg" sid="mixamorig_LeftLeg" type="JOINT">
            <matrix sid="matrix">0.993024 0.077786 -0.088612 0.000000 0.117615 -0.600332 0.791055 33.831501 0.008336 -0.795959 -0.605293 0.000000 0.000000 0.000000 0.000000 1.000000</matrix>
            <node id="mixamorig_LeftFoot" name="mixamorig_LeftFoot" sid="mixamorig_LeftFoot" type="JOINT">
              <matrix sid="matrix">0.977652 0.128885 -0.166087 0.000000 -0.197434 0.291485 -0.935979 33.272099 -0.072222 0.947853 0.310417 -0.000000 0.000000 0.000000 0.000000 1.000000</matrix>
              <node id="mixamorig_LeftToeBase" name="mixamorig_LeftToeBase" sid="mixamorig_LeftToeBase" type="JOINT">
                <matrix sid="matrix">0.999650 0.007229 -0.025458 -0.000000 -0.022451 0.740990 -0.671141 19.000000 0.014012 0.671478 0.740892 -0.000000 0.000000 0.000000 0.000000 1.000000</matrix>
                <node id="mixamorig_LeftToe_End" name="mixamorig_LeftToe_End" sid="mixamorig_LeftToe_End" type="JOINT">
                  <matrix sid="matrix">1.000000 0.000000 0.000000 0.000000 0.000000 1.000000 0.000000 13.618800 0.000000 0.000000 1.000000 0.000000 0.000000 0.000000 0.000000 1.000000</matrix>
                </node>
              </node>
            </node>
          </node>
        </node>
        <node id="mixamorig_RightUpLeg" name="mixamorig_RightUpLeg" sid="mixamorig_RightUpLeg" type="JOINT">
          <matrix sid="matrix">-0.736977 -0.315705 0.597659 -8.267000 0.377709 -0.925634 -0.023197 -4.795500 0.560536 0.208645 0.801415 -0.379100 0.000000 0.000000 0.000000 1.000000</matrix>
          <node id="mixamorig_RightLeg" name="mixamorig_RightLeg" sid="mixamorig_RightLeg" type="JOINT">
            <matrix sid="matrix">0.972474 0.006365 0.232925 0.000000 -0.173670 -0.646651 0.742752 33.831501 0.155349 -0.762759 -0.627746 0.000000 0.000000 0.000000 0.000000 1.000000</matrix>
            <node id="mixamorig_RightFoot" name="mixamorig_RightFoot" sid="mixamorig_RightFoot" type="JOINT">
              <matrix sid="matrix">0.978341 -0.053230 0.200040 0.000000 0.190386 -0.147954 -0.970496 33.271999 0.081257 0.987561 -0.134615 0.000000 0.000000 0.000000 0.000000 1.000000</matrix>
              <node id="mixamorig_RightToeBase" name="mixamorig_RightToeBase" sid="mixamorig_RightToeBase" type="JOINT">
                <matrix sid="matrix">0.869820 0.251037 0.424727 0.000000 0.391410 0.172955 -0.903817 19.000000 -0.300350 0.952401 0.052181 -0.000000 0.000000 0.000000 0.000000 1.000000</matrix>
                <node id="mixamorig_RightToe_End" name="mixamorig_RightToe_End" sid="mixamorig_RightToe_End" type="JOINT">
                  <matrix sid="matrix">1.000000 -0.000000 -0.000000 -0.000000 -0.000000 1.000000 -0.000000 13.619000 0.000000 -0.000000 1.000000 -0.000000 0.000000 0.000000 0.000000 1.000000</matrix>
                </node>
              </node>
            </node>
          </node>
        </node>
      </node>
    </visual_scene>
  </library_visual_scenes>
  <scene>
    <instance_visual_scene url="#RootNode"/>
  </scene>
</COLLADA>
